{
  "metodo": "multiplicativo",
  "X0": 136322,
  "k": 284,
  "g": 15,
  "iteraciones": 200,
  "numeros": [
    "0.81478",
    "0.20466",
    "0.99008",
    "0.34675",
    "0.52864",
    "0.68026",
    "0.89926",
    "0.54891",
    "0.82064",
    "0.54646",
    "0.26154",
    "0.51668",
    "0.44075",
    "0.55330",
    "0.82699",
    "0.00006",
    "0.13898",
    "0.45076",
    "0.34553",
    "0.74911",
    "0.66536",
    "0.98886",
    "0.56722",
    "0.51375",
    "0.76986",
    "0.91757",
    "0.24201",
    "0.04401",
    "0.20246",
    "0.98691",
    "0.11994",
    "0.08991",
    "0.71322",
    "0.94687",
    "0.95102",
    "0.40144",
    "0.05206",
    "0.54744",
    "0.48518",
    "0.72860",
    "0.96908",
    "0.53865",
    "0.47249",
    "0.82138",
    "0.21418",
    "0.67049",
    "0.66292",
    "0.42976",
    "0.53743",
    "0.69295",
    "0.80648",
    "0.30378",
    "0.68880",
    "0.35603",
    "0.65316",
    "0.19343",
    "0.41829",
    "0.40974",
    "0.95297",
    "0.84872",
    "0.47591",
    "0.60408",
    "0.45589",
    "0.01959",
    "0.61165",
    "0.68905",
    "0.91195",
    "0.45613",
    "0.57552",
    "0.41462",
    "0.07111",
    "0.90829",
    "0.11750",
    "0.53084",
    "0.68343",
    "0.12604",
    "0.98764",
    "0.78768",
    "0.49886",
    "0.85946",
    "0.93588",
    "0.93515",
    "0.26740",
    "0.85849",
    "0.71224",
    "0.72323",
    "0.73910",
    "0.87313",
    "0.06671",
    "0.90194",
    "0.66390",
    "0.65340",
    "0.74935",
    "0.22126",
    "0.79183",
    "0.94931",
    "0.51009",
    "0.43123",
    "0.87289",
    "0.51082",
    "0.09894",
    "0.28181",
    "0.65706",
    "0.08795",
    "0.26594",
    "0.52303",
    "0.89438",
    "0.43074",
    "0.76107",
    "0.90487",
    "0.33479",
    "0.28913",
    "0.33430",
    "0.17731",
    "0.72835",
    "0.41316",
    "0.73568",
    "0.09040",
    "0.82504",
    "0.55281",
    "0.71517",
    "0.39412",
    "0.37483",
    "0.45808",
    "0.02277",
    "0.83847",
    "0.12775",
    "0.87899",
    "0.40852",
    "0.17341",
    "0.83383",
    "0.56551",
    "0.62239",
    "0.14899",
    "0.24299",
    "0.26765",
    "0.41438",
    "0.51521",
    "0.10529",
    "0.73544",
    "0.53450",
    "0.02203",
    "0.17072",
    "0.71883",
    "0.73275",
    "0.41951",
    "0.18928",
    "0.96786",
    "0.75912",
    "0.45759",
    "0.91098",
    "0.23249",
    "0.36360",
    "0.88632",
    "0.08576",
    "0.26276",
    "0.29621",
    "0.45564",
    "0.46370",
    "0.80868",
    "0.30696",
    "0.91562",
    "0.79476",
    "0.62020",
    "0.14582",
    "0.01617",
    "0.82894",
    "0.44734",
    "0.56282",
    "0.50740",
    "0.31623",
    "0.04010",
    "0.30793",
    "0.13923",
    "0.00665",
    "0.14850",
    "0.13117",
    "0.66170",
    "0.65023",
    "0.52254",
    "0.78256",
    "0.82479",
    "0.99692",
    "0.91220",
    "0.01202",
    "0.37849",
    "0.79672",
    "0.06745",
    "0.56966",
    "0.07282",
    "0.79965",
    "0.73836",
    "0.20539",
    "0.65780",
    "0.75570",
    "0.67489",
    "0.66927",
    "0.88339",
    "0.41487",
    "0.62703"
  ]
}