{
  "metodo": "multiplicativo",
  "X0": 160066,
  "k": 297,
  "g": 13,
  "iteraciones": 200,
  "numeros": [
    "0.08912",
    "0.17409",
    "0.46612",
    "0.69955",
    "0.42119",
    "0.74057",
    "0.07936",
    "0.92223",
    "0.56574",
    "0.86949",
    "0.00513",
    "0.20730",
    "0.52277",
    "0.56086",
    "0.24344",
    "0.55500",
    "0.29227",
    "0.81480",
    "0.79429",
    "0.96521",
    "0.87437",
    "0.63118",
    "0.65755",
    "0.43780",
    "0.26883",
    "0.01001",
    "0.83335",
    "0.97302",
    "0.47589",
    "0.95153",
    "0.32157",
    "0.57063",
    "0.49542",
    "0.45538",
    "0.12233",
    "0.23074",
    "0.32743",
    "0.52179",
    "0.23562",
    "0.95349",
    "0.97204",
    "0.15065",
    "0.66146",
    "0.73862",
    "0.42901",
    "0.34208",
    "0.39971",
    "0.58625",
    "0.69857",
    "0.09596",
    "0.45049",
    "0.49640",
    "0.78061",
    "0.41240",
    "0.81382",
    "0.46905",
    "0.67513",
    "0.29130",
    "0.48956",
    "0.50421",
    "0.38213",
    "0.73276",
    "0.47784",
    "0.60188",
    "0.90172",
    "0.73666",
    "0.77866",
    "0.76206",
    "0.23367",
    "0.30302",
    "0.39189",
    "0.98474",
    "0.37822",
    "0.43194",
    "0.31767",
    "0.26981",
    "0.33525",
    "0.12331",
    "0.55598",
    "0.61751",
    "0.10475",
    "0.37724",
    "0.10670",
    "0.02759",
    "0.68685",
    "0.19363",
    "0.97009",
    "0.50031",
    "0.08131",
    "0.57258",
    "0.14577",
    "0.03540",
    "0.28837",
    "0.51398",
    "0.63411",
    "0.63313",
    "0.30790",
    "0.01782",
    "0.43487",
    "0.29325",
    "0.13991",
    "0.08424",
    "0.54816",
    "0.01587",
    "0.78452",
    "0.71322",
    "0.97400",
    "0.80112",
    "0.24148",
    "0.90465",
    "0.71225",
    "0.64876",
    "0.51105",
    "0.65853",
    "0.76303",
    "0.55891",
    "0.59309",
    "0.97497",
    "0.12624",
    "0.53156",
    "0.48761",
    "0.85386",
    "0.80210",
    "0.56672",
    "0.19460",
    "0.29520",
    "0.79038",
    "0.66439",
    "0.71420",
    "0.29911",
    "0.09108",
    "0.82456",
    "0.04615",
    "0.86558",
    "0.70443",
    "0.04712",
    "0.19070",
    "0.99451",
    "0.63020",
    "0.33232",
    "0.14772",
    "0.68587",
    "0.86851",
    "0.68001",
    "0.91735",
    "0.93981",
    "0.41924",
    "0.09010",
    "0.49933",
    "0.75620",
    "0.28251",
    "0.56281",
    "0.89391",
    "0.13503",
    "0.45831",
    "0.09791",
    "0.10084",
    "0.07643",
    "0.94665",
    "0.69564",
    "0.12038",
    "0.58039",
    "0.74741",
    "0.35576",
    "0.95251",
    "0.64681",
    "0.86070",
    "0.07838",
    "0.59700",
    "0.27567",
    "0.28641",
    "0.86363",
    "0.05396",
    "0.46710",
    "0.02466",
    "0.71127",
    "0.32353",
    "0.22097",
    "0.07545",
    "0.62141",
    "0.40557",
    "0.53742",
    "0.43877",
    "0.59407",
    "0.30009",
    "0.41631",
    "0.11452",
    "0.62923",
    "0.00708",
    "0.85777",
    "0.10280",
    "0.72690",
    "0.52668",
    "0.86168",
    "0.40361",
    "0.88707",
    "0.85875",
    "0.42803",
    "0.01685",
    "0.10963"
  ]
}