{
  "metodo": "multiplicativo",
  "X0": 17201,
  "k": 286,
  "g": 9,
  "iteraciones": 200,
  "numeros": [
    "0.94912",
    "0.08023",
    "0.62035",
    "0.69080",
    "0.91781",
    "0.42466",
    "0.83953",
    "0.28376",
    "0.38552",
    "0.26810",
    "0.55773",
    "0.37769",
    "0.35421",
    "0.61252",
    "0.77691",
    "0.97260",
    "0.82387",
    "0.45597",
    "0.49511",
    "0.06458",
    "0.79256",
    "0.80039",
    "0.71429",
    "0.65949",
    "0.26027",
    "0.64384",
    "0.43249",
    "0.75342",
    "0.22896",
    "0.98826",
    "0.65166",
    "0.34638",
    "0.69863",
    "0.83170",
    "0.36986",
    "0.44031",
    "0.66732",
    "0.17417",
    "0.58904",
    "0.03327",
    "0.13503",
    "0.01761",
    "0.30724",
    "0.12720",
    "0.10372",
    "0.36204",
    "0.52642",
    "0.72211",
    "0.57339",
    "0.20548",
    "0.24462",
    "0.81605",
    "0.54207",
    "0.54990",
    "0.46380",
    "0.40900",
    "0.00978",
    "0.39335",
    "0.18200",
    "0.50294",
    "0.98043",
    "0.73777",
    "0.40117",
    "0.09589",
    "0.44814",
    "0.58121",
    "0.11937",
    "0.18982",
    "0.41683",
    "0.92564",
    "0.33855",
    "0.78474",
    "0.88650",
    "0.76908",
    "0.05675",
    "0.87867",
    "0.85519",
    "0.11155",
    "0.27593",
    "0.47162",
    "0.32290",
    "0.95695",
    "0.99609",
    "0.56556",
    "0.29159",
    "0.29941",
    "0.21331",
    "0.15851",
    "0.76125",
    "0.14286",
    "0.93346",
    "0.25245",
    "0.72994",
    "0.48728",
    "0.15068",
    "0.84736",
    "0.19765",
    "0.33072",
    "0.87084",
    "0.94129",
    "0.16634",
    "0.67515",
    "0.08806",
    "0.53425",
    "0.63601",
    "0.51859",
    "0.80822",
    "0.62818",
    "0.60470",
    "0.86301",
    "0.02544",
    "0.22114",
    "0.07241",
    "0.70646",
    "0.74560",
    "0.31507",
    "0.04110",
    "0.04892",
    "0.96477",
    "0.90998",
    "0.51076",
    "0.89432",
    "0.68297",
    "0.00196",
    "0.47945",
    "0.23679",
    "0.90215",
    "0.59687",
    "0.94912",
    "0.08023",
    "0.62035",
    "0.69080",
    "0.91781",
    "0.42466",
    "0.83953",
    "0.28376",
    "0.38552",
    "0.26810",
    "0.55773",
    "0.37769",
    "0.35421",
    "0.61252",
    "0.77691",
    "0.97260",
    "0.82387",
    "0.45597",
    "0.49511",
    "0.06458",
    "0.79256",
    "0.80039",
    "0.71429",
    "0.65949",
    "0.26027",
    "0.64384",
    "0.43249",
    "0.75342",
    "0.22896",
    "0.98826",
    "0.65166",
    "0.34638",
    "0.69863",
    "0.83170",
    "0.36986",
    "0.44031",
    "0.66732",
    "0.17417",
    "0.58904",
    "0.03327",
    "0.13503",
    "0.01761",
    "0.30724",
    "0.12720",
    "0.10372",
    "0.36204",
    "0.52642",
    "0.72211",
    "0.57339",
    "0.20548",
    "0.24462",
    "0.81605",
    "0.54207",
    "0.54990",
    "0.46380",
    "0.40900",
    "0.00978",
    "0.39335",
    "0.18200",
    "0.50294",
    "0.98043",
    "0.73777",
    "0.40117",
    "0.09589",
    "0.44814",
    "0.58121",
    "0.11937",
    "0.18982",
    "0.41683",
    "0.92564",
    "0.33855",
    "0.78474"
  ]
}