{
  "metodo": "multiplicativo",
  "X0": 51635,
  "k": 42,
  "g": 14,
  "iteraciones": 200,
  "numeros": [
    "0.67869",
    "0.41964",
    "0.08930",
    "0.44943",
    "0.24605",
    "0.89721",
    "0.93017",
    "0.16914",
    "0.67283",
    "0.42160",
    "0.75536",
    "0.56076",
    "0.20894",
    "0.24287",
    "0.81493",
    "0.87426",
    "0.10444",
    "0.61106",
    "0.35885",
    "0.35958",
    "0.60935",
    "0.77611",
    "0.63718",
    "0.26680",
    "0.97363",
    "0.98804",
    "0.89990",
    "0.84594",
    "0.44723",
    "0.49680",
    "0.39694",
    "0.34688",
    "0.28023",
    "0.55246",
    "0.37838",
    "0.01972",
    "0.72264",
    "0.40499",
    "0.09418",
    "0.11445",
    "0.02435",
    "0.30440",
    "0.79442",
    "0.88110",
    "0.43551",
    "0.50070",
    "0.72899",
    "0.56955",
    "0.20601",
    "0.24385",
    "0.14790",
    "0.42990",
    "0.58591",
    "0.78392",
    "0.30123",
    "0.71214",
    "0.82518",
    "0.37081",
    "0.43893",
    "0.66624",
    "0.17378",
    "0.25459",
    "0.81102",
    "0.54221",
    "0.88183",
    "0.68528",
    "0.66746",
    "0.59006",
    "0.19917",
    "0.91284",
    "0.25826",
    "0.05976",
    "0.37594",
    "0.18721",
    "0.83349",
    "0.20137",
    "0.66209",
    "0.75853",
    "0.64304",
    "0.26485",
    "0.30757",
    "0.87670",
    "0.93701",
    "0.50021",
    "0.56247",
    "0.79174",
    "0.96533",
    "0.15742",
    "0.67674",
    "0.75365",
    "0.97803",
    "0.48654",
    "0.90038",
    "0.01239",
    "0.22505",
    "0.73753",
    "0.48337",
    "0.81810",
    "0.95654",
    "0.16035",
    "0.67576",
    "0.42062",
    "0.42233",
    "0.00507",
    "0.72752",
    "0.07001",
    "0.87255",
    "0.52170",
    "0.88867",
    "0.01630",
    "0.55710",
    "0.96020",
    "0.40914",
    "0.50949",
    "0.72606",
    "0.57053",
    "0.53903",
    "0.79955",
    "0.62937",
    "0.60276",
    "0.52829",
    "0.13642",
    "0.51706",
    "0.30684",
    "0.62693",
    "0.77025",
    "0.63914",
    "0.93286",
    "0.08491",
    "0.95092",
    "0.24556",
    "0.73070",
    "0.15229",
    "0.92846",
    "0.58640",
    "0.95044",
    "0.07905",
    "0.95288",
    "0.91162",
    "0.84203",
    "0.11518",
    "0.27413",
    "0.47116",
    "0.65550",
    "0.51071",
    "0.14228",
    "0.51511",
    "0.64085",
    "0.51560",
    "0.80736",
    "0.29341",
    "0.04804",
    "0.37984",
    "0.51926",
    "0.05609",
    "0.12714",
    "0.35348",
    "0.52805",
    "0.05316",
    "0.12812",
    "0.68650",
    "0.08368",
    "0.53464",
    "0.30098",
    "0.62888",
    "0.43624",
    "0.75047",
    "0.89575",
    "0.43063",
    "0.83568",
    "0.95068",
    "0.16230",
    "0.34176",
    "0.53195",
    "0.38522",
    "0.35079",
    "0.61228",
    "0.77513",
    "0.30416",
    "0.71116",
    "0.49216",
    "0.81517",
    "0.95752",
    "0.49338",
    "0.23140",
    "0.90209",
    "0.59519",
    "0.94751",
    "0.08002",
    "0.28585",
    "0.46725",
    "0.32345",
    "0.28804",
    "0.21650",
    "0.82372",
    "0.87133",
    "0.10541",
    "0.94409",
    "0.91455",
    "0.84105"
  ]
}