{
  "metodo": "multiplicativo",
  "X0": 25064,
  "k": 219,
  "g": 12,
  "iteraciones": 200,
  "numeros": [
    "0.33016",
    "0.94750",
    "0.34579",
    "0.40049",
    "0.48645",
    "0.47863",
    "0.75214",
    "0.18168",
    "0.14261",
    "0.50989",
    "0.65836",
    "0.46300",
    "0.29890",
    "0.04103",
    "0.06447",
    "0.24420",
    "0.95531",
    "0.07228",
    "0.97094",
    "0.52552",
    "0.11136",
    "0.60366",
    "0.37705",
    "0.30672",
    "0.76777",
    "0.63492",
    "0.28327",
    "0.58803",
    "0.92405",
    "0.16606",
    "0.68962",
    "0.36923",
    "0.58022",
    "0.19731",
    "0.59585",
    "0.65055",
    "0.73651",
    "0.72869",
    "0.00195",
    "0.43175",
    "0.39267",
    "0.75995",
    "0.90842",
    "0.71306",
    "0.54896",
    "0.29109",
    "0.31453",
    "0.49426",
    "0.20513",
    "0.32234",
    "0.22076",
    "0.77558",
    "0.36142",
    "0.85372",
    "0.62711",
    "0.55678",
    "0.01758",
    "0.88498",
    "0.53333",
    "0.83810",
    "0.17387",
    "0.41612",
    "0.93968",
    "0.61929",
    "0.83028",
    "0.44737",
    "0.84591",
    "0.90061",
    "0.98657",
    "0.97875",
    "0.25201",
    "0.68181",
    "0.64274",
    "0.00977",
    "0.15824",
    "0.96313",
    "0.79902",
    "0.54115",
    "0.56459",
    "0.74432",
    "0.45519",
    "0.57241",
    "0.47082",
    "0.02540",
    "0.61148",
    "0.10354",
    "0.87717",
    "0.80684",
    "0.26764",
    "0.13480",
    "0.78339",
    "0.08791",
    "0.42393",
    "0.66618",
    "0.18950",
    "0.86935",
    "0.08010",
    "0.69744",
    "0.09573",
    "0.15043",
    "0.23639",
    "0.22857",
    "0.50208",
    "0.93187",
    "0.89280",
    "0.25983",
    "0.40830",
    "0.21294",
    "0.04884",
    "0.79121",
    "0.81465",
    "0.99438",
    "0.70525",
    "0.82247",
    "0.72088",
    "0.27546",
    "0.86154",
    "0.35360",
    "0.12698",
    "0.05665",
    "0.51770",
    "0.38486",
    "0.03321",
    "0.33797",
    "0.67399",
    "0.91624",
    "0.43956",
    "0.11917",
    "0.33016",
    "0.94750",
    "0.34579",
    "0.40049",
    "0.48645",
    "0.47863",
    "0.75214",
    "0.18168",
    "0.14261",
    "0.50989",
    "0.65836",
    "0.46300",
    "0.29890",
    "0.04103",
    "0.06447",
    "0.24420",
    "0.95531",
    "0.07228",
    "0.97094",
    "0.52552",
    "0.11136",
    "0.60366",
    "0.37705",
    "0.30672",
    "0.76777",
    "0.63492",
    "0.28327",
    "0.58803",
    "0.92405",
    "0.16606",
    "0.68962",
    "0.36923",
    "0.58022",
    "0.19731",
    "0.59585",
    "0.65055",
    "0.73651",
    "0.72869",
    "0.00195",
    "0.43175",
    "0.39267",
    "0.75995",
    "0.90842",
    "0.71306",
    "0.54896",
    "0.29109",
    "0.31453",
    "0.49426",
    "0.20513",
    "0.32234",
    "0.22076",
    "0.77558",
    "0.36142",
    "0.85372",
    "0.62711",
    "0.55678",
    "0.01758",
    "0.88498",
    "0.53333",
    "0.83810",
    "0.17387",
    "0.41612",
    "0.93968",
    "0.61929",
    "0.83028",
    "0.44737",
    "0.84591",
    "0.90061",
    "0.98657",
    "0.97875",
    "0.25201",
    "0.68181"
  ]
}