{
  "metodo": "multiplicativo",
  "X0": 71626,
  "k": 83,
  "g": 12,
  "iteraciones": 200,
  "numeros": [
    "0.68034",
    "0.03761",
    "0.15287",
    "0.24469",
    "0.65690",
    "0.35800",
    "0.44200",
    "0.62759",
    "0.75849",
    "0.30330",
    "0.85617",
    "0.63541",
    "0.98510",
    "0.87375",
    "0.39512",
    "0.26813",
    "0.33651",
    "0.06886",
    "0.05910",
    "0.52601",
    "0.81319",
    "0.88938",
    "0.84835",
    "0.40879",
    "0.41465",
    "0.33455",
    "0.76239",
    "0.91673",
    "0.14115",
    "0.40488",
    "0.80147",
    "0.04933",
    "0.99292",
    "0.10012",
    "0.96557",
    "0.80733",
    "0.96947",
    "0.42051",
    "0.25446",
    "0.18999",
    "0.07082",
    "0.36581",
    "0.66862",
    "0.19780",
    "0.29744",
    "0.93626",
    "0.20757",
    "0.83077",
    "0.64908",
    "0.13138",
    "0.87179",
    "0.08840",
    "0.12552",
    "0.95189",
    "0.66081",
    "0.97143",
    "0.72723",
    "0.39707",
    "0.57485",
    "0.47912",
    "0.45372",
    "0.46740",
    "0.61392",
    "0.61197",
    "0.30525",
    "0.16264",
    "0.77802",
    "0.36972",
    "0.28181",
    "0.48303",
    "0.06691",
    "0.75263",
    "0.38339",
    "0.42833",
    "0.48107",
    "0.76044",
    "0.61001",
    "0.99878",
    "0.02002",
    "0.39316",
    "0.96166",
    "0.19389",
    "0.68425",
    "0.65104",
    "0.43810",
    "0.01416",
    "0.47326",
    "0.53382",
    "0.03956",
    "0.45958",
    "0.38730",
    "0.04151",
    "0.76630",
    "0.52991",
    "0.42637",
    "0.17436",
    "0.61783",
    "0.22515",
    "0.59048",
    "0.93236",
    "0.59438",
    "0.54554",
    "0.87961",
    "0.31502",
    "0.69597",
    "0.49084",
    "0.29353",
    "0.32283",
    "0.92259",
    "0.06105",
    "0.83272",
    "0.95580",
    "0.27399",
    "0.25641",
    "0.49670",
    "0.21343",
    "0.75067",
    "0.07668",
    "0.28571",
    "0.09621",
    "0.35214",
    "0.52210",
    "0.19976",
    "0.60415",
    "0.07863",
    "0.59243",
    "0.23883",
    "0.73700",
    "0.93040",
    "0.28767",
    "0.40293",
    "0.49475",
    "0.90696",
    "0.60806",
    "0.69206",
    "0.87766",
    "0.00830",
    "0.55336",
    "0.10598",
    "0.88547",
    "0.23492",
    "0.12357",
    "0.64518",
    "0.51819",
    "0.58657",
    "0.31893",
    "0.30916",
    "0.77607",
    "0.06300",
    "0.13919",
    "0.09817",
    "0.65885",
    "0.66471",
    "0.58462",
    "0.01221",
    "0.16654",
    "0.39121",
    "0.65495",
    "0.05128",
    "0.29939",
    "0.24274",
    "0.35018",
    "0.21538",
    "0.05714",
    "0.21929",
    "0.67057",
    "0.50452",
    "0.44005",
    "0.32088",
    "0.61587",
    "0.91868",
    "0.44786",
    "0.54750",
    "0.18608",
    "0.45763",
    "0.08059",
    "0.89915",
    "0.38144",
    "0.12161",
    "0.33846",
    "0.37558",
    "0.20171",
    "0.91087",
    "0.22125",
    "0.97729",
    "0.64713",
    "0.82491",
    "0.72918",
    "0.70379",
    "0.71746",
    "0.86398",
    "0.86203",
    "0.55531",
    "0.41270",
    "0.02784",
    "0.61978",
    "0.53187",
    "0.73309",
    "0.31697",
    "0.00244"
  ]
}