{
  "metodo": "multiplicativo",
  "X0": 17694,
  "k": 69,
  "g": 14,
  "iteraciones": 200,
  "numeros": [
    "0.53556",
    "0.28603",
    "0.30800",
    "0.54679",
    "0.54141",
    "0.54972",
    "0.17323",
    "0.48233",
    "0.64103",
    "0.03211",
    "0.88226",
    "0.38662",
    "0.33437",
    "0.23329",
    "0.93499",
    "0.75969",
    "0.12147",
    "0.65324",
    "0.83147",
    "0.10145",
    "0.50235",
    "0.79192",
    "0.07166",
    "0.91204",
    "0.97699",
    "0.14930",
    "0.15565",
    "0.69133",
    "0.04529",
    "0.22548",
    "0.58341",
    "0.93939",
    "0.20741",
    "0.52042",
    "0.85491",
    "0.15614",
    "0.96332",
    "0.53409",
    "0.47012",
    "0.84173",
    "0.81292",
    "0.76653",
    "0.92913",
    "0.49600",
    "0.25624",
    "0.71770",
    "0.73186",
    "0.61906",
    "0.79338",
    "0.88763",
    "0.37832",
    "0.71086",
    "0.92425",
    "0.77629",
    "0.36855",
    "0.27138",
    "0.14881",
    "0.88372",
    "0.20253",
    "0.80071",
    "0.96722",
    "0.70988",
    "0.38027",
    "0.79875",
    "0.87933",
    "0.75481",
    "0.40176",
    "0.76555",
    "0.38516",
    "0.51846",
    "0.76701",
    "0.20106",
    "0.98480",
    "0.50089",
    "0.97601",
    "0.60538",
    "0.17811",
    "0.20204",
    "0.52872",
    "0.47842",
    "0.46524",
    "0.12196",
    "0.92523",
    "0.32021",
    "0.34609",
    "0.76067",
    "0.66545",
    "0.63078",
    "0.32070",
    "0.61808",
    "0.24940",
    "0.91009",
    "0.88909",
    "0.19423",
    "0.17713",
    "0.65812",
    "0.55118",
    "0.98920",
    "0.94867",
    "0.37490",
    "0.80706",
    "0.50284",
    "0.06385",
    "0.56046",
    "0.15663",
    "0.23524",
    "0.02283",
    "0.71477",
    "0.09998",
    "0.68644",
    "0.32558",
    "0.33779",
    "0.13709",
    "0.35634",
    "0.47207",
    "0.92962",
    "0.76799",
    "0.74504",
    "0.96234",
    "0.99017",
    "0.49258",
    "0.35244",
    "0.29628",
    "0.01941",
    "0.81096",
    "0.67863",
    "0.97406",
    "0.51749",
    "0.22304",
    "0.22352",
    "0.49551",
    "0.98431",
    "0.22890",
    "0.48721",
    "0.36074",
    "0.91986",
    "0.32851",
    "0.96966",
    "0.06971",
    "0.82415",
    "0.02185",
    "0.17079",
    "0.12244",
    "0.19716",
    "0.80901",
    "0.59073",
    "0.01892",
    "0.53897",
    "0.18983",
    "0.72941",
    "0.25917",
    "0.34951",
    "0.66447",
    "0.08680",
    "0.34316",
    "0.12879",
    "0.73283",
    "0.16297",
    "0.77092",
    "0.37685",
    "0.89495",
    "0.45791",
    "0.04236",
    "0.59366",
    "0.65080",
    "0.47159",
    "0.65763",
    "0.27919",
    "0.50040",
    "0.70402",
    "0.11658",
    "0.93353",
    "0.94378",
    "0.65519",
    "0.91937",
    "0.05652",
    "0.48086",
    "0.82512",
    "0.56583",
    "0.14832",
    "0.61173",
    "0.71379",
    "0.55606",
    "0.70891",
    "0.83635",
    "0.82122",
    "0.39004",
    "0.23817",
    "0.65470",
    "0.64738",
    "0.56778",
    "0.23622",
    "0.56681",
    "0.69230",
    "0.58927",
    "0.20302",
    "0.07264",
    "0.45596",
    "0.95453",
    "0.63859"
  ]
}