{
  "metodo": "multiplicativo",
  "X0": 153846,
  "k": 29,
  "g": 15,
  "iteraciones": 200,
  "numeros": [
    "0.71676",
    "0.86642",
    "0.33540",
    "0.48701",
    "0.41890",
    "0.27558",
    "0.31098",
    "0.70089",
    "0.10541",
    "0.98166",
    "0.64595",
    "0.08661",
    "0.52632",
    "0.73458",
    "0.09027",
    "0.39424",
    "0.43159",
    "0.28437",
    "0.39399",
    "0.37373",
    "0.57125",
    "0.38105",
    "0.30708",
    "0.77511",
    "0.69527",
    "0.77462",
    "0.57955",
    "0.34834",
    "0.55367",
    "0.21503",
    "0.96139",
    "0.84347",
    "0.89645",
    "0.45235",
    "0.20258",
    "0.01044",
    "0.47359",
    "0.23652",
    "0.05316",
    "0.59932",
    "0.03510",
    "0.31758",
    "0.26313",
    "0.36006",
    "0.33100",
    "0.44551",
    "0.58248",
    "0.04266",
    "0.11127",
    "0.37031",
    "0.76119",
    "0.39717",
    "0.12592",
    "0.84201",
    "0.54927",
    "0.17353",
    "0.12494",
    "0.61055",
    "0.69674",
    "0.12177",
    "0.85836",
    "0.42598",
    "0.95358",
    "0.99191",
    "0.07611",
    "0.03827",
    "0.06977",
    "0.53389",
    "0.52828",
    "0.19745",
    "0.79537",
    "0.49776",
    "0.96481",
    "0.65352",
    "0.88034",
    "0.63350",
    "0.13569",
    "0.15644",
    "0.07465",
    "0.69112",
    "0.79098",
    "0.45625",
    "0.12836",
    "0.42061",
    "0.68062",
    "0.30293",
    "0.79147",
    "0.57198",
    "0.55464",
    "0.44649",
    "0.81393",
    "0.89523",
    "0.16303",
    "0.63692",
    "0.94577",
    "0.14032",
    "0.25581",
    "0.62423",
    "0.93698",
    "0.05731",
    "0.58296",
    "0.15839",
    "0.53755",
    "0.39619",
    "0.89450",
    "0.98947",
    "0.49751",
    "0.90695",
    "0.94040",
    "0.86740",
    "0.56685",
    "0.33955",
    "0.47066",
    "0.54219",
    "0.49556",
    "0.44404",
    "0.23530",
    "0.76388",
    "0.03363",
    "0.97043",
    "0.98434",
    "0.28242",
    "0.93112",
    "0.66866",
    "0.46773",
    "0.84787",
    "0.93796",
    "0.28877",
    "0.43550",
    "0.21015",
    "0.80416",
    "0.58077",
    "0.63765",
    "0.11933",
    "0.27973",
    "0.29463",
    "0.82418",
    "0.32539",
    "0.11469",
    "0.18036",
    "0.74508",
    "0.57833",
    "0.05902",
    "0.98801",
    "0.15033",
    "0.62813",
    "0.86276",
    "0.46748",
    "0.79000",
    "0.22480",
    "0.27583",
    "0.36885",
    "0.41401",
    "0.11835",
    "0.04828",
    "0.44209",
    "0.77242",
    "0.05878",
    "0.93014",
    "0.43721",
    "0.61519",
    "0.79611",
    "0.67135",
    "0.10419",
    "0.69234",
    "0.08026",
    "0.02191",
    "0.19306",
    "0.75387",
    "0.66134",
    "0.73189",
    "0.45381",
    "0.54976",
    "0.28925",
    "0.55123",
    "0.63643",
    "0.83004",
    "0.71407",
    "0.22993",
    "0.49092",
    "0.34468",
    "0.68575",
    "0.51802",
    "0.76730",
    "0.84371",
    "0.95431",
    "0.16547",
    "0.21552",
    "0.07709",
    "0.26972",
    "0.92233",
    "0.58565",
    "0.79489",
    "0.38203",
    "0.53853",
    "0.62764",
    "0.74703",
    "0.04120",
    "0.76412",
    "0.09149"
  ]
}