{
  "metodo": "multiplicativo",
  "X0": 127134,
  "k": 205,
  "g": 14,
  "iteraciones": 200,
  "numeros": [
    "0.61368",
    "0.45010",
    "0.37051",
    "0.44522",
    "0.33828",
    "0.43252",
    "0.45450",
    "0.59952",
    "0.15663",
    "0.63371",
    "0.38223",
    "0.72258",
    "0.56876",
    "0.55362",
    "0.65373",
    "0.31435",
    "0.07459",
    "0.69230",
    "0.76897",
    "0.87493",
    "0.17420",
    "0.54972",
    "0.22792",
    "0.90423",
    "0.36758",
    "0.62589",
    "0.53067",
    "0.90228",
    "0.15467",
    "0.42080",
    "0.17713",
    "0.36904",
    "0.03552",
    "0.43447",
    "0.66740",
    "0.80461",
    "0.51016",
    "0.16688",
    "0.50137",
    "0.70891",
    "0.07850",
    "0.11805",
    "0.17909",
    "0.58194",
    "0.24062",
    "0.78801",
    "0.20057",
    "0.92376",
    "0.49649",
    "0.67668",
    "0.06580",
    "0.23427",
    "0.34609",
    "0.28407",
    "0.27480",
    "0.01355",
    "0.28945",
    "0.11024",
    "0.32753",
    "0.76164",
    "0.82659",
    "0.65519",
    "0.72404",
    "0.97845",
    "0.45743",
    "0.41885",
    "0.96429",
    "0.16395",
    "0.68205",
    "0.90130",
    "0.54825",
    "0.81829",
    "0.00037",
    "0.60245",
    "0.97601",
    "0.44131",
    "0.91253",
    "0.02234",
    "0.74748",
    "0.53311",
    "0.91839",
    "0.66105",
    "0.36269",
    "0.59366",
    "0.51798",
    "0.01843",
    "0.32167",
    "0.12293",
    "0.21132",
    "0.59464",
    "0.12440",
    "0.62101",
    "0.49844",
    "0.88958",
    "0.27089",
    "0.58780",
    "0.87933",
    "0.40322",
    "0.26112",
    "0.52335",
    "0.85393",
    "0.63566",
    "0.59513",
    "0.92767",
    "0.92230",
    "0.08680",
    "0.77287",
    "0.30068",
    "0.58439",
    "0.25673",
    "0.29433",
    "0.14246",
    "0.34023",
    "0.64543",
    "0.65959",
    "0.95306",
    "0.68986",
    "0.75285",
    "0.36855",
    "0.23231",
    "0.13319",
    "0.07898",
    "0.92132",
    "0.48038",
    "0.17030",
    "0.12391",
    "0.81780",
    "0.19716",
    "0.30117",
    "0.38760",
    "0.55802",
    "0.88274",
    "0.02576",
    "0.37002",
    "0.64201",
    "0.03699",
    "0.84417",
    "0.57120",
    "0.56974",
    "0.16004",
    "0.25624",
    "0.49112",
    "0.84124",
    "0.75188",
    "0.76213",
    "0.62980",
    "0.95648",
    "0.31240",
    "0.86175",
    "0.48721",
    "0.41543",
    "0.34170",
    "0.05506",
    "0.56339",
    "0.71818",
    "0.33974",
    "0.84221",
    "0.35830",
    "0.36465",
    "0.80657",
    "0.72307",
    "0.37197",
    "0.85491",
    "0.24208",
    "0.19764",
    "0.10438",
    "0.68888",
    "0.14637",
    "0.76604",
    "0.05555",
    "0.36660",
    "0.01941",
    "0.92816",
    "0.72551",
    "0.38809",
    "0.36123",
    "0.18397",
    "0.61417",
    "0.25331",
    "0.67179",
    "0.03357",
    "0.22157",
    "0.46231",
    "0.45108",
    "0.97699",
    "0.04773",
    "0.51505",
    "0.19911",
    "0.51407",
    "0.59269",
    "0.91155",
    "0.41592",
    "0.14491",
    "0.35634",
    "0.15174",
    "0.60148",
    "0.36953",
    "0.83880",
    "0.73576",
    "0.25575"
  ]
}