{
  "metodo": "multiplicativo",
  "X0": 10749,
  "k": 133,
  "g": 16,
  "iteraciones": 200,
  "numeros": [
    "0.33388",
    "0.91513",
    "0.25832",
    "0.13985",
    "0.49624",
    "0.47103",
    "0.52419",
    "0.35396",
    "0.38125",
    "0.54647",
    "0.16896",
    "0.61886",
    "0.55142",
    "0.45394",
    "0.25515",
    "0.74704",
    "0.56924",
    "0.50594",
    "0.84524",
    "0.55099",
    "0.99722",
    "0.01497",
    "0.00172",
    "0.84323",
    "0.39785",
    "0.29354",
    "0.78714",
    "0.43624",
    "0.33364",
    "0.65414",
    "0.26394",
    "0.14253",
    "0.36709",
    "0.40926",
    "0.49465",
    "0.77462",
    "0.06069",
    "0.87143",
    "0.54177",
    "0.14498",
    "0.97696",
    "0.35311",
    "0.46780",
    "0.06612",
    "0.67837",
    "0.16683",
    "0.33523",
    "0.35055",
    "0.72744",
    "0.62509",
    "0.20656",
    "0.81076",
    "0.68667",
    "0.04036",
    "0.14430",
    "0.25924",
    "0.11855",
    "0.72519",
    "0.21096",
    "0.50851",
    "0.58560",
    "0.99203",
    "0.46902",
    "0.37105",
    "0.65029",
    "0.15340",
    "0.98099",
    "0.65939",
    "0.87515",
    "0.52181",
    "0.80935",
    "0.18599",
    "0.82266",
    "0.40975",
    "0.01662",
    "0.76339",
    "0.05531",
    "0.12972",
    "0.66531",
    "0.20406",
    "0.13564",
    "0.99423",
    "0.81790",
    "0.32052",
    "0.62612",
    "0.31575",
    "0.53689",
    "0.92526",
    "0.08925",
    "0.40682",
    "0.88479",
    "0.83078",
    "0.08754",
    "0.57992",
    "0.92410",
    "0.84958",
    "0.18349",
    "0.14754",
    "0.71731",
    "0.79416",
    "0.93960",
    "0.42220",
    "0.32692",
    "0.47701",
    "0.91836",
    "0.71640",
    "0.81546",
    "0.71066",
    "0.68228",
    "0.34261",
    "0.24538",
    "0.30758",
    "0.79385",
    "0.61337",
    "0.67922",
    "0.08028",
    "0.81558",
    "0.84115",
    "0.17946",
    "0.84128",
    "0.30996",
    "0.33846",
    "0.80862",
    "0.40304",
    "0.83951",
    "0.41781",
    "0.62918",
    "0.57809",
    "0.96670",
    "0.39168",
    "0.70364",
    "0.17891",
    "0.25405",
    "0.57259",
    "0.09450",
    "0.01802",
    "0.26406",
    "0.27303",
    "0.86429",
    "0.90793",
    "0.55923",
    "0.80551",
    "0.07546",
    "0.66110",
    "0.70205",
    "0.48251",
    "0.79055",
    "0.09004",
    "0.25502",
    "0.61654",
    "0.07204",
    "0.00728",
    "0.78067",
    "0.52010",
    "0.98245",
    "0.22530",
    "0.84146",
    "0.50570",
    "0.58425",
    "0.55660",
    "0.99991",
    "0.88583",
    "0.93997",
    "0.81369",
    "0.81851",
    "0.97299",
    "0.11208",
    "0.80905",
    "0.85977",
    "0.07967",
    "0.16310",
    "0.35518",
    "0.68618",
    "0.51839",
    "0.15554",
    "0.26461",
    "0.86026",
    "0.60165",
    "0.15187",
    "0.34981",
    "0.94449",
    "0.64193",
    "0.21462",
    "0.42330",
    "0.50137",
    "0.95175",
    "0.40627",
    "0.29757",
    "0.09340",
    "0.84360",
    "0.78933",
    "0.78512",
    "0.28310",
    "0.62997",
    "0.42629",
    "0.69845",
    "0.63296",
    "0.62338",
    "0.37966",
    "0.85006"
  ]
}