{
  "metodo": "multiplicativo",
  "X0": 156418,
  "k": 219,
  "g": 14,
  "iteraciones": 200,
  "numeros": [
    "0.07386",
    "0.75896",
    "0.40689",
    "0.85369",
    "0.84148",
    "0.39370",
    "0.69011",
    "0.44156",
    "0.76531",
    "0.55973",
    "0.37954",
    "0.81072",
    "0.34536",
    "0.75700",
    "0.97528",
    "0.46109",
    "0.08167",
    "0.48550",
    "0.97723",
    "0.89275",
    "0.47427",
    "0.24525",
    "0.88543",
    "0.60563",
    "0.02307",
    "0.53629",
    "0.19984",
    "0.09974",
    "0.22816",
    "0.85857",
    "0.42056",
    "0.87518",
    "0.58951",
    "0.71208",
    "0.04749",
    "0.43179",
    "0.60709",
    "0.59684",
    "0.58072",
    "0.26967",
    "0.78093",
    "0.01282",
    "0.52017",
    "0.88885",
    "0.61100",
    "0.46011",
    "0.36587",
    "0.78923",
    "0.59733",
    "0.43863",
    "0.61784",
    "0.47085",
    "0.23988",
    "0.44839",
    "0.77605",
    "0.43374",
    "0.03870",
    "0.98944",
    "0.34047",
    "0.17787",
    "0.49380",
    "0.56168",
    "0.81121",
    "0.20326",
    "0.10511",
    "0.66520",
    "0.68815",
    "0.00989",
    "0.37270",
    "0.79998",
    "0.47134",
    "0.09778",
    "0.79656",
    "0.46597",
    "0.66081",
    "0.96698",
    "0.87664",
    "0.16322",
    "0.75652",
    "0.11732",
    "0.11292",
    "0.39175",
    "0.25844",
    "0.04895",
    "0.00549",
    "0.65153",
    "0.66667",
    "0.26186",
    "0.05432",
    "0.44253",
    "0.48111",
    "0.25600",
    "0.75945",
    "0.26479",
    "0.20179",
    "0.53140",
    "0.62077",
    "0.61832",
    "0.32876",
    "0.58805",
    "0.13831",
    "0.00305",
    "0.36196",
    "0.92596",
    "0.81218",
    "0.91912",
    "0.80144",
    "0.04505",
    "0.14222",
    "0.86639",
    "0.14710",
    "0.44546",
    "0.62858",
    "0.34487",
    "0.89910",
    "0.62711",
    "0.77117",
    "0.85467",
    "0.55728",
    "0.08997",
    "0.06995",
    "0.89568",
    "0.62174",
    "0.33413",
    "0.02503",
    "0.96795",
    "0.59244",
    "0.85955",
    "0.13636",
    "0.57145",
    "0.96942",
    "0.16615",
    "0.90399",
    "0.20619",
    "0.25258",
    "0.75407",
    "0.82781",
    "0.37222",
    "0.94207",
    "0.12318",
    "0.40786",
    "0.56949",
    "0.53775",
    "0.77361",
    "0.14417",
    "0.29799",
    "0.53971",
    "0.20521",
    "0.53678",
    "0.05774",
    "0.44790",
    "0.91815",
    "0.08558",
    "0.34878",
    "0.76238",
    "0.41226",
    "0.29067",
    "0.67106",
    "0.98309",
    "0.18763",
    "0.65202",
    "0.52457",
    "0.61002",
    "0.74431",
    "0.66960",
    "0.40933",
    "0.14320",
    "0.58219",
    "0.84344",
    "0.82537",
    "0.08265",
    "0.20131",
    "0.67350",
    "0.27260",
    "0.92840",
    "0.10169",
    "0.65983",
    "0.25111",
    "0.18031",
    "0.78337",
    "0.30239",
    "0.26088",
    "0.33852",
    "0.74626",
    "0.10120",
    "0.80193",
    "0.90301",
    "0.49039",
    "0.55631",
    "0.37417",
    "0.37368",
    "0.51578",
    "0.16761",
    "0.47769",
    "0.25063",
    "0.32241",
    "0.43521",
    "0.61246",
    "0.03382",
    "0.41030"
  ]
}