{
  "metodo": "multiplicativo",
  "X0": 105379,
  "k": 9,
  "g": 14,
  "iteraciones": 200,
  "numeros": [
    "0.25044",
    "0.28292",
    "0.78319",
    "0.30196",
    "0.24947",
    "0.20772",
    "0.99316",
    "0.46896",
    "0.10786",
    "0.30440",
    "0.43747",
    "0.68284",
    "0.57566",
    "0.32296",
    "0.86620",
    "0.69358",
    "0.40280",
    "0.01337",
    "0.02924",
    "0.25117",
    "0.33932",
    "0.12568",
    "0.67674",
    "0.10566",
    "0.13520",
    "0.40988",
    "0.55857",
    "0.00702",
    "0.54050",
    "0.61594",
    "0.42477",
    "0.70530",
    "0.30513",
    "0.49387",
    "0.02533",
    "0.95044",
    "0.17915",
    "0.79369",
    "0.11030",
    "0.49240",
    "0.91259",
    "0.26534",
    "0.42965",
    "0.08124",
    "0.25533",
    "0.65891",
    "0.73338",
    "0.46701",
    "0.95752",
    "0.72435",
    "0.77147",
    "0.39962",
    "0.76903",
    "0.21162",
    "0.29390",
    "0.62913",
    "0.43991",
    "0.87084",
    "0.05072",
    "0.90551",
    "0.72020",
    "0.45187",
    "0.79198",
    "0.97876",
    "0.35982",
    "0.70482",
    "0.26753",
    "0.59885",
    "0.10883",
    "0.37960",
    "0.22749",
    "0.51584",
    "0.71727",
    "0.22627",
    "0.42184",
    "0.47970",
    "0.93505",
    "0.99487",
    "0.60056",
    "0.24043",
    "0.51218",
    "0.43527",
    "0.51364",
    "0.54807",
    "0.19868",
    "0.29756",
    "0.91113",
    "0.15254",
    "0.74461",
    "0.33175",
    "0.54294",
    "0.80394",
    "0.89990",
    "0.28780",
    "0.15913",
    "0.25215",
    "0.41452",
    "0.91577",
    "0.50974",
    "0.24727",
    "0.03852",
    "0.96557",
    "0.34469",
    "0.53928",
    "0.52194",
    "0.18721",
    "0.41403",
    "0.87817",
    "0.61472",
    "0.33077",
    "0.46774",
    "0.01386",
    "0.06684",
    "0.14619",
    "0.25581",
    "0.69651",
    "0.62840",
    "0.38351",
    "0.52829",
    "0.67601",
    "0.04926",
    "0.79271",
    "0.03510",
    "0.70237",
    "0.07953",
    "0.12373",
    "0.52634",
    "0.52561",
    "0.46921",
    "0.12666",
    "0.75194",
    "0.89575",
    "0.96826",
    "0.55149",
    "0.46188",
    "0.56272",
    "0.32662",
    "0.14814",
    "0.40621",
    "0.27657",
    "0.29439",
    "0.66673",
    "0.33492",
    "0.78734",
    "0.62156",
    "0.85717",
    "0.99805",
    "0.84496",
    "0.05805",
    "0.46945",
    "0.14546",
    "0.19941",
    "0.35396",
    "0.25362",
    "0.52731",
    "0.60081",
    "0.25923",
    "0.95971",
    "0.89355",
    "0.79906",
    "0.52390",
    "0.33761",
    "0.99414",
    "0.54416",
    "0.89794",
    "0.13740",
    "0.57908",
    "0.58616",
    "0.13129",
    "0.10908",
    "0.39840",
    "0.67503",
    "0.97412",
    "0.00262",
    "0.20210",
    "0.56076",
    "0.17622",
    "0.56809",
    "0.74022",
    "0.99341",
    "0.48776",
    "0.55539",
    "0.76268",
    "0.72288",
    "0.65867",
    "0.71458",
    "0.01947",
    "0.49924",
    "0.43893",
    "0.79564",
    "0.26070",
    "0.07245",
    "0.57859",
    "0.54856",
    "0.23628",
    "0.19258",
    "0.82763",
    "0.72337",
    "0.69627",
    "0.60960"
  ]
}