{
  "metodo": "multiplicativo",
  "X0": 107043,
  "k": 227,
  "g": 14,
  "iteraciones": 200,
  "numeros": [
    "0.29634",
    "0.60911",
    "0.11616",
    "0.50900",
    "0.83837",
    "0.57688",
    "0.43161",
    "0.90649",
    "0.61472",
    "0.34151",
    "0.85644",
    "0.47580",
    "0.37545",
    "0.65305",
    "0.14057",
    "0.96704",
    "0.87060",
    "0.26143",
    "0.03412",
    "0.13007",
    "0.85009",
    "0.91674",
    "0.28707",
    "0.71507",
    "0.06391",
    "0.36886",
    "0.64939",
    "0.47189",
    "0.26216",
    "0.36788",
    "0.87109",
    "0.15058",
    "0.19478",
    "0.66380",
    "0.70213",
    "0.50119",
    "0.61179",
    "0.00653",
    "0.89257",
    "0.27364",
    "0.26314",
    "0.14619",
    "0.19233",
    "0.21797",
    "0.89892",
    "0.83275",
    "0.35152",
    "0.08417",
    "0.26900",
    "0.81615",
    "0.12006",
    "0.62229",
    "0.12348",
    "0.84643",
    "0.24800",
    "0.58225",
    "0.21235",
    "0.67356",
    "0.48532",
    "0.71409",
    "0.28560",
    "0.04755",
    "0.58201",
    "0.76781",
    "0.09321",
    "0.71849",
    "0.28804",
    "0.49338",
    "0.38522",
    "0.43624",
    "0.35348",
    "0.64085",
    "0.91162",
    "0.95092",
    "0.52829",
    "0.96020",
    "0.42233",
    "0.01239",
    "0.56247",
    "0.20137",
    "0.66746",
    "0.37081",
    "0.20601",
    "0.11445",
    "0.39694",
    "0.77611",
    "0.20894",
    "0.44943",
    "0.36080",
    "0.97827",
    "0.32125",
    "0.95630",
    "0.30904",
    "0.72728",
    "0.29293",
    "0.38497",
    "0.99170",
    "0.77318",
    "0.87402",
    "0.48556",
    "0.15864",
    "0.86596",
    "0.81444",
    "0.00800",
    "0.56003",
    "0.75560",
    "0.86425",
    "0.70237",
    "0.94580",
    "0.19209",
    "0.77342",
    "0.31856",
    "0.06586",
    "0.92553",
    "0.29195",
    "0.60667",
    "0.67039",
    "0.70579",
    "0.16987",
    "0.31661",
    "0.50925",
    "0.28292",
    "0.15718",
    "0.19844",
    "0.33248",
    "0.40695",
    "0.00385",
    "0.00214",
    "0.89013",
    "0.82787",
    "0.45993",
    "0.47775",
    "0.93212",
    "0.29561",
    "0.27535",
    "0.37521",
    "0.20845",
    "0.56028",
    "0.20015",
    "0.44455",
    "0.46921",
    "0.37179",
    "0.98437",
    "0.43576",
    "0.46432",
    "0.48019",
    "0.37789",
    "0.09882",
    "0.94384",
    "0.63548",
    "0.13081",
    "0.18379",
    "0.65769",
    "0.58762",
    "0.99316",
    "0.44064",
    "0.35592",
    "0.08661",
    "0.71483",
    "0.61936",
    "0.78856",
    "0.88256",
    "0.04584",
    "0.46994",
    "0.70555",
    "0.72533",
    "0.73631",
    "0.74242",
    "0.85692",
    "0.36495",
    "0.53610",
    "0.18672",
    "0.99268",
    "0.55149",
    "0.19526",
    "0.55295",
    "0.86278",
    "0.03485",
    "0.46383",
    "0.59104",
    "0.21724",
    "0.56516",
    "0.09174",
    "0.05097",
    "0.80614",
    "0.89233",
    "0.82909",
    "0.68284",
    "0.37936",
    "0.76634",
    "0.42575",
    "0.23653",
    "0.68699",
    "0.93725",
    "0.63181",
    "0.46213",
    "0.47897",
    "0.15498",
    "0.19722",
    "0.10956"
  ]
}