{
  "metodo": "multiplicativo",
  "X0": 128278,
  "k": 270,
  "g": 13,
  "iteraciones": 200,
  "numeros": [
    "0.59553",
    "0.16872",
    "0.23807",
    "0.35038",
    "0.49005",
    "0.82896",
    "0.47638",
    "0.22928",
    "0.32206",
    "0.17654",
    "0.15212",
    "0.29569",
    "0.09156",
    "0.21170",
    "0.26541",
    "0.54963",
    "0.79868",
    "0.93444",
    "0.81626",
    "0.99109",
    "0.44317",
    "0.34452",
    "0.80454",
    "0.61995",
    "0.02515",
    "0.44219",
    "0.23025",
    "0.43633",
    "0.54474",
    "0.22732",
    "0.09352",
    "0.44024",
    "0.00171",
    "0.70004",
    "0.39434",
    "0.63167",
    "0.39629",
    "0.86021",
    "0.13258",
    "0.01050",
    "0.72836",
    "0.70785",
    "0.30839",
    "0.57697",
    "0.99792",
    "0.24295",
    "0.92174",
    "0.33085",
    "0.20486",
    "0.46563",
    "0.97253",
    "0.27225",
    "0.34941",
    "0.37578",
    "0.46075",
    "0.40117",
    "0.43145",
    "0.97351",
    "0.38652",
    "0.71762",
    "0.45098",
    "0.25858",
    "0.74985",
    "0.22146",
    "0.40801",
    "0.23123",
    "0.55060",
    "0.91295",
    "0.30253",
    "0.89147",
    "0.78891",
    "0.79184",
    "0.13454",
    "0.23904",
    "0.46466",
    "0.85826",
    "0.90416",
    "0.27420",
    "0.57795",
    "0.11207",
    "0.61116",
    "0.99695",
    "0.12868",
    "0.55353",
    "0.25565",
    "0.40703",
    "0.11696",
    "0.18240",
    "0.83775",
    "0.50470",
    "0.54279",
    "0.99890",
    "0.35722",
    "0.28983",
    "0.40606",
    "0.00269",
    "0.81431",
    "0.76254",
    "0.70687",
    "0.19412",
    "0.20877",
    "0.92272",
    "0.44512",
    "0.57307",
    "0.54084",
    "0.77036",
    "0.62093",
    "0.13942",
    "0.81040",
    "0.30546",
    "0.23416",
    "0.89342",
    "0.01734",
    "0.52814",
    "0.28495",
    "0.83482",
    "0.16188",
    "0.43829",
    "0.77329",
    "0.96374",
    "0.24393",
    "0.03589",
    "0.69906",
    "0.28006",
    "0.26346",
    "0.32108",
    "0.06226",
    "0.78403",
    "0.22049",
    "0.29374",
    "0.86314",
    "0.47540",
    "0.11500",
    "0.95397",
    "0.10133",
    "0.35429",
    "0.94714",
    "0.30155",
    "0.77719",
    "0.42071",
    "0.71664",
    "0.33671",
    "0.89049",
    "0.67464",
    "0.42364",
    "0.05933",
    "0.44122",
    "0.11598",
    "0.06812",
    "0.46954",
    "0.42950",
    "0.74496",
    "0.65023",
    "0.56721",
    "0.85533",
    "0.56135",
    "0.16970",
    "0.35234",
    "0.71859",
    "0.56525",
    "0.62679",
    "0.82505",
    "0.01929",
    "0.75668",
    "0.02124",
    "0.98523",
    "0.75766",
    "0.13551",
    "0.35331",
    "0.83287",
    "0.93346",
    "0.70199",
    "0.62288",
    "0.36796",
    "0.54670",
    "0.45587",
    "0.82994",
    "0.59065",
    "0.59749",
    "0.39727",
    "0.97448",
    "0.50079",
    "0.08570",
    "0.52619",
    "0.05640",
    "0.09840",
    "0.01148",
    "0.84263",
    "0.07594",
    "0.38359",
    "0.37480",
    "0.34648",
    "0.03296",
    "0.35624",
    "0.17556",
    "0.03785",
    "0.92760",
    "0.01636",
    "0.41387",
    "0.91686"
  ]
}