{
  "metodo": "multiplicativo",
  "X0": 153350,
  "k": 147,
  "g": 14,
  "iteraciones": 200,
  "numeros": [
    "0.85442",
    "0.01111",
    "0.11903",
    "0.56095",
    "0.43838",
    "0.69670",
    "0.74992",
    "0.60587",
    "0.49112",
    "0.97601",
    "0.59952",
    "0.99457",
    "0.51260",
    "0.34902",
    "0.16786",
    "0.22694",
    "0.00281",
    "0.31582",
    "0.95501",
    "0.80315",
    "0.46182",
    "0.37637",
    "0.46084",
    "0.22304",
    "0.38955",
    "0.03064",
    "0.18544",
    "0.98675",
    "0.28603",
    "0.77873",
    "0.62882",
    "0.59415",
    "0.65128",
    "0.12049",
    "0.29091",
    "0.54532",
    "0.98529",
    "0.55606",
    "0.67179",
    "0.34023",
    "0.78801",
    "0.58536",
    "0.27138",
    "0.47891",
    "0.55948",
    "0.70842",
    "0.58976",
    "0.46133",
    "0.79973",
    "0.42520",
    "0.12684",
    "0.78752",
    "0.00867",
    "0.23573",
    "0.38271",
    "0.95746",
    "0.68644",
    "0.64005",
    "0.85735",
    "0.47110",
    "0.33291",
    "0.13807",
    "0.05066",
    "0.82854",
    "0.44815",
    "0.22987",
    "0.46280",
    "0.52970",
    "0.53214",
    "0.41543",
    "0.59366",
    "0.07459",
    "0.08484",
    "0.19471",
    "0.94329",
    "0.96332",
    "0.60636",
    "0.06775",
    "0.01160",
    "0.69572",
    "0.59659",
    "0.53458",
    "0.29872",
    "0.77190",
    "0.55558",
    "0.09510",
    "0.30458",
    "0.69181",
    "0.98334",
    "0.24940",
    "0.52921",
    "0.95550",
    "0.37978",
    "0.49747",
    "0.47256",
    "0.06287",
    "0.24501",
    "0.33925",
    "0.63468",
    "0.51407",
    "0.07898",
    "0.27480",
    "0.51553",
    "0.80901",
    "0.38174",
    "0.80413",
    "0.61515",
    "0.44766",
    "0.65324",
    "0.42715",
    "0.43350",
    "0.93011",
    "0.39346",
    "0.64396",
    "0.47061",
    "0.75627",
    "0.10242",
    "0.95453",
    "0.22645",
    "0.42617",
    "0.28017",
    "0.85882",
    "0.20106",
    "0.43985",
    "0.42666",
    "0.85686",
    "0.89446",
    "0.29726",
    "0.04187",
    "0.44864",
    "0.80657",
    "0.49844",
    "0.62589",
    "0.13416",
    "0.43740",
    "0.54337",
    "0.67863",
    "0.41348",
    "0.28700",
    "0.93206",
    "0.70012",
    "0.78655",
    "0.85540",
    "0.16444",
    "0.19032",
    "0.75334",
    "0.64250",
    "0.74065",
    "0.64933",
    "0.81389",
    "0.14832",
    "0.16053",
    "0.57706",
    "0.46817",
    "0.87298",
    "0.92425",
    "0.47354",
    "0.21620",
    "0.31630",
    "0.53165",
    "0.83880",
    "0.55802",
    "0.97845",
    "0.48282",
    "0.17274",
    "0.99359",
    "0.35927",
    "0.27773",
    "0.97552",
    "0.02283",
    "0.95892",
    "0.41641",
    "0.74699",
    "0.14588",
    "0.27724",
    "0.39883",
    "0.98724",
    "0.86272",
    "0.81438",
    "0.72502",
    "0.19618",
    "0.67326",
    "0.07019",
    "0.89495",
    "0.87395",
    "0.07752",
    "0.54483",
    "0.40859",
    "0.52042",
    "0.57560",
    "0.73820",
    "0.76604",
    "0.63566",
    "0.66740",
    "0.15028",
    "0.46719",
    "0.71965",
    "0.85296",
    "0.28115",
    "0.01209"
  ]
}