{
  "metodo": "multiplicativo",
  "X0": 42871,
  "k": 64,
  "g": 19,
  "iteraciones": 200,
  "numeros": [
    "0.27506",
    "0.20636",
    "0.68706",
    "0.21168",
    "0.44025",
    "0.61044",
    "0.59811",
    "0.22001",
    "0.74754",
    "0.47497",
    "0.56139",
    "0.23958",
    "0.86097",
    "0.12027",
    "0.17849",
    "0.27818",
    "0.81962",
    "0.74164",
    "0.42596",
    "0.21864",
    "0.03754",
    "0.40939",
    "0.65536",
    "0.81877",
    "0.30381",
    "0.06885",
    "0.59325",
    "0.71138",
    "0.78248",
    "0.54031",
    "0.34121",
    "0.40428",
    "0.01261",
    "0.51910",
    "0.37578",
    "0.28029",
    "0.90827",
    "0.57553",
    "0.54854",
    "0.59721",
    "0.75852",
    "0.15491",
    "0.08605",
    "0.48787",
    "0.22742",
    "0.57754",
    "0.58987",
    "0.96007",
    "0.35404",
    "0.03876",
    "0.03655",
    "0.89662",
    "0.55244",
    "0.60886",
    "0.77767",
    "0.05534",
    "0.61167",
    "0.23315",
    "0.53979",
    "0.06904",
    "0.69581",
    "0.73196",
    "0.42446",
    "0.44554",
    "0.34391",
    "0.80060",
    "0.90826",
    "0.56764",
    "0.47004",
    "0.00937",
    "0.84273",
    "0.69316",
    "0.36326",
    "0.80359",
    "0.45446",
    "0.95491",
    "0.68763",
    "0.50357",
    "0.34499",
    "0.36070",
    "0.48221",
    "0.30463",
    "0.49090",
    "0.79335",
    "0.16108",
    "0.27707",
    "0.24373",
    "0.01066",
    "0.51328",
    "0.36621",
    "0.33007",
    "0.64546",
    "0.70289",
    "0.39236",
    "0.85146",
    "0.20555",
    "0.26896",
    "0.05084",
    "0.28448",
    "0.07374",
    "0.12556",
    "0.91196",
    "0.48067",
    "0.50786",
    "0.56174",
    "0.42102",
    "0.66662",
    "0.64070",
    "0.24158",
    "0.89835",
    "0.44387",
    "0.48009",
    "0.20414",
    "0.53924",
    "0.78899",
    "0.90883",
    "0.86347",
    "0.41403",
    "0.05355",
    "0.68474",
    "0.00864",
    "0.46802",
    "0.96410",
    "0.44063",
    "0.80372",
    "0.52151",
    "0.62221",
    "0.68431",
    "0.78776",
    "0.26984",
    "0.50445",
    "0.79860",
    "0.87482",
    "0.28329",
    "0.46236",
    "0.04130",
    "0.35398",
    "0.00720",
    "0.72253",
    "0.54524",
    "0.88929",
    "0.76187",
    "0.88650",
    "0.31822",
    "0.51981",
    "0.74261",
    "0.93084",
    "0.24306",
    "0.65961",
    "0.01974",
    "0.20711",
    "0.07756",
    "0.09775",
    "0.53857",
    "0.44189",
    "0.45454",
    "0.99830",
    "0.11941",
    "0.73672",
    "0.88182",
    "0.90031",
    "0.45758",
    "0.56817",
    "0.74220",
    "0.71784",
    "0.12338",
    "0.78780",
    "0.29350",
    "0.73997",
    "0.56213",
    "0.62218",
    "0.66853",
    "0.63074",
    "0.09415",
    "0.67287",
    "0.87511",
    "0.42924",
    "0.91473",
    "0.91644",
    "0.79604",
    "0.54951",
    "0.09421",
    "0.70443",
    "0.18913",
    "0.78062",
    "0.57788",
    "0.76342",
    "0.68721",
    "0.28663",
    "0.18606",
    "0.19497",
    "0.79808",
    "0.60660",
    "0.61407",
    "0.47564",
    "0.90456",
    "0.65461",
    "0.43222",
    "0.45699",
    "0.26445"
  ]
}