{
  "metodo": "multiplicativo",
  "X0": 179118,
  "k": 139,
  "g": 15,
  "iteraciones": 200,
  "numeros": [
    "0.79855",
    "0.95016",
    "0.30000",
    "0.08637",
    "0.46944",
    "0.34370",
    "0.90060",
    "0.94089",
    "0.93722",
    "0.84664",
    "0.67306",
    "0.77975",
    "0.95187",
    "0.20893",
    "0.36738",
    "0.35298",
    "0.26337",
    "0.18061",
    "0.73360",
    "0.41060",
    "0.62178",
    "0.51167",
    "0.52168",
    "0.70260",
    "0.77706",
    "0.95212",
    "0.48164",
    "0.97897",
    "0.47920",
    "0.25190",
    "0.36348",
    "0.98972",
    "0.47823",
    "0.16108",
    "0.91720",
    "0.48482",
    "0.52412",
    "0.42964",
    "0.89279",
    "0.21430",
    "0.36689",
    "0.80758",
    "0.04022",
    "0.92819",
    "0.75655",
    "0.04486",
    "0.10956",
    "0.37642",
    "0.44307",
    "0.89157",
    "0.85080",
    "0.30903",
    "0.17646",
    "0.09760",
    "0.01386",
    "0.47603",
    "0.70675",
    "0.41304",
    "0.34883",
    "0.62740",
    "0.78390",
    "0.58785",
    "0.60567",
    "0.51314",
    "0.15790",
    "0.37202",
    "0.53438",
    "0.88327",
    "0.57881",
    "0.51558",
    "0.88498",
    "0.48775",
    "0.79659",
    "0.76852",
    "0.40742",
    "0.07660",
    "0.56124",
    "0.88083",
    "0.85177",
    "0.39985",
    "0.62276",
    "0.60250",
    "0.96799",
    "0.20746",
    "0.73116",
    "0.68355",
    "0.50606",
    "0.24946",
    "0.63643",
    "0.87399",
    "0.21601",
    "0.27583",
    "0.08856",
    "0.92380",
    "0.84787",
    "0.03656",
    "0.83761",
    "0.58296",
    "0.15155",
    "0.28169",
    "0.63350",
    "0.60152",
    "0.87716",
    "0.76119",
    "0.22626",
    "0.72945",
    "0.77462",
    "0.22504",
    "0.36592",
    "0.71676",
    "0.59395",
    "0.42329",
    "0.80245",
    "0.31343",
    "0.08515",
    "0.10590",
    "0.28584",
    "0.26948",
    "0.99826",
    "0.02289",
    "0.56612",
    "0.33491",
    "0.08319",
    "0.92428",
    "0.39326",
    "0.25971",
    "0.09003",
    "0.56001",
    "0.51729",
    "0.79391",
    "0.76876",
    "0.68014",
    "0.68819",
    "0.68746",
    "0.86935",
    "0.03461",
    "0.65596",
    "0.69039",
    "0.14179",
    "0.37349",
    "0.17060",
    "0.55269",
    "0.33613",
    "0.44673",
    "0.98215",
    "0.02435",
    "0.20234",
    "0.00433",
    "0.84054",
    "0.85543",
    "0.49043",
    "0.79635",
    "0.49580",
    "0.79586",
    "0.95041",
    "0.57271",
    "0.69796",
    "0.59566",
    "0.33222",
    "0.08344",
    "0.19697",
    "0.00482",
    "0.38594",
    "0.07855",
    "0.74288",
    "0.77340",
    "0.86154",
    "0.30805",
    "0.08563",
    "0.65133",
    "0.50899",
    "0.52193",
    "0.97531",
    "0.38862",
    "0.07831",
    "0.47017",
    "0.16181",
    "0.73531",
    "0.31953",
    "0.90280",
    "0.39521",
    "0.44136",
    "0.98263",
    "0.56978",
    "0.42549",
    "0.25678",
    "0.81759",
    "0.22114",
    "0.00262",
    "0.93161",
    "0.57442",
    "0.60689",
    "0.87667",
    "0.21577",
    "0.00311",
    "0.47700",
    "0.79757",
    "0.85934",
    "0.85372",
    "0.58150"
  ]
}