{
  "metodo": "multiplicativo",
  "X0": 22927,
  "k": 2,
  "g": 12,
  "iteraciones": 200,
  "numeros": [
    "0.54579",
    "0.45885",
    "0.63370",
    "0.30452",
    "0.39341",
    "0.25958",
    "0.45006",
    "0.44908",
    "0.42857",
    "0.99805",
    "0.95409",
    "0.03101",
    "0.65128",
    "0.67375",
    "0.14530",
    "0.05055",
    "0.06129",
    "0.28694",
    "0.02418",
    "0.50769",
    "0.65910",
    "0.83785",
    "0.59072",
    "0.40220",
    "0.44420",
    "0.32601",
    "0.84469",
    "0.73431",
    "0.41685",
    "0.75189",
    "0.78608",
    "0.50379",
    "0.57705",
    "0.11502",
    "0.41490",
    "0.71087",
    "0.92479",
    "0.41587",
    "0.73138",
    "0.35531",
    "0.45983",
    "0.65421",
    "0.73529",
    "0.43736",
    "0.18242",
    "0.83004",
    "0.42662",
    "0.95702",
    "0.09255",
    "0.94335",
    "0.80562",
    "0.91404",
    "0.19023",
    "0.99414",
    "0.87204",
    "0.30842",
    "0.47546",
    "0.98242",
    "0.62589",
    "0.14042",
    "0.94823",
    "0.90818",
    "0.06716",
    "0.41001",
    "0.60830",
    "0.77143",
    "0.19609",
    "0.11697",
    "0.45592",
    "0.57216",
    "0.01245",
    "0.26154",
    "0.49109",
    "0.31038",
    "0.51648",
    "0.84371",
    "0.71380",
    "0.98632",
    "0.70794",
    "0.86325",
    "0.12381",
    "0.59951",
    "0.58681",
    "0.32015",
    "0.72161",
    "0.15018",
    "0.15311",
    "0.21465",
    "0.50672",
    "0.63858",
    "0.40708",
    "0.54676",
    "0.47937",
    "0.06422",
    "0.34847",
    "0.31624",
    "0.63956",
    "0.42759",
    "0.97753",
    "0.52332",
    "0.98730",
    "0.72845",
    "0.29377",
    "0.16777",
    "0.52234",
    "0.96679",
    "0.29768",
    "0.24982",
    "0.24493",
    "0.14237",
    "0.98926",
    "0.76947",
    "0.15507",
    "0.25568",
    "0.36801",
    "0.72650",
    "0.25275",
    "0.30647",
    "0.43443",
    "0.12088",
    "0.53797",
    "0.29475",
    "0.18828",
    "0.95311",
    "0.01050",
    "0.22051",
    "0.62979",
    "0.22247",
    "0.67082",
    "0.08376",
    "0.75873",
    "0.92967",
    "0.51844",
    "0.88474",
    "0.57509",
    "0.07399",
    "0.55360",
    "0.62295",
    "0.07888",
    "0.65617",
    "0.77631",
    "0.29866",
    "0.27033",
    "0.67570",
    "0.18632",
    "0.91209",
    "0.14921",
    "0.13260",
    "0.78413",
    "0.46276",
    "0.71575",
    "0.02711",
    "0.56923",
    "0.95116",
    "0.96972",
    "0.35922",
    "0.54188",
    "0.37680",
    "0.91111",
    "0.12869",
    "0.70208",
    "0.74017",
    "0.53993",
    "0.33578",
    "0.04957",
    "0.04078",
    "0.85641",
    "0.98046",
    "0.58486",
    "0.27912",
    "0.86032",
    "0.06227",
    "0.30745",
    "0.45495",
    "0.55165",
    "0.58193",
    "0.21758",
    "0.56825",
    "0.93065",
    "0.53895",
    "0.31526",
    "0.61905",
    "0.99707",
    "0.93358",
    "0.60049",
    "0.60733",
    "0.75092",
    "0.76557",
    "0.07302",
    "0.53309",
    "0.19219",
    "0.03492",
    "0.73333",
    "0.39634",
    "0.32112",
    "0.74212",
    "0.58095",
    "0.19707",
    "0.13748",
    "0.88669"
  ]
}