{
  "metodo": "multiplicativo",
  "X0": 37135,
  "k": 23,
  "g": 18,
  "iteraciones": 200,
  "numeros": [
    "0.77351",
    "0.19339",
    "0.54997",
    "0.94409",
    "0.43263",
    "0.76681",
    "0.92735",
    "0.26898",
    "0.83687",
    "0.16739",
    "0.63579",
    "0.16320",
    "0.84560",
    "0.81699",
    "0.40965",
    "0.42364",
    "0.06819",
    "0.88748",
    "0.73332",
    "0.59717",
    "0.86403",
    "0.30075",
    "0.84117",
    "0.98065",
    "0.34248",
    "0.72867",
    "0.71757",
    "0.62097",
    "0.36293",
    "0.59311",
    "0.09691",
    "0.31500",
    "0.53474",
    "0.06594",
    "0.46354",
    "0.60962",
    "0.21730",
    "0.06906",
    "0.05186",
    "0.80170",
    "0.51997",
    "0.27432",
    "0.84624",
    "0.93811",
    "0.30214",
    "0.10360",
    "0.58104",
    "0.81573",
    "0.17317",
    "0.72879",
    "0.74065",
    "0.98145",
    "0.49244",
    "0.07174",
    "0.55943",
    "0.73212",
    "0.36934",
    "0.80435",
    "0.02177",
    "0.11462",
    "0.66322",
    "0.34848",
    "0.86204",
    "0.92584",
    "0.98347",
    "0.87601",
    "0.56462",
    "0.71265",
    "0.68947",
    "0.30880",
    "0.36387",
    "0.77191",
    "0.89058",
    "0.31875",
    "0.24418",
    "0.15051",
    "0.44618",
    "0.32773",
    "0.93993",
    "0.64532",
    "0.96565",
    "0.50760",
    "0.93547",
    "0.80322",
    "0.80836",
    "0.78024",
    "0.46519",
    "0.92108",
    "0.08369",
    "0.81753",
    "0.51347",
    "0.04577",
    "0.65101",
    "0.04135",
    "0.81468",
    "0.97418",
    "0.11970",
    "0.62356",
    "0.85319",
    "0.25317",
    "0.84914",
    "0.48605",
    "0.86339",
    "0.17962",
    "0.94868",
    "0.30069",
    "0.82963",
    "0.80041",
    "0.27772",
    "0.48935",
    "0.48631",
    "0.91241",
    "0.44563",
    "0.22390",
    "0.31779",
    "0.06250",
    "0.81178",
    "0.42624",
    "0.55845",
    "0.54754",
    "0.48555",
    "0.76822",
    "0.19267",
    "0.41443",
    "0.32631",
    "0.67172",
    "0.95482",
    "0.46002",
    "0.94344",
    "0.30862",
    "0.32927",
    "0.23120",
    "0.69630",
    "0.60080",
    "0.55040",
    "0.02484",
    "0.69429",
    "0.22012",
    "0.60258",
    "0.88782",
    "0.79677",
    "0.58847",
    "0.22020",
    "0.61700",
    "0.61311",
    "0.87772",
    "0.88762",
    "0.75928",
    "0.50270",
    "0.00973",
    "0.83922",
    "0.61151",
    "0.57490",
    "0.65640",
    "0.05937",
    "0.22058",
    "0.68910",
    "0.23959",
    "0.28245",
    "0.38336",
    "0.45466",
    "0.93118",
    "0.99284",
    "0.64673",
    "0.23097",
    "0.65304",
    "0.42491",
    "0.30755",
    "0.12739",
    "0.07705",
    "0.56303",
    "0.41272",
    "0.00331",
    "0.62509",
    "0.14158",
    "0.75909",
    "0.46809",
    "0.46902",
    "0.64494",
    "0.89355",
    "0.88112",
    "0.53073",
    "0.30748",
    "0.11297",
    "0.35176",
    "0.48208",
    "0.11357",
    "0.46423",
    "0.73939",
    "0.74496",
    "0.79759",
    "0.74420",
    "0.65340",
    "0.49124",
    "0.84392",
    "0.49975",
    "0.45314",
    "0.64279",
    "0.48692",
    "0.02777"
  ]
}