{
  "metodo": "multiplicativo",
  "X0": 51860,
  "k": 29,
  "g": 19,
  "iteraciones": 200,
  "numeros": [
    "0.44288",
    "0.96226",
    "0.05500",
    "0.03507",
    "0.31214",
    "0.97752",
    "0.67133",
    "0.10600",
    "0.12086",
    "0.64317",
    "0.43025",
    "0.96794",
    "0.40028",
    "0.86546",
    "0.11298",
    "0.77714",
    "0.18165",
    "0.05064",
    "0.00080",
    "0.18986",
    "0.99623",
    "0.10496",
    "0.87495",
    "0.36234",
    "0.87525",
    "0.43467",
    "0.01667",
    "0.95085",
    "0.34998",
    "0.94602",
    "0.20722",
    "0.11161",
    "0.45167",
    "0.04527",
    "0.72785",
    "0.50089",
    "0.71156",
    "0.63865",
    "0.35981",
    "0.27494",
    "0.16090",
    "0.13242",
    "0.38435",
    "0.09000",
    "0.33094",
    "0.43284",
    "0.58271",
    "0.10233",
    "0.25294",
    "0.94615",
    "0.23615",
    "0.96818",
    "0.45814",
    "0.57859",
    "0.12592",
    "0.84379",
    "0.97779",
    "0.73643",
    "0.53327",
    "0.38541",
    "0.34315",
    "0.32591",
    "0.23945",
    "0.74931",
    "0.58546",
    "0.75327",
    "0.52570",
    "0.59171",
    "0.23597",
    "0.92478",
    "0.17329",
    "0.06889",
    "0.32594",
    "0.24668",
    "0.46345",
    "0.83708",
    "0.38661",
    "0.62522",
    "0.17744",
    "0.05253",
    "0.44923",
    "0.46665",
    "0.59651",
    "0.37150",
    "0.04505",
    "0.67722",
    "0.50190",
    "0.95024",
    "0.20533",
    "0.66319",
    "0.17487",
    "0.44499",
    "0.46131",
    "0.33079",
    "0.39668",
    "0.01200",
    "0.84425",
    "0.08628",
    "0.44856",
    "0.30753",
    "0.88539",
    "0.83592",
    "0.11176",
    "0.48783",
    "0.61598",
    "0.98594",
    "0.66755",
    "0.20914",
    "0.56727",
    "0.44260",
    "0.89717",
    "0.62772",
    "0.77052",
    "0.61216",
    "0.08186",
    "0.39982",
    "0.75697",
    "0.40086",
    "0.00288",
    "0.68168",
    "0.55787",
    "0.21494",
    "0.94148",
    "0.12955",
    "0.70448",
    "0.96067",
    "0.67890",
    "0.89970",
    "0.22804",
    "0.04429",
    "0.49641",
    "0.64835",
    "0.65980",
    "0.37205",
    "0.17524",
    "0.53178",
    "0.03101",
    "0.35020",
    "0.99665",
    "0.20622",
    "0.87293",
    "0.88499",
    "0.74189",
    "0.82792",
    "0.21680",
    "0.38267",
    "0.69221",
    "0.05314",
    "0.59388",
    "0.74949",
    "0.62885",
    "0.03812",
    "0.03541",
    "0.39170",
    "0.83308",
    "0.43913",
    "0.07264",
    "0.21555",
    "0.08613",
    "0.41239",
    "0.73683",
    "0.62730",
    "0.66926",
    "0.61418",
    "0.55921",
    "0.53318",
    "0.36372",
    "0.20072",
    "0.57105",
    "0.33946",
    "0.45075",
    "0.82829",
    "0.30360",
    "0.95237",
    "0.71162",
    "0.65312",
    "0.78810",
    "0.77818",
    "0.42756",
    "0.33146",
    "0.55579",
    "0.72312",
    "0.37983",
    "0.01957",
    "0.63795",
    "0.19346",
    "0.84968",
    "0.37370",
    "0.56580",
    "0.09544",
    "0.61836",
    "0.55009",
    "0.37061",
    "0.83531",
    "0.96711",
    "0.20499",
    "0.58363",
    "0.31931",
    "0.67719",
    "0.49467"
  ]
}