{
  "metodo": "multiplicativo",
  "X0": 187439,
  "k": 126,
  "g": 12,
  "iteraciones": 200,
  "numeros": [
    "0.37387",
    "0.63858",
    "0.72747",
    "0.74994",
    "0.50281",
    "0.22051",
    "0.32503",
    "0.17558",
    "0.81929",
    "0.74017",
    "0.61026",
    "0.03883",
    "0.32308",
    "0.19707",
    "0.58291",
    "0.33968",
    "0.01441",
    "0.59170",
    "0.24298",
    "0.07790",
    "0.89353",
    "0.92381",
    "0.59072",
    "0.25372",
    "0.95995",
    "0.19316",
    "0.62589",
    "0.86716",
    "0.21368",
    "0.40024",
    "0.34847",
    "0.91795",
    "0.65519",
    "0.54481",
    "0.75873",
    "0.40611",
    "0.28400",
    "0.62686",
    "0.85641",
    "0.33187",
    "0.10037",
    "0.64640",
    "0.64151",
    "0.69524",
    "0.10427",
    "0.60342",
    "0.11404",
    "0.49597",
    "0.29573",
    "0.49792",
    "0.27424",
    "0.73431",
    "0.67473",
    "0.32991",
    "0.12186",
    "0.41001",
    "0.24103",
    "0.09939",
    "0.65714",
    "0.52332",
    "0.99512",
    "0.80659",
    "0.87985",
    "0.07399",
    "0.93651",
    "0.45104",
    "0.78999",
    "0.06227",
    "0.06520",
    "0.03297",
    "0.38755",
    "0.48816",
    "0.38168",
    "0.55263",
    "0.67277",
    "0.35140",
    "0.88571",
    "0.00952",
    "0.64542",
    "0.65226",
    "0.57705",
    "0.40415",
    "0.30549",
    "0.39048",
    "0.45592",
    "0.73626",
    "0.65324",
    "0.56630",
    "0.52234",
    "0.00562",
    "0.68840",
    "0.17949",
    "0.77631",
    "0.21270",
    "0.41099",
    "0.23028",
    "0.21758",
    "0.35726",
    "0.82125",
    "0.71868",
    "0.84664",
    "0.43932",
    "0.91893",
    "0.64444",
    "0.66300",
    "0.45885",
    "0.70403",
    "0.00757",
    "0.66691",
    "0.41587",
    "0.17656",
    "0.80855",
    "0.85836",
    "0.31038",
    "0.33675",
    "0.04664",
    "0.23712",
    "0.14237",
    "0.18437",
    "0.72259",
    "0.80366",
    "0.91209",
    "0.71966",
    "0.83590",
    "0.55751",
    "0.61905",
    "0.94237",
    "0.38657",
    "0.49890",
    "0.26349",
    "0.85250",
    "0.37485",
    "0.62784",
    "0.84567",
    "0.45006",
    "0.80073",
    "0.94432",
    "0.36508",
    "0.73529",
    "0.66398",
    "0.44811",
    "0.82222",
    "0.70794",
    "0.96484",
    "0.13944",
    "0.21661",
    "0.36801",
    "0.70305",
    "0.01832",
    "0.54872",
    "0.71575",
    "0.87888",
    "0.08474",
    "0.81832",
    "0.75092",
    "0.49206",
    "0.33871",
    "0.02515",
    "0.47350",
    "0.54286",
    "0.78022",
    "0.16972",
    "0.88376",
    "0.03101",
    "0.40904",
    "0.25177",
    "0.98144",
    "0.95702",
    "0.22540",
    "0.27131",
    "0.76654",
    "0.32015",
    "0.22930",
    "0.22833",
    "0.23907",
    "0.12088",
    "0.42076",
    "0.12283",
    "0.39927",
    "0.35922",
    "0.79976",
    "0.95507",
    "0.24689",
    "0.03492",
    "0.36606",
    "0.72454",
    "0.78217",
    "0.14823",
    "0.11990",
    "0.43150",
    "0.00464",
    "0.69915",
    "0.06129",
    "0.07595",
    "0.91502",
    "0.68742",
    "0.19023",
    "0.65812",
    "0.51258",
    "0.11306"
  ]
}