{
  "metodo": "multiplicativo",
  "X0": 51585,
  "k": 22,
  "g": 16,
  "iteraciones": 200,
  "numeros": [
    "0.46957",
    "0.99014",
    "0.21309",
    "0.56912",
    "0.00838",
    "0.51626",
    "0.44137",
    "0.88626",
    "0.41048",
    "0.29628",
    "0.62667",
    "0.42605",
    "0.11336",
    "0.51772",
    "0.70651",
    "0.87601",
    "0.55453",
    "0.36806",
    "0.61837",
    "0.92361",
    "0.17147",
    "0.03481",
    "0.29976",
    "0.25637",
    "0.40169",
    "0.70547",
    "0.68820",
    "0.56179",
    "0.68270",
    "0.56753",
    "0.72116",
    "0.52737",
    "0.45199",
    "0.80850",
    "0.33614",
    "0.84060",
    "0.14705",
    "0.61587",
    "0.47066",
    "0.18898",
    "0.20540",
    "0.17714",
    "0.06221",
    "0.26003",
    "0.06453",
    "0.67984",
    "0.04829",
    "0.74124",
    "0.16194",
    "0.31142",
    "0.36641",
    "0.32009",
    "0.93515",
    "0.25942",
    "0.95407",
    "0.68411",
    "0.82162",
    "0.71133",
    "0.74874",
    "0.52078",
    "0.25887",
    "0.85464",
    "0.68795",
    "0.51760",
    "0.68441",
    "0.87686",
    "0.70919",
    "0.36208",
    "0.53573",
    "0.96548",
    "0.74997",
    "0.74173",
    "0.25032",
    "0.30800",
    "0.74777",
    "0.34401",
    "0.26571",
    "0.09194",
    "0.64010",
    "0.85647",
    "0.01936",
    "0.50478",
    "0.36446",
    "0.96658",
    "0.94882",
    "0.73404",
    "0.85837",
    "0.36184",
    "0.49154",
    "0.96719",
    "0.05928",
    "0.72976",
    "0.08504",
    "0.39174",
    "0.90475",
    "0.75784",
    "0.16683",
    "0.19521",
    "0.33223",
    "0.13356",
    "0.17440",
    "0.56509",
    "0.27926",
    "0.54446",
    "0.54525",
    "0.68887",
    "0.68331",
    "0.67800",
    "0.71688",
    "0.75406",
    "0.48190",
    "0.22170",
    "0.12679",
    "0.94815",
    "0.61251",
    "0.86307",
    "0.21248",
    "0.45864",
    "0.01265",
    "0.28957",
    "0.41146",
    "0.47304",
    "0.61984",
    "0.18874",
    "0.16121",
    "0.17885",
    "0.37154",
    "0.24807",
    "0.89926",
    "0.76358",
    "0.20528",
    "0.15505",
    "0.06307",
    "0.41469",
    "0.05855",
    "0.59719",
    "0.09017",
    "0.31972",
    "0.86886",
    "0.26198",
    "0.41805",
    "0.66616",
    "0.57369",
    "0.83694",
    "0.48421",
    "0.64150",
    "0.11055",
    "0.00954",
    "0.72616",
    "0.43325",
    "0.41695",
    "0.46731",
    "0.58138",
    "0.22890",
    "0.43038",
    "0.89773",
    "0.48739",
    "0.21596",
    "0.08833",
    "0.98831",
    "0.88168",
    "0.58193",
    "0.32833",
    "0.42654",
    "0.20174",
    "0.51431",
    "0.08785",
    "0.89993",
    "0.88510",
    "0.20058",
    "0.30440",
    "0.09596",
    "0.36922",
    "0.82827",
    "0.91550",
    "0.70217",
    "0.09163",
    "0.58486",
    "0.85861",
    "0.40603",
    "0.48983",
    "0.65786",
    "0.07124",
    "0.89505",
    "0.00130",
    "0.23476",
    "0.49093",
    "0.85672",
    "0.06355",
    "0.50307",
    "0.05513",
    "0.97855",
    "0.11409",
    "0.65029",
    "0.70138",
    "0.94803",
    "0.59042",
    "0.86392",
    "0.36715",
    "0.45266"
  ]
}