{
  "metodo": "multiplicativo",
  "X0": 61736,
  "k": 76,
  "g": 18,
  "iteraciones": 200,
  "numeros": [
    "0.36405",
    "0.15909",
    "0.52103",
    "0.38931",
    "0.64871",
    "0.66056",
    "0.91898",
    "0.33219",
    "0.62870",
    "0.38858",
    "0.19974",
    "0.43912",
    "0.17899",
    "0.71817",
    "0.23831",
    "0.08511",
    "0.17459",
    "0.02432",
    "0.90970",
    "0.64517",
    "0.49051",
    "0.68204",
    "0.08890",
    "0.49430",
    "0.00174",
    "0.06631",
    "0.65091",
    "0.00748",
    "0.58328",
    "0.55216",
    "0.47074",
    "0.55973",
    "0.11014",
    "0.51456",
    "0.42337",
    "0.52603",
    "0.45731",
    "0.32852",
    "0.38382",
    "0.28140",
    "0.49979",
    "0.36905",
    "0.22708",
    "0.20084",
    "0.11258",
    "0.01114",
    "0.82816",
    "0.65933",
    "0.17069",
    "0.62979",
    "0.06204",
    "0.03189",
    "0.54910",
    "0.60001",
    "0.80374",
    "0.69351",
    "0.12283",
    "0.29678",
    "0.92826",
    "0.01920",
    "0.76688",
    "0.09512",
    "0.31058",
    "0.38394",
    "0.35623",
    "0.37003",
    "0.82572",
    "0.16275",
    "0.76590",
    "0.49649",
    "0.34866",
    "0.73062",
    "0.87088",
    "0.84952",
    "0.75443",
    "0.46256",
    "0.54618",
    "0.80411",
    "0.91800",
    "0.73355",
    "0.66678",
    "0.73526",
    "0.71439",
    "0.91861",
    "0.10770",
    "0.01797",
    "0.01859",
    "0.39273",
    "0.74393",
    "0.02725",
    "0.70560",
    "0.53092",
    "0.45047",
    "0.13809",
    "0.65042",
    "0.70816",
    "0.10233",
    "0.72550",
    "0.72806",
    "0.29947",
    "0.57450",
    "0.16446",
    "0.81351",
    "0.67984",
    "0.74198",
    "0.82999",
    "0.78177",
    "0.22427",
    "0.47977",
    "0.09708",
    "0.50784",
    "0.30777",
    "0.66287",
    "0.34073",
    "0.86673",
    "0.30533",
    "0.16629",
    "0.93595",
    "0.73343",
    "0.59195",
    "0.86502",
    "0.25772",
    "0.98294",
    "0.54264",
    "0.63407",
    "0.68106",
    "0.49027",
    "0.53238",
    "0.34842",
    "0.58097",
    "0.13040",
    "0.93619",
    "0.88309",
    "0.33243",
    "0.77835",
    "0.12906",
    "0.11307",
    "0.31046",
    "0.30911",
    "0.48599",
    "0.91336",
    "0.89005",
    "0.59769",
    "0.38199",
    "0.15897",
    "0.44620",
    "0.51908",
    "0.19205",
    "0.72489",
    "0.35391",
    "0.94828",
    "0.29117",
    "0.48612",
    "0.98819",
    "0.76029",
    "0.05435",
    "0.31766",
    "0.72403",
    "0.83011",
    "0.85660",
    "0.09451",
    "0.93644",
    "0.03275",
    "0.07291",
    "0.69168",
    "0.00040",
    "0.24320",
    "0.07828",
    "0.98417",
    "0.29093",
    "0.33646",
    "0.24771",
    "0.84696",
    "0.18301",
    "0.18753",
    "0.95621",
    "0.15506",
    "0.05167",
    "0.67142",
    "0.57877",
    "0.78348",
    "0.27188",
    "0.66312",
    "0.49039",
    "0.60721",
    "0.21866",
    "0.03763",
    "0.06607",
    "0.50125",
    "0.26700",
    "0.66995",
    "0.68082",
    "0.34061",
    "0.79190",
    "0.43509",
    "0.70963",
    "0.00027",
    "0.16837",
    "0.20804",
    "0.52750"
  ]
}