{
  "metodo": "multiplicativo",
  "X0": 124952,
  "k": 205,
  "g": 19,
  "iteraciones": 200,
  "numeros": [
    "0.04796",
    "0.89153",
    "0.55907",
    "0.66484",
    "0.66295",
    "0.55046",
    "0.50804",
    "0.72807",
    "0.68028",
    "0.06487",
    "0.70311",
    "0.61553",
    "0.53746",
    "0.12224",
    "0.08177",
    "0.51470",
    "0.67198",
    "0.41008",
    "0.58153",
    "0.61308",
    "0.52135",
    "0.61589",
    "0.13988",
    "0.09819",
    "0.52306",
    "0.42717",
    "0.69432",
    "0.15752",
    "0.11461",
    "0.53142",
    "0.18236",
    "0.97856",
    "0.73351",
    "0.61614",
    "0.54149",
    "0.74883",
    "0.81725",
    "0.36882",
    "0.70921",
    "0.65581",
    "0.80333",
    "0.47698",
    "0.62303",
    "0.88701",
    "0.12926",
    "0.62810",
    "0.22044",
    "0.62993",
    "0.23253",
    "0.50969",
    "0.43895",
    "0.07207",
    "0.55064",
    "0.80925",
    "0.21605",
    "0.40093",
    "0.52110",
    "0.21428",
    "0.48924",
    "0.80400",
    "0.58141",
    "0.41228",
    "0.19603",
    "0.46880",
    "0.16905",
    "0.09074",
    "0.27391",
    "0.58281",
    "0.72154",
    "0.93718",
    "0.66039",
    "0.33354",
    "0.67638",
    "0.63909",
    "0.29295",
    "0.90849",
    "0.47105",
    "0.88396",
    "0.10912",
    "0.49516",
    "0.54308",
    "0.35930",
    "0.04637",
    "0.28105",
    "0.32994",
    "0.75261",
    "0.04222",
    "0.45366",
    "0.26915",
    "0.75139",
    "0.03416",
    "0.20049",
    "0.79820",
    "0.04314",
    "0.95970",
    "0.70903",
    "0.35460",
    "0.31535",
    "0.75633",
    "0.16679",
    "0.37584",
    "0.25554",
    "0.36156",
    "0.76128",
    "0.29942",
    "0.55119",
    "0.71288",
    "0.67998",
    "0.56285",
    "0.88982",
    "0.74779",
    "0.11040",
    "0.60362",
    "0.95891",
    "0.40379",
    "0.24004",
    "0.85924",
    "0.44597",
    "0.61839",
    "0.25639",
    "0.76720",
    "0.03850",
    "0.32909",
    "0.34697",
    "0.76500",
    "0.42400",
    "0.47337",
    "0.69927",
    "0.29015",
    "0.28996",
    "0.98876",
    "0.50078",
    "0.78014",
    "0.32390",
    "0.81273",
    "0.93901",
    "0.67247",
    "0.21330",
    "0.88280",
    "0.20146",
    "0.40465",
    "0.64568",
    "0.13646",
    "0.47563",
    "0.41417",
    "0.30852",
    "0.51122",
    "0.94902",
    "0.13853",
    "0.88933",
    "0.94457",
    "0.80913",
    "0.01524",
    "0.07561",
    "0.37401",
    "0.24345",
    "0.48180",
    "0.55486",
    "0.73705",
    "0.43950",
    "0.97569",
    "0.01457",
    "0.97118",
    "0.58476",
    "0.93443",
    "0.14226",
    "0.01390",
    "0.86675",
    "0.79552",
    "0.62541",
    "0.80272",
    "0.47295",
    "0.99645",
    "0.15154",
    "0.27513",
    "0.59087",
    "0.97472",
    "0.40813",
    "0.36864",
    "0.40801",
    "0.16783",
    "0.08269",
    "0.02074",
    "0.11186",
    "0.01329",
    "0.86272",
    "0.16893",
    "0.88994",
    "0.94859",
    "0.43572",
    "0.75072",
    "0.92974",
    "0.41124",
    "0.48918",
    "0.70360",
    "0.41875",
    "0.83873",
    "0.71062",
    "0.96507",
    "0.54448"
  ]
}