{
  "metodo": "multiplicativo",
  "X0": 144305,
  "k": 68,
  "g": 15,
  "iteraciones": 200,
  "numeros": [
    "0.70769",
    "0.51201",
    "0.08438",
    "0.32524",
    "0.54900",
    "0.39042",
    "0.33586",
    "0.37944",
    "0.30436",
    "0.08914",
    "0.93890",
    "0.44145",
    "0.34880",
    "0.48320",
    "0.26847",
    "0.38627",
    "0.05728",
    "0.44755",
    "0.69964",
    "0.08890",
    "0.80486",
    "0.85723",
    "0.60735",
    "0.42436",
    "0.96649",
    "0.58721",
    "0.36662",
    "0.26762",
    "0.91717",
    "0.51250",
    "0.35246",
    "0.49370",
    "0.03189",
    "0.50810",
    "0.93988",
    "0.97760",
    "0.68572",
    "0.44902",
    "0.50383",
    "0.59429",
    "0.25358",
    "0.21024",
    "0.41935",
    "0.21879",
    "0.11051",
    "0.66680",
    "0.06143",
    "0.72613",
    "0.63152",
    "0.69366",
    "0.80511",
    "0.99127",
    "0.19156",
    "0.16581",
    "0.02530",
    "0.88922",
    "0.16568",
    "0.95831",
    "0.09708",
    "0.29496",
    "0.92889",
    "0.94610",
    "0.39543",
    "0.08353",
    "0.85614",
    "0.00418",
    "0.29533",
    "0.12992",
    "0.32243",
    "0.00760",
    "0.17179",
    "0.30912",
    "0.70281",
    "0.83135",
    "0.39982",
    "0.49614",
    "0.37223",
    "0.35038",
    "0.35441",
    "0.56597",
    "0.70574",
    "0.43974",
    "0.41057",
    "0.39360",
    "0.07828",
    "0.97443",
    "0.94330",
    "0.85406",
    "0.86493",
    "0.82940",
    "0.32756",
    "0.82232",
    "0.44060",
    "0.87970",
    "0.93841",
    "0.17338",
    "0.18033",
    "0.00027",
    "0.15079",
    "0.78228",
    "0.45915",
    "0.06619",
    "0.33976",
    "0.52397",
    "0.65203",
    "0.95245",
    "0.88031",
    "0.27348",
    "0.13395",
    "0.53398",
    "0.14737",
    "0.90582",
    "0.27995",
    "0.68584",
    "0.51604",
    "0.29594",
    "0.46501",
    "0.28300",
    "0.36125",
    "0.31889",
    "0.06412",
    "0.20048",
    "0.05802",
    "0.84967",
    "0.45231",
    "0.31327",
    "0.98138",
    "0.76324",
    "0.00455",
    "0.49638",
    "0.50627",
    "0.93463",
    "0.09586",
    "0.62481",
    "0.00772",
    "0.23881",
    "0.10123",
    "0.57353",
    "0.86077",
    "0.55083",
    "0.39567",
    "0.21757",
    "0.44035",
    "0.74566",
    "0.35417",
    "0.43193",
    "0.12149",
    "0.69829",
    "0.35173",
    "0.09159",
    "0.27921",
    "0.28373",
    "0.76336",
    "0.07157",
    "0.28849",
    "0.37700",
    "0.96405",
    "0.24686",
    "0.52434",
    "0.85308",
    "0.32878",
    "0.49248",
    "0.36174",
    "0.58696",
    "0.23258",
    "0.68340",
    "0.17570",
    "0.45366",
    "0.05045",
    "0.69463",
    "0.34123",
    "0.32817",
    "0.15738",
    "0.40117",
    "0.23331",
    "0.08548",
    "0.92840",
    "0.67803",
    "0.22697",
    "0.60063",
    "0.73846",
    "0.40019",
    "0.69720",
    "0.74859",
    "0.96258",
    "0.44267",
    "0.01895",
    "0.40434",
    "0.97577",
    "0.68047",
    "0.56731",
    "0.44292",
    "0.15299",
    "0.98859",
    "0.71722",
    "0.73931",
    "0.86932",
    "0.24198",
    "0.84368",
    "0.16849"
  ]
}