{
  "metodo": "multiplicativo",
  "X0": 23664,
  "k": 161,
  "g": 18,
  "iteraciones": 200,
  "numeros": [
    "0.72040",
    "0.47455",
    "0.59101",
    "0.16742",
    "0.47333",
    "0.01263",
    "0.33612",
    "0.60395",
    "0.89814",
    "0.28510",
    "0.62812",
    "0.14984",
    "0.74481",
    "0.04193",
    "0.21698",
    "0.55512",
    "0.76337",
    "0.03314",
    "0.85273",
    "0.56977",
    "0.70380",
    "0.00873",
    "0.28534",
    "0.94379",
    "0.31610",
    "0.71869",
    "0.26483",
    "0.42719",
    "0.35028",
    "0.91303",
    "0.54120",
    "0.76996",
    "0.55634",
    "0.34174",
    "0.86444",
    "0.72211",
    "0.68427",
    "0.75482",
    "0.98456",
    "0.03363",
    "0.48407",
    "0.90229",
    "0.65155",
    "0.45453",
    "0.70575",
    "0.53412",
    "0.61542",
    "0.73481",
    "0.09930",
    "0.40033",
    "0.62616",
    "0.62445",
    "0.41474",
    "0.25092",
    "0.43378",
    "0.87348",
    "0.40204",
    "0.83588",
    "0.78827",
    "0.23187",
    "0.81122",
    "0.90522",
    "0.43964",
    "0.44965",
    "0.39227",
    "0.20892",
    "0.13788",
    "0.27680",
    "0.89521",
    "0.49701",
    "0.63300",
    "0.46332",
    "0.07001",
    "0.51947",
    "0.67499",
    "0.75922",
    "0.66669",
    "0.02631",
    "0.01386",
    "0.91449",
    "0.43524",
    "0.76752",
    "0.39960",
    "0.67914",
    "0.12567",
    "0.49310",
    "0.58222",
    "0.80316",
    "0.48798",
    "0.95307",
    "0.31171",
    "0.03656",
    "0.27216",
    "0.89740",
    "0.33808",
    "0.12933",
    "0.22821",
    "0.07611",
    "0.41132",
    "0.83149",
    "0.10614",
    "0.23920",
    "0.28143",
    "0.89301",
    "0.65595",
    "0.13666",
    "0.69843",
    "0.06390",
    "0.62763",
    "0.51850",
    "0.41229",
    "0.09418",
    "0.77118",
    "0.13471",
    "0.17304",
    "0.73383",
    "0.83661",
    "0.73529",
    "0.73065",
    "0.73285",
    "0.57392",
    "0.07025",
    "0.83515",
    "0.84125",
    "0.73310",
    "0.88959",
    "0.23651",
    "0.80902",
    "0.06415",
    "0.94330",
    "0.68476",
    "0.38617",
    "0.31708",
    "0.98139",
    "0.92987",
    "0.32269",
    "0.24188",
    "0.75385",
    "0.72187",
    "0.36859",
    "0.58856",
    "0.01068",
    "0.81073",
    "0.27387",
    "0.10712",
    "0.50189",
    "0.94648",
    "0.78852",
    "0.54755",
    "0.97748",
    "0.87909",
    "0.66254",
    "0.65985",
    "0.18744",
    "0.35858",
    "0.64594",
    "0.19403",
    "0.88178",
    "0.13495",
    "0.48871",
    "0.90009",
    "0.81049",
    "0.95819",
    "0.94086",
    "0.52802",
    "0.72357",
    "0.57831",
    "0.75238",
    "0.82782",
    "0.37103",
    "0.74530",
    "0.67328",
    "0.54950",
    "0.50287",
    "0.20917",
    "0.45355",
    "0.44306",
    "0.86908",
    "0.71991",
    "0.84320",
    "0.25848",
    "0.21967",
    "0.02753",
    "0.59223",
    "0.74579",
    "0.30463",
    "0.88202",
    "0.45062",
    "0.65497",
    "0.87397",
    "0.03339",
    "0.16840",
    "0.73603",
    "0.67768",
    "0.23163",
    "0.49555",
    "0.73896",
    "0.46576",
    "0.22675",
    "0.18207"
  ]
}