{
  "metodo": "multiplicativo",
  "X0": 15979,
  "k": 102,
  "g": 17,
  "iteraciones": 200,
  "numeros": [
    "0.08819",
    "0.40249",
    "0.44323",
    "0.89157",
    "0.97357",
    "0.29617",
    "0.15185",
    "0.66708",
    "0.66949",
    "0.64883",
    "0.68664",
    "0.72970",
    "0.08221",
    "0.49173",
    "0.70386",
    "0.86069",
    "0.61798",
    "0.35610",
    "0.35974",
    "0.34127",
    "0.18304",
    "0.27322",
    "0.31054",
    "0.95273",
    "0.18365",
    "0.77432",
    "0.71252",
    "0.97629",
    "0.52606",
    "0.89065",
    "0.22192",
    "0.19320",
    "0.61651",
    "0.15347",
    "0.99500",
    "0.88473",
    "0.36126",
    "0.59402",
    "0.68799",
    "0.83212",
    "0.16656",
    "0.74356",
    "0.45715",
    "0.31661",
    "0.93866",
    "0.63333",
    "0.95874",
    "0.11947",
    "0.08379",
    "0.79458",
    "0.34899",
    "0.52194",
    "0.50824",
    "0.25857",
    "0.28417",
    "0.30526",
    "0.61822",
    "0.55655",
    "0.92053",
    "0.75070",
    "0.32000",
    "0.71975",
    "0.91431",
    "0.63949",
    "0.01983",
    "0.27944",
    "0.42175",
    "0.25289",
    "0.62396",
    "0.26687",
    "0.09911",
    "0.37216",
    "0.53863",
    "0.21328",
    "0.10265",
    "0.27853",
    "0.67010",
    "0.14993",
    "0.08862",
    "0.75326",
    "0.42462",
    "0.60806",
    "0.21325",
    "0.07760",
    "0.70843",
    "0.61892",
    "0.13281",
    "0.03280",
    "0.92779",
    "0.71377",
    "0.00353",
    "0.90012",
    "0.98895",
    "0.92386",
    "0.48169",
    "0.46078",
    "0.29815",
    "0.78042",
    "0.72351",
    "0.99606",
    "0.76166",
    "0.31472",
    "0.38525",
    "0.28720",
    "0.78570",
    "0.05801",
    "0.62317",
    "0.61545",
    "0.27654",
    "0.04153",
    "0.09350",
    "0.76205",
    "0.64044",
    "0.79654",
    "0.95251",
    "0.00826",
    "0.78363",
    "0.35427",
    "0.85644",
    "0.13534",
    "0.11236",
    "0.24600",
    "0.96155",
    "0.42453",
    "0.53289",
    "0.50296",
    "0.92407",
    "0.65707",
    "0.45147",
    "0.65640",
    "0.90027",
    "0.11422",
    "0.77435",
    "0.73758",
    "0.54638",
    "0.57724",
    "0.90778",
    "0.27773",
    "0.01867",
    "0.32736",
    "0.75799",
    "0.30813",
    "0.97339",
    "0.14584",
    "0.73126",
    "0.36001",
    "0.56677",
    "0.31393",
    "0.73382",
    "0.46463",
    "0.45507",
    "0.61288",
    "0.17193",
    "0.15322",
    "0.79455",
    "0.32394",
    "0.95184",
    "0.45706",
    "0.24145",
    "0.22836",
    "0.47979",
    "0.90738",
    "0.95203",
    "0.60739",
    "0.66205",
    "0.53543",
    "0.58252",
    "0.24227",
    "0.90485",
    "0.87247",
    "0.28918",
    "0.41427",
    "0.11443",
    "0.94974",
    "0.72827",
    "0.90463",
    "0.69708",
    "0.29849",
    "0.05602",
    "0.99460",
    "0.55902",
    "0.94998",
    "0.92871",
    "0.46542",
    "0.10650",
    "0.43545",
    "0.50256",
    "0.59836",
    "0.24578",
    "0.78616",
    "0.43383",
    "0.17465",
    "0.38311",
    "0.53335",
    "0.87878",
    "0.47555",
    "0.42474",
    "0.70828",
    "0.49365",
    "0.28231"
  ]
}