{
  "metodo": "multiplicativo",
  "X0": 144465,
  "k": 96,
  "g": 12,
  "iteraciones": 200,
  "numeros": [
    "0.53651",
    "0.61954",
    "0.78462",
    "0.35971",
    "0.98584",
    "0.86569",
    "0.01490",
    "0.51209",
    "0.74750",
    "0.67424",
    "0.05788",
    "0.72698",
    "0.82173",
    "0.04518",
    "0.91355",
    "0.00415",
    "0.20830",
    "0.97900",
    "0.58144",
    "0.34408",
    "0.90769",
    "0.47497",
    "0.06178",
    "0.74652",
    "0.91941",
    "0.53358",
    "0.35482",
    "0.21123",
    "0.24347",
    "0.15458",
    "0.46032",
    "0.73871",
    "0.88034",
    "0.33822",
    "0.37827",
    "0.32845",
    "0.82955",
    "0.08425",
    "0.10867",
    "0.98095",
    "0.09109",
    "0.39292",
    "0.65177",
    "0.69573",
    "0.66545",
    "0.26398",
    "0.00708",
    "0.47302",
    "0.55214",
    "0.69768",
    "0.17509",
    "0.31282",
    "0.75140",
    "0.69377",
    "0.15556",
    "0.21514",
    "0.26300",
    "0.25226",
    "0.94872",
    "0.17998",
    "0.08718",
    "0.37338",
    "0.55409",
    "0.20733",
    "0.22393",
    "0.05690",
    "0.97216",
    "0.29719",
    "0.67326",
    "0.30305",
    "0.20244",
    "0.44957",
    "0.43492",
    "0.11160",
    "0.24542",
    "0.66447",
    "0.50916",
    "0.48278",
    "0.10085",
    "0.94188",
    "0.89597",
    "0.41636",
    "0.76899",
    "0.28156",
    "0.59512",
    "0.91258",
    "0.24933",
    "0.68400",
    "0.60684",
    "0.97118",
    "0.54237",
    "0.14872",
    "0.93114",
    "0.59219",
    "0.64786",
    "0.67619",
    "0.56777",
    "0.77582",
    "0.56581",
    "0.26593",
    "0.51697",
    "0.52186",
    "0.29621",
    "0.91844",
    "0.77875",
    "0.83053",
    "0.83932",
    "0.63321",
    "0.35287",
    "0.70159",
    "0.19463",
    "0.41050",
    "0.23956",
    "0.13504",
    "0.36264",
    "0.25031",
    "0.43883",
    "0.13114",
    "0.34310",
    "0.15263",
    "0.95067",
    "0.68987",
    "0.13602",
    "0.11746",
    "0.77485",
    "0.81099",
    "0.74164",
    "0.14481",
    "0.91160",
    "0.49451",
    "0.15946",
    "0.23468",
    "0.36068",
    "0.74066",
    "0.38999",
    "0.38706",
    "0.12234",
    "0.54921",
    "0.43297",
    "0.60195",
    "0.19658",
    "0.92039",
    "0.28840",
    "0.87937",
    "0.58339",
    "0.85397",
    "0.95653",
    "0.21905",
    "0.28254",
    "0.34994",
    "0.43687",
    "0.62149",
    "0.29426",
    "0.40855",
    "0.72991",
    "0.08620",
    "0.61856",
    "0.02955",
    "0.83541",
    "0.61368",
    "0.25519",
    "0.21319",
    "0.75336",
    "0.20342",
    "0.20440",
    "0.95946",
    "0.48376",
    "0.85592",
    "0.46618",
    "0.26789",
    "0.02662",
    "0.57070",
    "0.04029",
    "0.13895",
    "0.38217",
    "0.34799",
    "0.92723",
    "0.57265",
    "0.55018",
    "0.18779",
    "0.12625",
    "0.56874",
    "0.53065",
    "0.09011",
    "0.63810",
    "0.12723",
    "0.32357",
    "0.05495",
    "0.46227",
    "0.24835",
    "0.92918",
    "0.08230",
    "0.59902",
    "0.93211",
    "0.34701",
    "0.17216",
    "0.04811",
    "0.17802",
    "0.57753",
    "0.32454"
  ]
}