{
  "metodo": "multiplicativo",
  "X0": 71797,
  "k": 127,
  "g": 13,
  "iteraciones": 200,
  "numeros": [
    "0.33219",
    "0.12856",
    "0.23941",
    "0.40691",
    "0.40447",
    "0.91185",
    "0.88988",
    "0.45574",
    "0.25797",
    "0.35124",
    "0.57148",
    "0.41082",
    "0.39275",
    "0.94702",
    "0.78440",
    "0.77219",
    "0.30875",
    "0.19888",
    "0.02845",
    "0.03968",
    "0.50604",
    "0.60713",
    "0.80393",
    "0.71359",
    "0.48456",
    "0.67159",
    "0.61055",
    "0.29361",
    "0.74435",
    "0.89232",
    "0.94848",
    "0.27994",
    "0.78537",
    "0.76926",
    "0.31754",
    "0.17251",
    "0.10756",
    "0.80247",
    "0.21792",
    "0.47137",
    "0.21109",
    "0.49188",
    "0.14955",
    "0.67647",
    "0.59590",
    "0.33757",
    "0.61250",
    "0.28775",
    "0.76193",
    "0.83958",
    "0.10658",
    "0.80540",
    "0.20913",
    "0.49774",
    "0.13197",
    "0.72921",
    "0.43768",
    "0.81223",
    "0.18862",
    "0.55927",
    "0.94750",
    "0.28287",
    "0.77658",
    "0.79563",
    "0.23843",
    "0.40984",
    "0.39568",
    "0.93822",
    "0.81077",
    "0.69308",
    "0.54609",
    "0.48700",
    "0.16420",
    "0.63252",
    "0.72775",
    "0.94213",
    "0.79905",
    "0.72824",
    "0.44061",
    "0.80344",
    "0.21499",
    "0.48016",
    "0.18471",
    "0.57099",
    "0.91234",
    "0.38835",
    "0.46014",
    "0.74484",
    "0.39079",
    "0.95288",
    "0.76682",
    "0.82493",
    "0.15053",
    "0.67354",
    "0.60469",
    "0.31120",
    "0.69161",
    "0.05042",
    "0.47381",
    "0.70382",
    "0.51386",
    "0.58369",
    "0.87425",
    "0.50262",
    "0.11732",
    "0.77317",
    "0.30582",
    "0.20767",
    "0.00208",
    "0.11879",
    "0.26871",
    "0.31901",
    "0.66817",
    "0.12074",
    "0.26285",
    "0.33659",
    "0.61543",
    "0.27896",
    "0.78830",
    "0.76047",
    "0.34391",
    "0.09340",
    "0.34489",
    "0.09047",
    "0.35368",
    "0.06409",
    "0.43279",
    "0.82688",
    "0.14467",
    "0.69112",
    "0.55195",
    "0.46942",
    "0.21695",
    "0.47430",
    "0.20230",
    "0.51825",
    "0.07044",
    "0.91381",
    "0.88402",
    "0.47332",
    "0.20523",
    "0.50946",
    "0.09681",
    "0.83470",
    "0.12123",
    "0.76145",
    "0.34098",
    "0.10219",
    "0.31852",
    "0.16958",
    "0.11635",
    "0.77610",
    "0.29703",
    "0.23404",
    "0.92309",
    "0.35612",
    "0.55683",
    "0.45477",
    "0.26090",
    "0.34245",
    "0.59785",
    "0.33171",
    "0.63008",
    "0.23501",
    "0.92016",
    "0.36491",
    "0.53046",
    "0.53388",
    "0.02356",
    "0.05433",
    "0.46209",
    "0.73898",
    "0.40838",
    "0.90013",
    "0.92504",
    "0.35026",
    "0.57441",
    "0.40203",
    "0.41912",
    "0.86790",
    "0.02161",
    "0.06019",
    "0.44451",
    "0.79172",
    "0.25015",
    "0.37468",
    "0.50116",
    "0.62178",
    "0.75998",
    "0.84544",
    "0.08900",
    "0.85814",
    "0.05091",
    "0.97241",
    "0.70822",
    "0.00061",
    "0.62325",
    "0.25552",
    "0.85863",
    "0.54951"
  ]
}