{
  "metodo": "multiplicativo",
  "X0": 43884,
  "k": 109,
  "g": 17,
  "iteraciones": 200,
  "numeros": [
    "0.62693",
    "0.81113",
    "0.35813",
    "0.07456",
    "0.38425",
    "0.98447",
    "0.37717",
    "0.77524",
    "0.88377",
    "0.05624",
    "0.32590",
    "0.81187",
    "0.00046",
    "0.40146",
    "0.07932",
    "0.55942",
    "0.60935",
    "0.39511",
    "0.51242",
    "0.39292",
    "0.58542",
    "0.41220",
    "0.50022",
    "0.68735",
    "0.80369",
    "0.82773",
    "0.91770",
    "0.81772",
    "0.13913",
    "0.01669",
    "0.63987",
    "0.15903",
    "0.46677",
    "0.35410",
    "0.54172",
    "0.08627",
    "0.66160",
    "0.21494",
    "0.49826",
    "0.97446",
    "0.59861",
    "0.97422",
    "0.38449",
    "0.19858",
    "0.15280",
    "0.00693",
    "0.07541",
    "0.13364",
    "0.19919",
    "0.68809",
    "0.44602",
    "0.15463",
    "0.61277",
    "0.39267",
    "0.37131",
    "0.63657",
    "0.26853",
    "0.49570",
    "0.72629",
    "0.95444",
    "0.04147",
    "0.37216",
    "0.38596",
    "0.48325",
    "0.80662",
    "0.39707",
    "0.22531",
    "0.59800",
    "0.43894",
    "0.94541",
    "0.11936",
    "0.67368",
    "0.81345",
    "0.39218",
    "0.94309",
    "0.08530",
    "0.80515",
    "0.11240",
    "0.57151",
    "0.20786",
    "0.28903",
    "0.48105",
    "0.87961",
    "0.41635",
    "0.14011",
    "0.87315",
    "0.74241",
    "0.08579",
    "0.23337",
    "0.66367",
    "0.03488",
    "0.59116",
    "0.44382",
    "0.22763",
    "0.63205",
    "0.30747",
    "0.64646",
    "0.94004",
    "0.40891",
    "0.60972",
    "0.71628",
    "0.17587",
    "0.24045",
    "0.87290",
    "0.52829",
    "0.31015",
    "0.00168",
    "0.47202",
    "0.95750",
    "0.71787",
    "0.56760",
    "0.78208",
    "0.87888",
    "0.77402",
    "0.81321",
    "0.17807",
    "0.16745",
    "0.85361",
    "0.61350",
    "0.03500",
    "0.69822",
    "0.33164",
    "0.84348",
    "0.72788",
    "0.34616",
    "0.58310",
    "0.37815",
    "0.63169",
    "0.98631",
    "0.98301",
    "0.09250",
    "0.12143",
    "0.49363",
    "0.90635",
    "0.86155",
    "0.57212",
    "0.74314",
    "0.72812",
    "0.56028",
    "0.35874",
    "0.60984",
    "0.82334",
    "0.06369",
    "0.85630",
    "0.96873",
    "0.56699",
    "0.24680",
    "0.43979",
    "0.69480",
    "0.33408",
    "0.98460",
    "0.48423",
    "0.66306",
    "0.49961",
    "0.15207",
    "0.36460",
    "0.74851",
    "0.43857",
    "0.62424",
    "0.45591",
    "0.82615",
    "0.52597",
    "0.27609",
    "0.13315",
    "0.77097",
    "0.13681",
    "0.98264",
    "0.77134",
    "0.45798",
    "0.64609",
    "0.61887",
    "0.74546",
    "0.76218",
    "0.42881",
    "0.05978",
    "0.43051",
    "0.55857",
    "0.85996",
    "0.18039",
    "0.20151",
    "0.72214",
    "0.31455",
    "0.85569",
    "0.43344",
    "0.12790",
    "0.16757",
    "0.96067",
    "0.50132",
    "0.65085",
    "0.79404",
    "0.37033",
    "0.78013",
    "0.16599",
    "0.56894",
    "0.95969",
    "0.64487",
    "0.54831",
    "0.86729",
    "0.60373",
    "0.47055"
  ]
}