{
  "metodo": "multiplicativo",
  "X0": 86756,
  "k": 133,
  "g": 17,
  "iteraciones": 200,
  "numeros": [
    "0.56656",
    "0.65140",
    "0.34415",
    "0.89286",
    "0.45963",
    "0.33939",
    "0.80363",
    "0.06912",
    "0.89176",
    "0.28519",
    "0.86466",
    "0.31571",
    "0.48795",
    "0.61380",
    "0.15225",
    "0.75760",
    "0.87321",
    "0.45023",
    "0.29141",
    "0.51981",
    "0.67252",
    "0.91947",
    "0.90714",
    "0.72733",
    "0.51090",
    "0.14652",
    "0.62442",
    "0.50516",
    "0.01334",
    "0.25638",
    "0.06827",
    "0.97831",
    "0.80485",
    "0.37406",
    "0.86368",
    "0.27176",
    "0.51041",
    "0.62455",
    "0.63566",
    "0.51053",
    "0.75504",
    "0.13284",
    "0.00919",
    "0.81962",
    "0.16373",
    "0.02396",
    "0.60929",
    "0.32401",
    "0.36148",
    "0.42289",
    "0.06094",
    "0.14871",
    "0.97330",
    "0.45462",
    "0.98917",
    "0.41873",
    "0.62418",
    "0.24417",
    "0.01895",
    "0.25907",
    "0.93912",
    "0.91654",
    "0.77530",
    "0.79471",
    "0.54313",
    "0.59671",
    "0.88322",
    "0.15067",
    "0.06119",
    "0.40970",
    "0.96769",
    "0.45194",
    "0.11832",
    "0.48050",
    "0.65372",
    "0.82352",
    "0.33951",
    "0.93412",
    "0.56632",
    "0.39041",
    "0.34976",
    "0.89555",
    "0.33048",
    "0.27762",
    "0.77408",
    "0.48978",
    "0.57120",
    "0.61014",
    "0.23746",
    "0.84183",
    "0.91349",
    "0.51297",
    "0.36490",
    "0.07669",
    "0.98234",
    "0.11112",
    "0.78141",
    "0.31937",
    "0.40274",
    "0.52958",
    "0.11197",
    "0.69486",
    "0.79972",
    "0.89335",
    "0.98161",
    "0.32816",
    "0.79825",
    "0.32743",
    "0.01529",
    "0.34427",
    "0.02335",
    "0.95682",
    "0.83805",
    "0.86820",
    "0.10001",
    "0.90653",
    "0.07486",
    "0.02493",
    "0.65323",
    "0.30155",
    "0.35074",
    "0.93949",
    "0.30802",
    "0.26688",
    "0.29068",
    "0.73685",
    "0.68937",
    "0.92753",
    "0.51969",
    "0.54203",
    "0.42227",
    "0.40848",
    "0.66276",
    "0.48001",
    "0.13175",
    "0.83475",
    "0.34488",
    "0.67582",
    "0.44278",
    "0.33133",
    "0.19107",
    "0.25443",
    "0.98038",
    "0.02322",
    "0.82633",
    "0.34085",
    "0.36954",
    "0.03543",
    "0.87565",
    "0.06009",
    "0.23526",
    "0.49295",
    "0.96403",
    "0.53714",
    "0.20255",
    "0.52079",
    "0.71647",
    "0.89701",
    "0.89640",
    "0.24393",
    "0.75797",
    "0.26468",
    "0.94181",
    "0.78739",
    "0.71354",
    "0.76517",
    "0.96378",
    "0.27616",
    "0.20816",
    "0.52347",
    "0.58732",
    "0.83524",
    "0.86686",
    "0.66459",
    "0.43741",
    "0.58963",
    "0.31461",
    "0.31351",
    "0.13907",
    "0.66434",
    "0.17642",
    "0.59525",
    "0.31729",
    "0.18436",
    "0.07730",
    "0.63480",
    "0.59708",
    "0.27469",
    "0.64225",
    "0.55716",
    "0.60343",
    "0.06033",
    "0.49625",
    "0.48734",
    "0.96134",
    "0.66630",
    "0.26431",
    "0.55033",
    "0.29581",
    "0.21756"
  ]
}