{
  "metodo": "multiplicativo",
  "X0": 115018,
  "k": 55,
  "g": 12,
  "iteraciones": 200,
  "numeros": [
    "0.85226",
    "0.16264",
    "0.35604",
    "0.40098",
    "0.39121",
    "0.04542",
    "0.20757",
    "0.34628",
    "0.05519",
    "0.55336",
    "0.18413",
    "0.91673",
    "0.84444",
    "0.68620",
    "0.28571",
    "0.11184",
    "0.75849",
    "0.44396",
    "0.51233",
    "0.93236",
    "0.79756",
    "0.82686",
    "0.86398",
    "0.37753",
    "0.96166",
    "0.83468",
    "0.34042",
    "0.44786",
    "0.25055",
    "0.46740",
    "0.94212",
    "0.14310",
    "0.66471",
    "0.72527",
    "0.66862",
    "0.46349",
    "0.20366",
    "0.60806",
    "0.52015",
    "0.40879",
    "0.86789",
    "0.11575",
    "0.49670",
    "0.97924",
    "0.65690",
    "0.24860",
    "0.59829",
    "0.17436",
    "0.57094",
    "0.00635",
    "0.82491",
    "0.99487",
    "0.61001",
    "0.38926",
    "0.17631",
    "0.44005",
    "0.77411",
    "0.39707",
    "0.65299",
    "0.51038",
    "0.06300",
    "0.02979",
    "0.25446",
    "0.20562",
    "0.47717",
    "0.28767",
    "0.98120",
    "0.52601",
    "0.01612",
    "0.17045",
    "0.83272",
    "0.47131",
    "0.68034",
    "0.67839",
    "0.80928",
    "0.04151",
    "0.46935",
    "0.81123",
    "0.91087",
    "0.23687",
    "0.38339",
    "0.56899",
    "0.13724",
    "0.05714",
    "0.42247",
    "0.95189",
    "0.48889",
    "0.50256",
    "0.58657",
    "0.95971",
    "0.96557",
    "0.57289",
    "0.87570",
    "0.59243",
    "0.56703",
    "0.26813",
    "0.28962",
    "0.85031",
    "0.29353",
    "0.58852",
    "0.82882",
    "0.73309",
    "0.14505",
    "0.53382",
    "0.49280",
    "0.24078",
    "0.12161",
    "0.10403",
    "0.28181",
    "0.37363",
    "0.22320",
    "0.29939",
    "0.19585",
    "0.13138",
    "0.44982",
    "0.11966",
    "0.23492",
    "0.51429",
    "0.80147",
    "0.56508",
    "0.39902",
    "0.52210",
    "0.27790",
    "0.63541",
    "0.68816",
    "0.15482",
    "0.87961",
    "0.33065",
    "0.10208",
    "0.41270",
    "0.60611",
    "0.65104",
    "0.64127",
    "0.29548",
    "0.45763",
    "0.59634",
    "0.30525",
    "0.80342",
    "0.43419",
    "0.16654",
    "0.09426",
    "0.93626",
    "0.53578",
    "0.36190",
    "0.00830",
    "0.69402",
    "0.76239",
    "0.18217",
    "0.04737",
    "0.07668",
    "0.11380",
    "0.62759",
    "0.21148",
    "0.08449",
    "0.59048",
    "0.69792",
    "0.50061",
    "0.71746",
    "0.19194",
    "0.39316",
    "0.91477",
    "0.97534",
    "0.91868",
    "0.71355",
    "0.45372",
    "0.85812",
    "0.77021",
    "0.65885",
    "0.11770",
    "0.36581",
    "0.74676",
    "0.22906",
    "0.90696",
    "0.49866",
    "0.84835",
    "0.42442",
    "0.82100",
    "0.25641",
    "0.07473",
    "0.24469",
    "0.86007",
    "0.63932",
    "0.42637",
    "0.69011",
    "0.02393",
    "0.64713",
    "0.90305",
    "0.76044",
    "0.31306",
    "0.27985",
    "0.50452",
    "0.45568",
    "0.72723",
    "0.53773",
    "0.23101",
    "0.77607",
    "0.26618",
    "0.42051",
    "0.08254",
    "0.72137"
  ]
}