{
  "metodo": "multiplicativo",
  "X0": 70666,
  "k": 103,
  "g": 13,
  "iteraciones": 200,
  "numeros": [
    "0.13698",
    "0.54230",
    "0.51398",
    "0.03638",
    "0.15651",
    "0.73373",
    "0.18972",
    "0.25906",
    "0.73862",
    "0.23758",
    "0.92809",
    "0.29423",
    "0.88316",
    "0.05396",
    "0.72885",
    "0.14186",
    "0.59016",
    "0.18288",
    "0.59211",
    "0.80210",
    "0.85972",
    "0.62434",
    "0.51789",
    "0.27469",
    "0.69173",
    "0.37822",
    "0.50617",
    "0.55988",
    "0.08619",
    "0.44463",
    "0.55695",
    "0.65755",
    "0.04322",
    "0.82359",
    "0.67025",
    "0.56770",
    "0.56281",
    "0.51496",
    "0.84605",
    "0.29032",
    "0.64485",
    "0.51886",
    "0.08424",
    "0.82554",
    "0.28934",
    "0.83531",
    "0.38506",
    "0.17312",
    "0.49640",
    "0.46417",
    "0.74838",
    "0.33329",
    "0.26590",
    "0.40557",
    "0.17409",
    "0.30595",
    "0.59797",
    "0.65950",
    "0.66243",
    "0.09108",
    "0.49249",
    "0.22586",
    "0.21316",
    "0.68880",
    "0.94958",
    "0.10475",
    "0.82652",
    "0.09889",
    "0.96911",
    "0.29618",
    "0.50226",
    "0.32157",
    "0.55109",
    "0.80015",
    "0.24051",
    "0.35673",
    "0.69564",
    "0.61653",
    "0.04126",
    "0.20437",
    "0.40264",
    "0.74545",
    "0.90465",
    "0.86461",
    "0.67220",
    "0.18679",
    "0.83042",
    "0.33720",
    "0.50421",
    "0.94079",
    "0.81870",
    "0.62239",
    "0.89879",
    "0.00708",
    "0.86949",
    "0.72006",
    "0.85582",
    "0.38603",
    "0.98279",
    "0.63020",
    "0.37529",
    "0.07740",
    "0.15847",
    "0.35283",
    "0.45733",
    "0.08131",
    "0.39678",
    "0.88805",
    "0.10182",
    "0.39775",
    "0.69759",
    "0.23562",
    "0.30888",
    "0.02661",
    "0.06080",
    "0.39580",
    "0.07838",
    "0.96814",
    "0.48663",
    "0.36845",
    "0.41045",
    "0.22195",
    "0.97497",
    "0.15358",
    "0.30497",
    "0.78843",
    "0.52570",
    "0.75131",
    "0.76206",
    "0.66732",
    "0.13893",
    "0.16140",
    "0.78159",
    "0.85875",
    "0.81480",
    "0.38408",
    "0.36357",
    "0.36259",
    "0.55305",
    "0.41924",
    "0.50812",
    "0.17898",
    "0.35380",
    "0.26688",
    "0.21511",
    "0.30790",
    "0.21707",
    "0.92712",
    "0.48468",
    "0.74936",
    "0.14284",
    "0.39971",
    "0.31669",
    "0.50324",
    "0.13112",
    "0.68490",
    "0.71127",
    "0.56965",
    "0.18191",
    "0.78257",
    "0.66829",
    "0.94860",
    "0.29520",
    "0.69271",
    "0.18777",
    "0.63997",
    "0.47100",
    "0.41533",
    "0.26981",
    "0.64388",
    "0.70932",
    "0.95056",
    "0.91442",
    "0.96032",
    "0.01001",
    "0.29813",
    "0.12135",
    "0.58918",
    "0.37334",
    "0.45831",
    "0.89098",
    "0.53058",
    "0.79917",
    "0.43096",
    "0.22293",
    "0.78452",
    "0.28739",
    "0.21609",
    "0.11745",
    "0.35087",
    "0.83824",
    "0.81382",
    "0.57453",
    "0.22976",
    "0.45147",
    "0.22390",
    "0.59407",
    "0.42119",
    "0.12721",
    "0.44659"
  ]
}