{
  "metodo": "multiplicativo",
  "X0": 168692,
  "k": 117,
  "g": 16,
  "iteraciones": 200,
  "numeros": [
    "0.16754",
    "0.65657",
    "0.81843",
    "0.13361",
    "0.72322",
    "0.53645",
    "0.78816",
    "0.64631",
    "0.16950",
    "0.49445",
    "0.27350",
    "0.36213",
    "0.75642",
    "0.78059",
    "0.52448",
    "0.53107",
    "0.73396",
    "0.64485",
    "0.79109",
    "0.40314",
    "0.35212",
    "0.33722",
    "0.32331",
    "0.22834",
    "0.86091",
    "0.10773",
    "0.37116",
    "0.25666",
    "0.51032",
    "0.20636",
    "0.18463",
    "0.73811",
    "0.55036",
    "0.88313",
    "0.01373",
    "0.92268",
    "0.23102",
    "0.38801",
    "0.10846",
    "0.06036",
    "0.80232",
    "0.97102",
    "0.71882",
    "0.40119",
    "0.51423",
    "0.88215",
    "0.09479",
    "0.19513",
    "0.61677",
    "0.37140",
    "0.48640",
    "0.69221",
    "0.35993",
    "0.68879",
    "0.14362",
    "0.14240",
    "0.99373",
    "0.08429",
    "0.31647",
    "0.79573",
    "0.76814",
    "0.80793",
    "0.25495",
    "0.90217",
    "0.93318",
    "0.10968",
    "0.20905",
    "0.71174",
    "0.73884",
    "0.23957",
    "0.42878",
    "0.47443",
    "0.43513",
    "0.44758",
    "0.16413",
    "0.44025",
    "0.27204",
    "0.98372",
    "0.66511",
    "0.85921",
    "0.49958",
    "0.09796",
    "0.18170",
    "0.98128",
    "0.36774",
    "0.04034",
    "0.96394",
    "0.05646",
    "0.12653",
    "0.06085",
    "0.26178",
    "0.33478",
    "0.02594",
    "0.40949",
    "0.32526",
    "0.06622",
    "0.31598",
    "0.33625",
    "0.40436",
    "0.50080",
    "0.24665",
    "0.09113",
    "0.74910",
    "0.88850",
    "0.06793",
    "0.92415",
    "0.60945",
    "0.47932",
    "0.02985",
    "0.08527",
    "0.23542",
    "0.52326",
    "0.38239",
    "0.82454",
    "0.87703",
    "0.27033",
    "0.37556",
    "0.39191",
    "0.78425",
    "0.97053",
    "0.25934",
    "0.03742",
    "0.20710",
    "0.87385",
    "0.28376",
    "0.01105",
    "0.39557",
    "0.23029",
    "0.69880",
    "0.56281",
    "0.59968",
    "0.28986",
    "0.75447",
    "0.94270",
    "0.06940",
    "0.30256",
    "0.70076",
    "0.40070",
    "0.05475",
    "0.51838",
    "0.78767",
    "0.18683",
    "0.80574",
    "0.18732",
    "0.26520",
    "0.55109",
    "0.57234",
    "0.55940",
    "0.38337",
    "0.74348",
    "0.60456",
    "0.88460",
    "0.39216",
    "0.01398",
    "0.15241",
    "0.41291",
    "0.54157",
    "0.61262",
    "0.46589",
    "0.39435",
    "0.08161",
    "0.78938",
    "0.79500",
    "0.07892",
    "0.26227",
    "0.79426",
    "0.38972",
    "0.71662",
    "0.33356",
    "0.87727",
    "0.50007",
    "0.55744",
    "0.54548",
    "0.28840",
    "0.37604",
    "0.85139",
    "0.14801",
    "0.27765",
    "0.26764",
    "0.84846",
    "0.39118",
    "0.09503",
    "0.42487",
    "0.79866",
    "0.52497",
    "0.99055",
    "0.09772",
    "0.95198",
    "0.79939",
    "0.21418",
    "0.53620",
    "0.55842",
    "0.46442",
    "0.01593",
    "0.99031",
    "0.86799",
    "0.77009",
    "0.64582",
    "0.71003",
    "0.13068"
  ]
}