{
  "metodo": "multiplicativo",
  "X0": 172514,
  "k": 223,
  "g": 18,
  "iteraciones": 200,
  "numeros": [
    "0.32066",
    "0.65327",
    "0.69450",
    "0.45362",
    "0.52781",
    "0.25056",
    "0.24638",
    "0.76673",
    "0.68223",
    "0.50605",
    "0.32365",
    "0.00367",
    "0.56516",
    "0.07600",
    "0.95756",
    "0.07069",
    "0.45786",
    "0.11665",
    "0.67936",
    "0.37403",
    "0.14158",
    "0.28425",
    "0.52030",
    "0.81996",
    "0.89756",
    "0.73506",
    "0.01163",
    "0.81471",
    "0.50706",
    "0.12531",
    "0.18461",
    "0.26454",
    "0.25132",
    "0.61128",
    "0.57047",
    "0.57569",
    "0.91160",
    "0.84919",
    "0.20048",
    "0.65443",
    "0.76915",
    "0.99531",
    "0.60588",
    "0.90699",
    "0.60520",
    "0.70588",
    "0.81791",
    "0.23963",
    "0.70103",
    "0.13715",
    "0.36784",
    "0.05860",
    "0.83787",
    "0.94538",
    "0.28690",
    "0.27015",
    "0.29698",
    "0.28681",
    "0.10636",
    "0.28053",
    "0.85960",
    "0.81770",
    "0.85746",
    "0.99598",
    "0.80699",
    "0.69429",
    "0.07145",
    "0.82276",
    "0.92039",
    "0.57282",
    "0.77958",
    "0.66712",
    "0.48106",
    "0.60957",
    "0.51310",
    "0.93531",
    "0.27024",
    "0.46076",
    "0.30326",
    "0.53358",
    "0.56919",
    "0.28266",
    "0.68132",
    "0.86818",
    "0.15916",
    "0.73152",
    "0.67851",
    "0.84535",
    "0.32139",
    "0.96357",
    "0.82609",
    "0.87135",
    "0.83714",
    "0.63508",
    "0.15531",
    "0.85243",
    "0.98765",
    "0.90229",
    "0.19743",
    "0.19483",
    "0.55418",
    "0.42146",
    "0.98368",
    "0.80482",
    "0.81797",
    "0.34882",
    "0.04533",
    "0.08863",
    "0.56028",
    "0.34065",
    "0.41361",
    "0.95253",
    "0.06236",
    "0.55317",
    "0.61979",
    "0.80275",
    "0.10545",
    "0.64265",
    "0.69511",
    "0.54554",
    "0.97081",
    "0.76533",
    "0.17082",
    "0.58717",
    "0.43968",
    "0.57746",
    "0.07816",
    "0.83387",
    "0.79332",
    "0.23530",
    "0.94841",
    "0.69190",
    "0.81297",
    "0.39509",
    "0.81279",
    "0.06751",
    "0.77989",
    "0.21308",
    "0.20255",
    "0.36695",
    "0.47532",
    "0.34553",
    "0.14896",
    "0.49647",
    "0.18052",
    "0.94868",
    "0.18327",
    "0.86232",
    "0.67674",
    "0.67878",
    "0.33671",
    "0.37074",
    "0.24522",
    "0.69209",
    "0.14054",
    "0.42799",
    "0.66722",
    "0.64485",
    "0.62602",
    "0.94032",
    "0.22398",
    "0.69331",
    "0.32438",
    "0.31397",
    "0.69676",
    "0.49372",
    "0.26688",
    "0.45521",
    "0.36680",
    "0.20234",
    "0.98478",
    "0.77027",
    "0.01536",
    "0.47541",
    "0.50932",
    "0.16541",
    "0.92369",
    "0.46919",
    "0.37174",
    "0.04688",
    "0.87303",
    "0.83992",
    "0.60331",
    "0.32093",
    "0.14463",
    "0.74385",
    "0.73527",
    "0.39381",
    "0.51975",
    "0.83723",
    "0.79887",
    "0.17176",
    "0.27964",
    "0.27631",
    "0.32536",
    "0.06104",
    "0.20554",
    "0.71736",
    "0.34599",
    "0.96791"
  ]
}