{
  "metodo": "multiplicativo",
  "X0": 75503,
  "k": 114,
  "g": 17,
  "iteraciones": 200,
  "numeros": [
    "0.23068",
    "0.52874",
    "0.85452",
    "0.59033",
    "0.32748",
    "0.29595",
    "0.38784",
    "0.64953",
    "0.61764",
    "0.37371",
    "0.69266",
    "0.15991",
    "0.63241",
    "0.91827",
    "0.05019",
    "0.02770",
    "0.40304",
    "0.58587",
    "0.24172",
    "0.65918",
    "0.46078",
    "0.53277",
    "0.54849",
    "0.96057",
    "0.83688",
    "0.41522",
    "0.75174",
    "0.33813",
    "0.06258",
    "0.38946",
    "0.13271",
    "0.69812",
    "0.16915",
    "0.11175",
    "0.47268",
    "0.44677",
    "0.68783",
    "0.73834",
    "0.05288",
    "0.49035",
    "0.64987",
    "0.92548",
    "0.65457",
    "0.23510",
    "0.58651",
    "0.82941",
    "0.55899",
    "0.58728",
    "0.52902",
    "0.10638",
    "0.54739",
    "0.95312",
    "0.00863",
    "0.91266",
    "0.90103",
    "0.23889",
    "0.05660",
    "0.90448",
    "0.40115",
    "0.85083",
    "0.20419",
    "0.23809",
    "0.32900",
    "0.69519",
    "0.48263",
    "0.56976",
    "0.46585",
    "0.17822",
    "0.42318",
    "0.05572",
    "0.09292",
    "0.20617",
    "0.05709",
    "0.35223",
    "0.99149",
    "0.18530",
    "0.91562",
    "0.61554",
    "0.44278",
    "0.02184",
    "0.02999",
    "0.50189",
    "0.22805",
    "0.12206",
    "0.93149",
    "0.16754",
    "0.62857",
    "0.39221",
    "0.65133",
    "0.26873",
    "0.42556",
    "0.23852",
    "0.72079",
    "0.96173",
    "0.90030",
    "0.56726",
    "0.17111",
    "0.90277",
    "0.83401",
    "0.78467",
    "0.53354",
    "0.24810",
    "0.50796",
    "0.79700",
    "0.83932",
    "0.65399",
    "0.70340",
    "0.01049",
    "0.61972",
    "0.27667",
    "0.70157",
    "0.33142",
    "0.90597",
    "0.77240",
    "0.28372",
    "0.16601",
    "0.22933",
    "0.29742",
    "0.73111",
    "0.42053",
    "0.62106",
    "0.50799",
    "0.82498",
    "0.50122",
    "0.61239",
    "0.56036",
    "0.84659",
    "0.31433",
    "0.23458",
    "0.11077",
    "0.57718",
    "0.26611",
    "0.01888",
    "0.31549",
    "0.29800",
    "0.26281",
    "0.99655",
    "0.83075",
    "0.79031",
    "0.71069",
    "0.69882",
    "0.81280",
    "0.33535",
    "0.51599",
    "0.15695",
    "0.91791",
    "0.71438",
    "0.08495",
    "0.90219",
    "0.30230",
    "0.20864",
    "0.32385",
    "0.96579",
    "0.62225",
    "0.59939",
    "0.63891",
    "0.87900",
    "0.03399",
    "0.16787",
    "0.93640",
    "0.67306",
    "0.19378",
    "0.69534",
    "0.62256",
    "0.87924",
    "0.25787",
    "0.46304",
    "0.60363",
    "0.52877",
    "0.88251",
    "0.25222",
    "0.28588",
    "0.15292",
    "0.22393",
    "0.34414",
    "0.57556",
    "0.78293",
    "0.93842",
    "0.52005",
    "0.87891",
    "0.95004",
    "0.18218",
    "0.06118",
    "0.10217",
    "0.68551",
    "0.61151",
    "0.74881",
    "0.65161",
    "0.52060",
    "0.38262",
    "0.86417",
    "0.43347",
    "0.48654",
    "0.15179",
    "0.18850",
    "0.85400",
    "0.11459",
    "0.07525",
    "0.00307",
    "0.81946"
  ]
}