{
  "metodo": "multiplicativo",
  "X0": 160209,
  "k": 192,
  "g": 17,
  "iteraciones": 200,
  "numeros": [
    "0.56071",
    "0.04963",
    "0.47862",
    "0.54542",
    "0.48881",
    "0.25263",
    "0.30613",
    "0.74550",
    "0.80168",
    "0.37947",
    "0.75279",
    "0.04127",
    "0.59306",
    "0.89888",
    "0.16233",
    "0.15150",
    "0.45671",
    "0.77962",
    "0.37852",
    "0.29493",
    "0.48637",
    "0.49043",
    "0.74510",
    "0.19032",
    "0.27580",
    "0.00007",
    "0.10581",
    "0.05640",
    "0.91875",
    "0.77730",
    "0.80443",
    "0.61195",
    "0.00895",
    "0.79085",
    "0.68467",
    "0.07569",
    "0.64018",
    "0.50947",
    "0.09031",
    "0.16639",
    "0.40617",
    "0.90193",
    "0.86510",
    "0.10279",
    "0.40068",
    "0.43696",
    "0.35276",
    "0.60365",
    "0.21745",
    "0.08332",
    "0.39707",
    "0.88771",
    "0.95024",
    "0.30976",
    "0.34178",
    "0.67372",
    "0.19279",
    "0.08503",
    "0.03062",
    "0.18043",
    "0.03886",
    "0.87788",
    "0.80736",
    "0.12660",
    "0.08219",
    "0.65706",
    "0.51573",
    "0.73097",
    "0.41655",
    "0.89131",
    "0.49949",
    "0.71229",
    "0.63566",
    "0.54939",
    "0.60240",
    "0.28932",
    "0.83330",
    "0.10005",
    "0.16819",
    "0.18080",
    "0.60319",
    "0.51204",
    "0.04063",
    "0.60548",
    "0.03910",
    "0.25410",
    "0.56346",
    "0.28211",
    "0.73478",
    "0.29499",
    "0.58043",
    "0.42945",
    "0.78398",
    "0.10346",
    "0.43528",
    "0.76625",
    "0.78044",
    "0.64827",
    "0.97179",
    "0.51124",
    "0.81792",
    "0.39814",
    "0.53367",
    "0.38319",
    "0.49015",
    "0.32185",
    "0.96471",
    "0.60084",
    "0.89091",
    "0.88814",
    "0.60862",
    "0.88295",
    "0.61393",
    "0.06574",
    "0.30918",
    "0.44825",
    "0.75297",
    "0.32344",
    "0.41014",
    "0.01551",
    "0.90178",
    "0.62996",
    "0.75523",
    "0.80348",
    "0.15409",
    "0.45405",
    "0.68821",
    "0.53090",
    "0.10368",
    "0.76448",
    "0.05283",
    "0.41651",
    "0.84428",
    "0.02998",
    "0.19285",
    "0.17909",
    "0.96965",
    "0.21931",
    "0.95201",
    "0.03736",
    "0.57353",
    "0.80122",
    "0.67405",
    "0.71010",
    "0.24967",
    "0.74446",
    "0.20274",
    "0.41603",
    "0.09184",
    "0.51777",
    "0.88182",
    "0.87392",
    "0.69377",
    "0.08991",
    "0.55504",
    "0.30250",
    "0.14921",
    "0.92964",
    "0.56614",
    "0.42054",
    "0.05192",
    "0.00568",
    "0.75889",
    "0.44679",
    "0.49565",
    "0.78682",
    "0.47703",
    "0.09998",
    "0.07414",
    "0.24177",
    "0.56431",
    "0.59889",
    "0.88115",
    "0.83931",
    "0.36448",
    "0.66224",
    "0.51042",
    "0.54817",
    "0.72130",
    "0.50880",
    "0.05570",
    "0.83711",
    "0.97850",
    "0.85731",
    "0.11076",
    "0.67488",
    "0.97984",
    "0.92653",
    "0.76933",
    "0.53022",
    "0.06907",
    "0.43519",
    "0.62516",
    "0.37190",
    "0.08994",
    "0.60206",
    "0.77202",
    "0.66865",
    "0.38621",
    "0.14588"
  ]
}