{
  "metodo": "multiplicativo",
  "X0": 62480,
  "k": 160,
  "g": 15,
  "iteraciones": 200,
  "numeros": [
    "0.15870",
    "0.91849",
    "0.21729",
    "0.21143",
    "0.68215",
    "0.53566",
    "0.30323",
    "0.64113",
    "0.83059",
    "0.27784",
    "0.01416",
    "0.19581",
    "0.60402",
    "0.14502",
    "0.35011",
    "0.87551",
    "0.00244",
    "0.13721",
    "0.31104",
    "0.68020",
    "0.02588",
    "0.25440",
    "0.89700",
    "0.60988",
    "0.67434",
    "0.49660",
    "0.10791",
    "0.66457",
    "0.94778",
    "0.86380",
    "0.94388",
    "0.84426",
    "0.84622",
    "0.35597",
    "0.40480",
    "0.14893",
    "0.36964",
    "0.97317",
    "0.49074",
    "0.57863",
    "0.51808",
    "0.71535",
    "0.20167",
    "0.13330",
    "0.29151",
    "0.58254",
    "0.53761",
    "0.81301",
    "0.68996",
    "0.57472",
    "0.49855",
    "0.61769",
    "0.71340",
    "0.69192",
    "0.08448",
    "0.54738",
    "0.36183",
    "0.93411",
    "0.29542",
    "0.60207",
    "0.63527",
    "0.30128",
    "0.13135",
    "0.78176",
    "0.53371",
    "0.79348",
    "0.59230",
    "0.08643",
    "0.05713",
    "0.41066",
    "0.67824",
    "0.51613",
    "0.20557",
    "0.15284",
    "0.38917",
    "0.07080",
    "0.97903",
    "0.02002",
    "0.72512",
    "0.75051",
    "0.37745",
    "0.01221",
    "0.68606",
    "0.55519",
    "0.40089",
    "0.12940",
    "0.27198",
    "0.48488",
    "0.04932",
    "0.37159",
    "0.48292",
    "0.53957",
    "0.32276",
    "0.73879",
    "0.31886",
    "0.71926",
    "0.22120",
    "0.23096",
    "0.77981",
    "0.02393",
    "0.74465",
    "0.84817",
    "0.86575",
    "0.45363",
    "0.89309",
    "0.59035",
    "0.57668",
    "0.00830",
    "0.66652",
    "0.45753",
    "0.91263",
    "0.68801",
    "0.06494",
    "0.44972",
    "0.87356",
    "0.49269",
    "0.08838",
    "0.56691",
    "0.45949",
    "0.42238",
    "0.73684",
    "0.80911",
    "0.67043",
    "0.47707",
    "0.01025",
    "0.17627",
    "0.50636",
    "0.65676",
    "0.90872",
    "0.66848",
    "0.96731",
    "0.96146",
    "0.43214",
    "0.28565",
    "0.05322",
    "0.39113",
    "0.58058",
    "0.02783",
    "0.76418",
    "0.94583",
    "0.35401",
    "0.89505",
    "0.10010",
    "0.62551",
    "0.75246",
    "0.88723",
    "0.06104",
    "0.43019",
    "0.77590",
    "0.00439",
    "0.64699",
    "0.35987",
    "0.42433",
    "0.24659",
    "0.85794",
    "0.41456",
    "0.69778",
    "0.61379",
    "0.69387",
    "0.59426",
    "0.59621",
    "0.10596",
    "0.15479",
    "0.89895",
    "0.11963",
    "0.72317",
    "0.24073",
    "0.32862",
    "0.26807",
    "0.46535",
    "0.95169",
    "0.88333",
    "0.04151",
    "0.33253",
    "0.28761",
    "0.56301",
    "0.43995",
    "0.32472",
    "0.24854",
    "0.36769",
    "0.46339",
    "0.44191",
    "0.83450",
    "0.29737",
    "0.11182",
    "0.68410",
    "0.04541",
    "0.35206",
    "0.38527",
    "0.05127",
    "0.88137",
    "0.53175",
    "0.28370",
    "0.54347",
    "0.34230",
    "0.83645",
    "0.80715",
    "0.16065",
    "0.42824",
    "0.26612"
  ]
}