{
  "metodo": "multiplicativo",
  "X0": 124887,
  "k": 50,
  "g": 11,
  "iteraciones": 200,
  "numeros": [
    "0.89253",
    "0.29653",
    "0.03664",
    "0.83195",
    "0.77528",
    "0.83586",
    "0.35711",
    "0.55838",
    "0.03273",
    "0.24963",
    "0.05227",
    "0.15975",
    "0.66585",
    "0.53884",
    "0.12262",
    "0.63654",
    "0.67367",
    "0.70298",
    "0.56815",
    "0.98828",
    "0.05618",
    "0.74206",
    "0.38837",
    "0.21446",
    "0.81436",
    "0.65608",
    "0.58378",
    "0.31607",
    "0.94724",
    "0.44504",
    "0.15388",
    "0.29262",
    "0.45481",
    "0.10894",
    "0.09917",
    "0.14411",
    "0.33757",
    "0.64827",
    "0.41964",
    "0.87103",
    "0.59551",
    "0.06204",
    "0.11480",
    "0.47240",
    "0.22814",
    "0.35125",
    "0.18515",
    "0.94919",
    "0.23596",
    "0.51539",
    "0.63068",
    "0.30044",
    "0.61895",
    "0.55447",
    "0.45090",
    "0.52711",
    "0.37665",
    "0.46849",
    "0.64631",
    "0.62872",
    "0.50953",
    "0.25745",
    "0.21641",
    "0.60528",
    "0.01710",
    "0.92184",
    "0.16170",
    "0.45677",
    "0.90034",
    "0.46067",
    "0.48217",
    "0.18319",
    "0.15779",
    "0.87494",
    "0.17733",
    "0.78505",
    "0.79091",
    "0.16365",
    "0.24768",
    "0.26136",
    "0.79873",
    "0.32780",
    "0.69321",
    "0.61309",
    "0.18124",
    "0.36688",
    "0.51343",
    "0.83977",
    "0.93942",
    "0.28090",
    "0.70884",
    "0.94138",
    "0.07181",
    "0.06986",
    "0.27894",
    "0.91793",
    "0.57987",
    "0.73425",
    "0.22423",
    "0.76942",
    "0.46263",
    "0.27308",
    "0.54470",
    "0.49585",
    "0.72057",
    "0.68735",
    "0.23986",
    "0.09722",
    "0.35320",
    "0.97655",
    "0.31021",
    "0.57401",
    "0.36102",
    "0.14021",
    "0.75574",
    "0.92574",
    "0.74402",
    "0.17929",
    "0.57596",
    "0.15193",
    "0.50171",
    "0.09331",
    "0.77137",
    "0.25354",
    "0.63459",
    "0.88276",
    "0.34148",
    "0.23009",
    "0.14216",
    "0.54665",
    "0.28676",
    "0.08158",
    "0.02491",
    "0.08549",
    "0.60723",
    "0.80850",
    "0.28285",
    "0.49976",
    "0.30239",
    "0.40987",
    "0.91597",
    "0.78896",
    "0.37274",
    "0.88666",
    "0.92379",
    "0.95310",
    "0.81827",
    "0.23791",
    "0.30630",
    "0.99218",
    "0.63850",
    "0.46458",
    "0.06400",
    "0.90620",
    "0.83390",
    "0.56619",
    "0.19687",
    "0.69516",
    "0.40401",
    "0.54275",
    "0.70493",
    "0.35906",
    "0.34929",
    "0.39424",
    "0.58769",
    "0.89839",
    "0.66976",
    "0.12066",
    "0.84563",
    "0.31216",
    "0.36492",
    "0.72252",
    "0.47826",
    "0.60137",
    "0.43527",
    "0.19883",
    "0.48608",
    "0.76551",
    "0.88080",
    "0.55056",
    "0.86908",
    "0.80459",
    "0.70103",
    "0.77723",
    "0.62677",
    "0.71861",
    "0.89643",
    "0.87885",
    "0.75965",
    "0.50757",
    "0.46654",
    "0.85540",
    "0.26722",
    "0.17147",
    "0.41182",
    "0.70689",
    "0.14998",
    "0.71080",
    "0.73229",
    "0.43332"
  ]
}