{
  "metodo": "multiplicativo",
  "X0": 157500,
  "k": 202,
  "g": 18,
  "iteraciones": 200,
  "numeros": [
    "0.92083",
    "0.65270",
    "0.01811",
    "0.35985",
    "0.31365",
    "0.41759",
    "0.90898",
    "0.45873",
    "0.59319",
    "0.55358",
    "0.34282",
    "0.70995",
    "0.82195",
    "0.37316",
    "0.88213",
    "0.92601",
    "0.06242",
    "0.18883",
    "0.08940",
    "0.91942",
    "0.37712",
    "0.31310",
    "0.52715",
    "0.50267",
    "0.82854",
    "0.05846",
    "0.75786",
    "0.48827",
    "0.47917",
    "0.73741",
    "0.34404",
    "0.68871",
    "0.39153",
    "0.66246",
    "0.84819",
    "0.91649",
    "0.62810",
    "0.14610",
    "0.83281",
    "0.98412",
    "0.25139",
    "0.50084",
    "0.86040",
    "0.70409",
    "0.32390",
    "0.03917",
    "0.49346",
    "0.88890",
    "0.90813",
    "0.07359",
    "0.29448",
    "0.35106",
    "0.06657",
    "0.91661",
    "0.82598",
    "0.90306",
    "0.86174",
    "0.88073",
    "0.65044",
    "0.35741",
    "0.35613",
    "0.27843",
    "0.33037",
    "0.52660",
    "0.61223",
    "0.42223",
    "0.42827",
    "0.22313",
    "0.69255",
    "0.62462",
    "0.50664",
    "0.25951",
    "0.65959",
    "0.19811",
    "0.12798",
    "0.44823",
    "0.57585",
    "0.45519",
    "0.85479",
    "0.60179",
    "0.50383",
    "0.70836",
    "0.24956",
    "0.53270",
    "0.50603",
    "0.27013",
    "0.87480",
    "0.05345",
    "0.64495",
    "0.45299",
    "0.29302",
    "0.97655",
    "0.98308",
    "0.56944",
    "0.06670",
    "0.11449",
    "0.58293",
    "0.93200",
    "0.75835",
    "0.27977",
    "0.50701",
    "0.85314",
    "0.93047",
    "0.28490",
    "0.81780",
    "0.64537",
    "0.14555",
    "0.94237",
    "0.57781",
    "0.62120",
    "0.96611",
    "0.06468",
    "0.84954",
    "0.09312",
    "0.95464",
    "0.46434",
    "0.69548",
    "0.37364",
    "0.67363",
    "0.95385",
    "0.17815",
    "0.77526",
    "0.68560",
    "0.34569",
    "0.36003",
    "0.61046",
    "0.55303",
    "0.45238",
    "0.30364",
    "0.19176",
    "0.83843",
    "0.08641",
    "0.07146",
    "0.83165",
    "0.10429",
    "0.06029",
    "0.72600",
    "0.84264",
    "0.91314",
    "0.18651",
    "0.32976",
    "0.53722",
    "0.82744",
    "0.27757",
    "0.94524",
    "0.22789",
    "0.40972",
    "0.14598",
    "0.63494",
    "0.22716",
    "0.22246",
    "0.60424",
    "0.46135",
    "0.84752",
    "0.82817",
    "0.46483",
    "0.48699",
    "0.40148",
    "0.78936",
    "0.54027",
    "0.77434",
    "0.20152",
    "0.66851",
    "0.64305",
    "0.38591",
    "0.56017",
    "0.02812",
    "0.58568",
    "0.38420",
    "0.78990",
    "0.43071",
    "0.18065",
    "0.83171",
    "0.20323",
    "0.43877",
    "0.24046",
    "0.79094",
    "0.11266",
    "0.61479",
    "0.57762",
    "0.32439",
    "0.83068",
    "0.52129",
    "0.00462",
    "0.49455",
    "0.66979",
    "0.72075",
    "0.33397",
    "0.36394",
    "0.94249",
    "0.77568",
    "0.37816",
    "0.99504",
    "0.96129",
    "0.24858",
    "0.94970",
    "0.45036",
    "0.03868",
    "0.70195",
    "0.86107"
  ]
}