{
  "metodo": "multiplicativo",
  "X0": 176688,
  "k": 42,
  "g": 19,
  "iteraciones": 200,
  "numeros": [
    "0.91892",
    "0.34995",
    "0.33127",
    "0.96250",
    "0.21042",
    "0.75278",
    "0.69699",
    "0.67392",
    "0.80661",
    "0.05405",
    "0.42990",
    "0.59628",
    "0.33249",
    "0.37875",
    "0.15500",
    "0.85459",
    "0.41306",
    "0.85190",
    "0.49728",
    "0.57382",
    "0.67331",
    "0.59848",
    "0.08176",
    "0.87900",
    "0.73825",
    "0.74350",
    "0.53342",
    "0.89511",
    "0.23288",
    "0.41196",
    "0.47727",
    "0.74716",
    "0.78220",
    "0.72885",
    "0.53830",
    "0.56015",
    "0.01120",
    "0.81918",
    "0.34152",
    "0.45908",
    "0.54489",
    "0.80795",
    "0.51193",
    "0.56894",
    "0.00827",
    "0.82016",
    "0.67453",
    "0.01474",
    "0.02634",
    "0.98081",
    "0.45432",
    "0.92148",
    "0.22409",
    "0.41489",
    "0.47629",
    "0.41415",
    "0.22653",
    "0.24741",
    "0.36545",
    "0.61777",
    "0.65866",
    "0.60336",
    "0.74680",
    "0.65732",
    "0.14548",
    "0.60776",
    "0.24533",
    "0.65781",
    "0.31198",
    "0.38559",
    "0.48605",
    "0.74423",
    "0.78317",
    "0.06186",
    "0.09396",
    "0.04160",
    "0.18405",
    "0.76157",
    "0.69406",
    "0.67490",
    "0.13962",
    "0.60971",
    "0.91135",
    "0.76914",
    "0.27487",
    "0.73129",
    "0.37082",
    "0.44931",
    "0.21481",
    "0.25131",
    "0.69748",
    "0.84043",
    "0.58444",
    "0.29477",
    "0.51633",
    "0.06747",
    "0.00876",
    "0.98667",
    "0.45236",
    "0.25546",
    "0.11276",
    "0.45200",
    "0.13058",
    "0.52939",
    "0.52145",
    "0.81577",
    "0.17600",
    "0.01425",
    "0.85983",
    "0.20297",
    "0.21359",
    "0.83505",
    "0.75290",
    "0.73862",
    "0.86838",
    "0.11679",
    "0.82565",
    "0.54770",
    "0.76535",
    "0.98447",
    "0.70310",
    "0.75522",
    "0.52951",
    "0.56308",
    "0.01022",
    "0.48618",
    "0.78586",
    "0.97763",
    "0.37204",
    "0.86557",
    "0.15939",
    "0.35312",
    "0.41354",
    "0.01840",
    "0.27512",
    "0.81455",
    "0.75974",
    "0.06967",
    "0.75803",
    "0.48691",
    "0.03561",
    "0.14438",
    "0.23312",
    "0.49521",
    "0.86618",
    "0.36752",
    "0.32541",
    "0.96445",
    "0.87644",
    "0.86411",
    "0.65988",
    "0.01962",
    "0.69138",
    "0.75913",
    "0.86154",
    "0.78574",
    "0.93601",
    "0.17758",
    "0.55539",
    "0.38779",
    "0.23532",
    "0.24448",
    "0.36643",
    "0.95078",
    "0.21433",
    "0.08481",
    "0.91965",
    "0.59970",
    "0.49802",
    "0.82358",
    "0.84006",
    "0.45957",
    "0.71140",
    "0.58579",
    "0.75266",
    "0.65537",
    "0.47946",
    "0.49643",
    "0.28244",
    "0.31210",
    "0.42722",
    "0.68051",
    "0.05441",
    "0.55478",
    "0.17966",
    "0.26303",
    "0.69357",
    "0.50839",
    "0.36179",
    "0.36899",
    "0.82492",
    "0.29794",
    "0.59860",
    "0.12338",
    "0.07346",
    "0.04843",
    "0.51511",
    "0.65122",
    "0.06418",
    "0.88486"
  ]
}