{
  "metodo": "multiplicativo",
  "X0": 137173,
  "k": 221,
  "g": 15,
  "iteraciones": 200,
  "numeros": [
    "0.11087",
    "0.57317",
    "0.19608",
    "0.64177",
    "0.83013",
    "0.78265",
    "0.59111",
    "0.01138",
    "0.18216",
    "0.96869",
    "0.43144",
    "0.92010",
    "0.29203",
    "0.75628",
    "0.84210",
    "0.99286",
    "0.28471",
    "0.77044",
    "0.94806",
    "0.85467",
    "0.28520",
    "0.63616",
    "0.87432",
    "0.13053",
    "0.41850",
    "0.97845",
    "0.74590",
    "0.44548",
    "0.80963",
    "0.42228",
    "0.68780",
    "0.42448",
    "0.58354",
    "0.59270",
    "0.82501",
    "0.69256",
    "0.86529",
    "0.11466",
    "0.28251",
    "0.87469",
    "0.77984",
    "0.61321",
    "0.18534",
    "0.59587",
    "0.45219",
    "0.71331",
    "0.65850",
    "0.48112",
    "0.00735",
    "0.03995",
    "0.82696",
    "0.15543",
    "0.57036",
    "0.21818",
    "0.81573",
    "0.24381",
    "0.26615",
    "0.87298",
    "0.74981",
    "0.37126",
    "0.21976",
    "0.62932",
    "0.75420",
    "0.16276",
    "0.55620",
    "0.11222",
    "0.95392",
    "0.24332",
    "0.40043",
    "0.94671",
    "0.47392",
    "0.23795",
    "0.87750",
    "0.75774",
    "0.43925",
    "0.77166",
    "0.11234",
    "0.17032",
    "0.97491",
    "0.46941",
    "0.23002",
    "0.80950",
    "0.20585",
    "0.95624",
    "0.35551",
    "0.30021",
    "0.25712",
    "0.85711",
    "0.61382",
    "0.26749",
    "0.25370",
    "0.79705",
    "0.12992",
    "0.33634",
    "0.32060",
    "0.40104",
    "0.02884",
    "0.13175",
    "0.58281",
    "0.29411",
    "0.43559",
    "0.27873",
    "0.16532",
    "0.10123",
    "0.47514",
    "0.40226",
    "0.19315",
    "0.44743",
    "0.27250",
    "0.12735",
    "0.79131",
    "0.95770",
    "0.95270",
    "0.07901",
    "0.08475",
    "0.25700",
    "0.64068",
    "0.88226",
    "0.19852",
    "0.97040",
    "0.46147",
    "0.16202",
    "0.25761",
    "0.72283",
    "0.54009",
    "0.54338",
    "0.38701",
    "0.13932",
    "0.00150",
    "0.65130",
    "0.71172",
    "0.84490",
    "0.97076",
    "0.11075",
    "0.35673",
    "0.46452",
    "0.57280",
    "0.54680",
    "0.44707",
    "0.62322",
    "0.93268",
    "0.58440",
    "0.10770",
    "0.94598",
    "0.17533",
    "0.84857",
    "0.46367",
    "0.05777",
    "0.42582",
    "0.96429",
    "0.63994",
    "0.58367",
    "0.80914",
    "0.55657",
    "0.76153",
    "0.14859",
    "0.45024",
    "0.25040",
    "0.95343",
    "0.37761",
    "0.47417",
    "0.67083",
    "0.34062",
    "0.89569",
    "0.00589",
    "0.44279",
    "0.04813",
    "0.32780",
    "0.17045",
    "0.19132",
    "0.20096",
    "0.29899",
    "0.09281",
    "0.54143",
    "0.92413",
    "0.43425",
    "0.89801",
    "0.11808",
    "0.34257",
    "0.35856",
    "0.71099",
    "0.54631",
    "0.58135",
    "0.69695",
    "0.65679",
    "0.45109",
    "0.76543",
    "0.07437",
    "0.86041",
    "0.45744",
    "0.01981",
    "0.11588",
    "0.44682",
    "0.19034",
    "0.46953",
    "0.44646",
    "0.54106",
    "0.27482",
    "0.23954",
    "0.69109"
  ]
}