{
  "metodo": "multiplicativo",
  "X0": 96018,
  "k": 230,
  "g": 14,
  "iteraciones": 200,
  "numeros": [
    "0.57389",
    "0.75798",
    "0.38931",
    "0.22572",
    "0.43130",
    "0.70134",
    "0.88738",
    "0.12220",
    "0.44497",
    "0.92596",
    "0.29164",
    "0.04993",
    "0.11488",
    "0.93182",
    "0.10218",
    "0.50894",
    "0.94110",
    "0.21889",
    "0.81902",
    "0.99921",
    "0.42349",
    "0.28725",
    "0.94207",
    "0.02063",
    "0.06214",
    "0.63688",
    "0.97137",
    "0.07337",
    "0.35708",
    "0.76775",
    "0.40689",
    "0.65739",
    "0.80828",
    "0.17982",
    "0.74870",
    "0.27260",
    "0.91571",
    "0.37319",
    "0.49673",
    "0.41909",
    "0.17933",
    "0.84783",
    "0.15101",
    "0.59684",
    "0.09925",
    "0.10364",
    "0.21156",
    "0.30580",
    "0.17543",
    "0.64079",
    "0.17836",
    "0.04602",
    "0.90789",
    "0.95916",
    "0.55143",
    "0.31752",
    "0.79656",
    "0.55875",
    "0.83074",
    "0.62028",
    "0.34145",
    "0.93963",
    "0.51627",
    "0.45425",
    "0.04261",
    "0.60172",
    "0.10804",
    "0.31948",
    "0.40005",
    "0.04505",
    "0.10609",
    "0.71599",
    "0.91375",
    "0.76970",
    "0.01038",
    "0.14369",
    "0.08362",
    "0.27553",
    "0.32094",
    "0.10267",
    "0.40982",
    "0.06263",
    "0.53775",
    "0.09290",
    "0.39224",
    "0.63102",
    "0.16078",
    "0.61442",
    "0.53092",
    "0.48062",
    "0.69011",
    "0.16712",
    "0.32583",
    "0.11146",
    "0.62565",
    "0.25111",
    "0.27699",
    "0.02356",
    "0.46744",
    "0.36636",
    "0.88445",
    "0.71696",
    "0.71550",
    "0.01282",
    "0.64811",
    "0.69157",
    "0.86980",
    "0.69059",
    "0.06800",
    "0.44742",
    "0.43032",
    "0.89959",
    "0.64420",
    "0.48453",
    "0.89715",
    "0.13978",
    "0.87664",
    "0.30287",
    "0.77019",
    "0.91131",
    "0.26527",
    "0.40249",
    "0.54947",
    "0.71403",
    "0.31020",
    "0.28334",
    "0.73503",
    "0.04798",
    "0.51138",
    "0.44546",
    "0.82683",
    "0.41323",
    "0.36880",
    "0.38882",
    "0.32485",
    "0.30971",
    "0.38247",
    "0.61344",
    "0.72917",
    "0.23744",
    "0.05237",
    "0.61930",
    "0.53971",
    "0.69645",
    "0.87859",
    "0.90643",
    "0.25649",
    "0.18666",
    "0.36098",
    "0.97479",
    "0.37954",
    "0.20814",
    "0.99969",
    "0.32436",
    "0.40884",
    "0.26088",
    "0.29457",
    "0.45523",
    "0.84441",
    "0.84490",
    "0.74577",
    "0.86736",
    "0.18617",
    "0.46011",
    "0.85320",
    "0.06067",
    "0.93426",
    "0.60660",
    "0.11683",
    "0.53531",
    "0.58854",
    "0.78435",
    "0.03675",
    "0.79119",
    "0.64909",
    "0.49332",
    "0.11292",
    "0.32827",
    "0.61588",
    "0.23353",
    "0.84539",
    "0.64665",
    "0.98895",
    "0.50504",
    "0.73405",
    "0.24623",
    "0.26820",
    "0.80779",
    "0.27895",
    "0.62711",
    "0.95379",
    "0.64176",
    "0.98016",
    "0.28920",
    "0.54557",
    "0.50699",
    "0.33755",
    "0.73259",
    "0.54361",
    "0.90350"
  ]
}