{
  "metodo": "multiplicativo",
  "X0": 143602,
  "k": 47,
  "g": 15,
  "iteraciones": 200,
  "numeros": [
    "0.68880",
    "0.42586",
    "0.24592",
    "0.69198",
    "0.63509",
    "0.96200",
    "0.51253",
    "0.26716",
    "0.78451",
    "0.88876",
    "0.60726",
    "0.35798",
    "0.38704",
    "0.45613",
    "0.78011",
    "0.21442",
    "0.69271",
    "0.91415",
    "0.28108",
    "0.08649",
    "0.95151",
    "0.51277",
    "0.36018",
    "0.22419",
    "0.41340",
    "0.50203",
    "0.26740",
    "0.87753",
    "0.32844",
    "0.13190",
    "0.25275",
    "0.29646",
    "0.94662",
    "0.65242",
    "0.56624",
    "0.73104",
    "0.51790",
    "0.31355",
    "0.45784",
    "0.43123",
    "0.29231",
    "0.36531",
    "0.17756",
    "0.64705",
    "0.51985",
    "0.05768",
    "0.97543",
    "0.62850",
    "0.45051",
    "0.64071",
    "0.10138",
    "0.62557",
    "0.33430",
    "0.36433",
    "0.80551",
    "0.88827",
    "0.42122",
    "0.47859",
    "0.33772",
    "0.66659",
    "0.96127",
    "0.23347",
    "0.94809",
    "0.21052",
    "0.20441",
    "0.87899",
    "0.88656",
    "0.77010",
    "0.40071",
    "0.66512",
    "0.40315",
    "0.59529",
    "0.80013",
    "0.84188",
    "0.74789",
    "0.93612",
    "0.65267",
    "0.65926",
    "0.17072",
    "0.04254",
    "0.20832",
    "0.36726",
    "0.92172",
    "0.16462",
    "0.71712",
    "0.21589",
    "0.25080",
    "0.55232",
    "0.42903",
    "0.45515",
    "0.40803",
    "0.45564",
    "0.59407",
    "0.33503",
    "0.64339",
    "0.12458",
    "0.46223",
    "0.10553",
    "0.20685",
    "0.80917",
    "0.28352",
    "0.01666",
    "0.34846",
    "0.75936",
    "0.30793",
    "0.31843",
    "0.31819",
    "0.22517",
    "0.78549",
    "0.26081",
    "0.36604",
    "0.45662",
    "0.96615",
    "0.09381",
    "0.74203",
    "0.70370",
    "0.09992",
    "0.06745",
    "0.69613",
    "0.21638",
    "0.43684",
    "0.43171",
    "0.47835",
    "0.24470",
    "0.22687",
    "0.43660",
    "0.33869",
    "0.03864",
    "0.72005",
    "0.33210",
    "0.52718",
    "0.84823",
    "0.16633",
    "0.36824",
    "0.29377",
    "0.92343",
    "0.81576",
    "0.79501",
    "0.88852",
    "0.51424",
    "0.91830",
    "0.86239",
    "0.56136",
    "0.87069",
    "0.72396",
    "0.82040",
    "0.56233",
    "0.24274",
    "0.48274",
    "0.91903",
    "0.14142",
    "0.88046",
    "0.44465",
    "0.40828",
    "0.54866",
    "0.03375",
    "0.85971",
    "0.53816",
    "0.03400",
    "0.95273",
    "0.97787",
    "0.55867",
    "0.84750",
    "0.88730",
    "0.04913",
    "0.71981",
    "0.23908",
    "0.08747",
    "0.32356",
    "0.27155",
    "0.45882",
    "0.80331",
    "0.05109",
    "0.46394",
    "0.75668",
    "0.28474",
    "0.48177",
    "0.54695",
    "0.38264",
    "0.78182",
    "0.86557",
    "0.77059",
    "0.58675",
    "0.54451",
    "0.45247",
    "0.38484",
    "0.61898",
    "0.82284",
    "0.49251",
    "0.63973",
    "0.72933",
    "0.86679",
    "0.23566",
    "0.78524",
    "0.16779",
    "0.92636",
    "0.93197",
    "0.07135",
    "0.18439",
    "0.25153"
  ]
}