{
  "metodo": "multiplicativo",
  "X0": 176311,
  "k": 234,
  "g": 13,
  "iteraciones": 200,
  "numeros": [
    "0.43011",
    "0.21084",
    "0.70065",
    "0.95410",
    "0.61958",
    "0.81443",
    "0.49945",
    "0.35441",
    "0.15273",
    "0.63667",
    "0.89208",
    "0.22354",
    "0.52973",
    "0.17763",
    "0.37834",
    "0.06141",
    "0.25040",
    "0.93749",
    "0.45843",
    "0.36809",
    "0.81492",
    "0.41594",
    "0.63228",
    "0.64351",
    "0.72311",
    "0.11317",
    "0.39983",
    "0.38762",
    "0.47503",
    "0.52924",
    "0.26114",
    "0.10048",
    "0.57075",
    "0.16396",
    "0.71627",
    "0.28214",
    "0.51019",
    "0.51752",
    "0.26505",
    "0.43255",
    "0.79343",
    "0.08973",
    "0.40764",
    "0.05164",
    "0.92040",
    "0.38078",
    "0.64400",
    "0.63960",
    "0.39104",
    "0.89061",
    "0.47406",
    "0.69625",
    "0.70553",
    "0.11903",
    "0.39788",
    "0.72165",
    "0.36369",
    "0.56635",
    "0.91552",
    "0.21572",
    "0.86571",
    "0.73239",
    "0.52680",
    "0.67867",
    "0.71139",
    "0.11708",
    "0.73190",
    "0.61030",
    "0.40081",
    "0.22061",
    "0.03064",
    "0.51068",
    "0.43401",
    "0.54291",
    "0.92333",
    "0.87987",
    "0.31095",
    "0.58393",
    "0.90966",
    "0.21768",
    "0.53168",
    "0.84373",
    "0.48968",
    "0.02429",
    "0.59614",
    "0.82224",
    "0.16347",
    "0.79978",
    "0.00427",
    "0.01941",
    "0.43108",
    "0.04383",
    "0.25626",
    "0.93554",
    "0.79246",
    "0.25675",
    "0.85203",
    "0.07020",
    "0.74753",
    "0.93847",
    "0.29142",
    "0.92382",
    "0.79636",
    "0.58882",
    "0.07459",
    "0.99609",
    "0.43890",
    "0.70797",
    "0.70162",
    "0.78708",
    "0.17519",
    "0.79587",
    "0.67232",
    "0.79685",
    "0.50531",
    "0.35246",
    "0.48675",
    "0.52533",
    "0.92919",
    "0.87791",
    "0.64498",
    "0.47259",
    "0.94677",
    "0.87205",
    "0.64693",
    "0.13857",
    "0.05799",
    "0.83494",
    "0.99267",
    "0.02332",
    "0.76315",
    "0.26651",
    "0.18203",
    "0.62691",
    "0.56196",
    "0.66695",
    "0.71530",
    "0.44915",
    "0.95458",
    "0.53608",
    "0.09217",
    "0.99023",
    "0.44085",
    "0.37395",
    "0.81297",
    "0.74997",
    "0.52094",
    "0.68063",
    "0.37737",
    "0.22842",
    "0.69479",
    "0.95605",
    "0.28556",
    "0.92577",
    "0.46234",
    "0.70016",
    "0.03748",
    "0.34172",
    "0.32365",
    "0.41301",
    "0.13319",
    "0.97656",
    "0.77878",
    "0.59468",
    "0.07264",
    "0.33000",
    "0.32755",
    "0.74509",
    "0.35588",
    "0.90233",
    "0.47015",
    "0.36418",
    "0.48285",
    "0.19326",
    "0.70651",
    "0.95214",
    "0.95361",
    "0.70309",
    "0.53656",
    "0.00867",
    "0.26798",
    "0.93163",
    "0.46038",
    "0.03406",
    "0.92626",
    "0.37883",
    "0.97802",
    "0.52826",
    "0.42815",
    "0.54487",
    "0.58931",
    "0.99121",
    "0.27384",
    "0.92968",
    "0.79441",
    "0.92284",
    "0.96337",
    "0.03309",
    "0.09315",
    "0.82322"
  ]
}