{
  "metodo": "multiplicativo",
  "X0": 132887,
  "k": 45,
  "g": 10,
  "iteraciones": 200,
  "numeros": [
    "0.94917",
    "0.10850",
    "0.56598",
    "0.38221",
    "0.37048",
    "0.09286",
    "0.86315",
    "0.74194",
    "0.54252",
    "0.82796",
    "0.91007",
    "0.85142",
    "0.46432",
    "0.31183",
    "0.70674",
    "0.71065",
    "0.13587",
    "0.54643",
    "0.25318",
    "0.31965",
    "0.55816",
    "0.53079",
    "0.55034",
    "0.67937",
    "0.73021",
    "0.26491",
    "0.59726",
    "0.78886",
    "0.65200",
    "0.74976",
    "0.39394",
    "0.64809",
    "0.32356",
    "0.98436",
    "0.94135",
    "0.25709",
    "0.74585",
    "0.96872",
    "0.23754",
    "0.61681",
    "0.91789",
    "0.70283",
    "0.28446",
    "0.72630",
    "0.83969",
    "0.18671",
    "0.08113",
    "0.58553",
    "0.51124",
    "0.42131",
    "0.62854",
    "0.19453",
    "0.93353",
    "0.40567",
    "0.92571",
    "0.55425",
    "0.10459",
    "0.13978",
    "0.97263",
    "0.66373",
    "0.02639",
    "0.62463",
    "0.76931",
    "0.52297",
    "0.69892",
    "0.85924",
    "0.31574",
    "0.13196",
    "0.12023",
    "0.84360",
    "0.61290",
    "0.49169",
    "0.29228",
    "0.57771",
    "0.65982",
    "0.60117",
    "0.21408",
    "0.06158",
    "0.45650",
    "0.46041",
    "0.88661",
    "0.29619",
    "0.00293",
    "0.06940",
    "0.30792",
    "0.28055",
    "0.30010",
    "0.42913",
    "0.47996",
    "0.01466",
    "0.34702",
    "0.53861",
    "0.40176",
    "0.49951",
    "0.14370",
    "0.39785",
    "0.07331",
    "0.73412",
    "0.69110",
    "0.00684",
    "0.49560",
    "0.71848",
    "0.98827",
    "0.36657",
    "0.66764",
    "0.45259",
    "0.03421",
    "0.47605",
    "0.58944",
    "0.93744",
    "0.83187",
    "0.33529",
    "0.26100",
    "0.17107",
    "0.37830",
    "0.94526",
    "0.68328",
    "0.15543",
    "0.67546",
    "0.30401",
    "0.85533",
    "0.89052",
    "0.72239",
    "0.41349",
    "0.77713",
    "0.37439",
    "0.51906",
    "0.27273",
    "0.44868",
    "0.60899",
    "0.06549",
    "0.88270",
    "0.87097",
    "0.59335",
    "0.36266",
    "0.24145",
    "0.04203",
    "0.32747",
    "0.40958",
    "0.35093",
    "0.96481",
    "0.81232",
    "0.20626",
    "0.21017",
    "0.63636",
    "0.04594",
    "0.75367",
    "0.82014",
    "0.05767",
    "0.03030",
    "0.04985",
    "0.17889",
    "0.22972",
    "0.76540",
    "0.09677",
    "0.28837",
    "0.15152",
    "0.24927",
    "0.89443",
    "0.14761",
    "0.82405",
    "0.48387",
    "0.44086",
    "0.75758",
    "0.24536",
    "0.46823",
    "0.73803",
    "0.11632",
    "0.41740",
    "0.20235",
    "0.78495",
    "0.22581",
    "0.33920",
    "0.68719",
    "0.58162",
    "0.08504",
    "0.01075",
    "0.92180",
    "0.12805",
    "0.69501",
    "0.43304",
    "0.90616",
    "0.42522",
    "0.05376",
    "0.60508",
    "0.64027",
    "0.47214",
    "0.16325",
    "0.52688",
    "0.12414",
    "0.26882",
    "0.02248",
    "0.19844",
    "0.35875",
    "0.81623",
    "0.63245",
    "0.62072",
    "0.34311",
    "0.11241",
    "0.99218"
  ]
}