{
  "metodo": "multiplicativo",
  "X0": 97593,
  "k": 19,
  "g": 17,
  "iteraciones": 200,
  "numeros": [
    "0.89836",
    "0.04151",
    "0.51732",
    "0.21784",
    "0.20121",
    "0.58998",
    "0.62584",
    "0.25556",
    "0.12321",
    "0.34352",
    "0.93162",
    "0.26399",
    "0.44560",
    "0.95839",
    "0.46592",
    "0.14936",
    "0.44963",
    "0.59083",
    "0.75999",
    "0.31794",
    "0.91655",
    "0.89711",
    "0.84508",
    "0.67598",
    "0.12760",
    "0.03346",
    "0.25242",
    "0.62971",
    "0.86406",
    "0.65614",
    "0.01328",
    "0.08540",
    "0.40715",
    "0.92140",
    "0.65892",
    "0.44929",
    "0.53813",
    "0.48548",
    "0.22056",
    "0.62764",
    "0.53825",
    "0.50465",
    "0.22947",
    "0.02668",
    "0.18876",
    "0.63514",
    "0.71690",
    "0.55269",
    "0.77092",
    "0.03321",
    "0.21409",
    "0.61189",
    "0.06596",
    "0.35511",
    "0.75230",
    "0.11054",
    "0.35514",
    "0.75709",
    "0.86278",
    "0.45491",
    "0.41972",
    "0.89540",
    "0.57676",
    "0.55122",
    "0.54094",
    "0.92628",
    "0.42552",
    "0.80574",
    "0.50004",
    "0.50599",
    "0.44029",
    "0.12470",
    "0.57829",
    "0.79079",
    "0.15232",
    "0.91438",
    "0.55693",
    "0.43690",
    "0.59288",
    "0.08100",
    "0.71721",
    "0.60060",
    "0.29319",
    "0.03083",
    "0.84038",
    "0.93813",
    "0.28453",
    "0.67012",
    "0.20768",
    "0.60573",
    "0.09812",
    "0.40510",
    "0.60038",
    "0.25965",
    "0.76524",
    "0.14204",
    "0.29972",
    "0.05616",
    "0.81712",
    "0.28718",
    "0.08695",
    "0.65150",
    "0.28501",
    "0.74678",
    "0.24333",
    "0.20191",
    "0.70018",
    "0.92708",
    "0.55009",
    "0.36366",
    "0.09385",
    "0.73433",
    "0.28849",
    "0.29298",
    "0.99730",
    "0.57478",
    "0.23979",
    "0.64613",
    "0.44175",
    "0.35469",
    "0.68522",
    "0.57936",
    "0.95848",
    "0.48030",
    "0.40605",
    "0.74891",
    "0.57872",
    "0.85786",
    "0.68352",
    "0.31105",
    "0.83372",
    "0.89363",
    "0.29887",
    "0.92201",
    "0.75474",
    "0.49385",
    "0.53337",
    "0.73805",
    "0.87303",
    "0.06477",
    "0.16825",
    "0.41542",
    "0.21983",
    "0.51265",
    "0.48478",
    "0.11036",
    "0.32640",
    "0.24372",
    "0.26420",
    "0.47914",
    "0.22398",
    "0.16425",
    "0.78776",
    "0.67799",
    "0.44383",
    "0.68049",
    "0.83671",
    "0.36317",
    "0.01719",
    "0.69868",
    "0.69230",
    "0.69093",
    "0.47532",
    "0.62507",
    "0.13578",
    "0.31751",
    "0.84947",
    "0.36592",
    "0.44841",
    "0.39918",
    "0.67088",
    "0.32746",
    "0.41142",
    "0.59218",
    "0.97081",
    "0.41597",
    "0.30607",
    "0.05274",
    "0.28050",
    "0.03767",
    "0.91362",
    "0.43714",
    "0.63121",
    "0.09882",
    "0.51530",
    "0.90163",
    "0.55418",
    "0.00568",
    "0.89238",
    "0.10243",
    "0.08067",
    "0.66450",
    "0.32609",
    "0.19581",
    "0.74193",
    "0.48152",
    "0.59770",
    "0.83803",
    "0.56920",
    "0.36299"
  ]
}