{
  "metodo": "multiplicativo",
  "X0": 111741,
  "k": 233,
  "g": 13,
  "iteraciones": 200,
  "numeros": [
    "0.64376",
    "0.03186",
    "0.54706",
    "0.33757",
    "0.83323",
    "0.11977",
    "0.81467",
    "0.44109",
    "0.30387",
    "0.86400",
    "0.61348",
    "0.45086",
    "0.55585",
    "0.76438",
    "0.44354",
    "0.86693",
    "0.08900",
    "0.32096",
    "0.80491",
    "0.18911",
    "0.40349",
    "0.03382",
    "0.19741",
    "0.91771",
    "0.99927",
    "0.40300",
    "0.12123",
    "0.55244",
    "0.37614",
    "0.92846",
    "0.07630",
    "0.59346",
    "0.03431",
    "0.11000",
    "0.56269",
    "0.54072",
    "0.47381",
    "0.44793",
    "0.08021",
    "0.89427",
    "0.19448",
    "0.44207",
    "0.12904",
    "0.15395",
    "0.69650",
    "0.59248",
    "0.20913",
    "0.82005",
    "0.47967",
    "0.39910",
    "0.82053",
    "0.39226",
    "0.04407",
    "0.36198",
    "0.46307",
    "0.37077",
    "0.88988",
    "0.98120",
    "0.63692",
    "0.25552",
    "0.51679",
    "0.75656",
    "0.84202",
    "0.54658",
    "0.42498",
    "0.18813",
    "0.57832",
    "0.74387",
    "0.11439",
    "0.77610",
    "0.34587",
    "0.34733",
    "0.08509",
    "0.02014",
    "0.64473",
    "0.85716",
    "0.83714",
    "0.42058",
    "0.97485",
    "0.77317",
    "0.87035",
    "0.47723",
    "0.83616",
    "0.59541",
    "0.68478",
    "0.69015",
    "0.72873",
    "0.82395",
    "0.78049",
    "0.55927",
    "0.15248",
    "0.95874",
    "0.65743",
    "0.58467",
    "0.60762",
    "0.49969",
    "0.81565",
    "0.26627",
    "0.59394",
    "0.94702",
    "0.75510",
    "0.10414",
    "0.61152",
    "0.80051",
    "0.97583",
    "0.59834",
    "0.16030",
    "0.56025",
    "0.97778",
    "0.24869",
    "0.74045",
    "0.72628",
    "0.26090",
    "0.55537",
    "0.85179",
    "0.79856",
    "0.32536",
    "0.01819",
    "0.99438",
    "0.27701",
    "0.67110",
    "0.13735",
    "0.66817",
    "0.66182",
    "0.79807",
    "0.41277",
    "0.37321",
    "0.45281",
    "0.20620",
    "0.34440",
    "0.60957",
    "0.15004",
    "0.39568",
    "0.43230",
    "0.87718",
    "0.25357",
    "0.86644",
    "0.17641",
    "0.67599",
    "0.26334",
    "0.11830",
    "0.07679",
    "0.50604",
    "0.67940",
    "0.65157",
    "0.63350",
    "0.86742",
    "0.00159",
    "0.96606",
    "0.34636",
    "0.25992",
    "0.73019",
    "0.56171",
    "0.71554",
    "0.18374",
    "0.36491",
    "0.93871",
    "0.24087",
    "0.13881",
    "0.40593",
    "0.59687",
    "0.42254",
    "0.62520",
    "0.35319",
    "0.03626",
    "0.76047",
    "0.14272",
    "0.70675",
    "0.75705",
    "0.75461",
    "0.19155",
    "0.96655",
    "0.25894",
    "0.90502",
    "0.27164",
    "0.63252",
    "0.04212",
    "0.71163",
    "0.88304",
    "0.20474",
    "0.60664",
    "0.67452",
    "0.52558",
    "0.18325",
    "0.45233",
    "0.29361",
    "0.69943",
    "0.06800",
    "0.07923",
    "0.06898",
    "0.90453",
    "0.35905",
    "0.98755",
    "0.50067",
    "0.64083",
    "0.55634",
    "0.67696",
    "0.08851",
    "0.40838",
    "0.15981"
  ]
}