{
  "metodo": "multiplicativo",
  "X0": 140646,
  "k": 296,
  "g": 14,
  "iteraciones": 200,
  "numeros": [
    "0.66398",
    "0.53067",
    "0.20790",
    "0.31289",
    "0.43154",
    "0.99359",
    "0.64738",
    "0.13514",
    "0.66789",
    "0.80022",
    "0.80559",
    "0.55118",
    "0.87298",
    "0.45059",
    "0.18251",
    "0.06092",
    "0.54679",
    "0.44473",
    "0.27822",
    "0.16444",
    "0.18934",
    "0.28261",
    "0.59269",
    "0.36172",
    "0.30068",
    "0.46426",
    "0.62589",
    "0.15272",
    "0.38076",
    "0.48965",
    "0.87786",
    "0.03748",
    "0.92962",
    "0.85882",
    "0.84856",
    "0.51602",
    "0.44717",
    "0.07166",
    "0.03797",
    "0.08826",
    "0.43350",
    "0.62833",
    "0.94622",
    "0.25429",
    "0.38857",
    "0.02869",
    "0.07312",
    "0.51407",
    "0.81243",
    "0.77287",
    "0.91888",
    "0.36758",
    "0.20497",
    "0.36074",
    "0.98334",
    "0.31484",
    "0.06629",
    "0.29238",
    "0.76653",
    "0.85589",
    "0.89642",
    "0.06775",
    "0.76848",
    "0.49063",
    "0.19520",
    "0.18690",
    "0.48917",
    "0.71916",
    "0.46280",
    "0.14979",
    "0.42862",
    "0.04138",
    "0.19911",
    "0.45645",
    "0.08680",
    "0.95746",
    "0.90423",
    "0.60685",
    "0.96380",
    "0.96722",
    "0.07801",
    "0.10096",
    "0.55948",
    "0.57071",
    "0.22059",
    "0.43887",
    "0.37392",
    "0.26796",
    "0.83196",
    "0.12049",
    "0.90716",
    "0.55899",
    "0.41201",
    "0.64591",
    "0.65910",
    "0.94378",
    "0.46084",
    "0.51505",
    "0.12977",
    "0.92230",
    "0.47842",
    "0.22792",
    "0.81926",
    "0.99457",
    "0.96478",
    "0.28456",
    "0.22743",
    "0.66056",
    "0.41983",
    "0.18495",
    "0.85442",
    "0.42031",
    "0.34365",
    "0.42910",
    "0.20009",
    "0.77385",
    "0.23622",
    "0.51700",
    "0.76457",
    "0.22108",
    "0.59757",
    "0.94867",
    "0.04773",
    "0.26210",
    "0.92767",
    "0.22401",
    "0.54972",
    "0.39687",
    "0.72648",
    "0.84319",
    "0.77043",
    "0.12537",
    "0.49405",
    "0.30605",
    "0.20985",
    "0.94769",
    "0.73039",
    "0.11268",
    "0.36806",
    "0.36367",
    "0.93548",
    "0.76311",
    "0.74504",
    "0.87347",
    "0.60929",
    "0.75725",
    "0.84075",
    "0.97699",
    "0.25185",
    "0.59513",
    "0.15516",
    "0.17420",
    "0.36318",
    "0.77678",
    "0.18837",
    "0.96527",
    "0.44326",
    "0.80217",
    "0.44033",
    "0.85003",
    "0.99213",
    "0.17128",
    "0.41104",
    "0.32851",
    "0.50967",
    "0.38418",
    "0.60050",
    "0.90081",
    "0.49600",
    "0.94085",
    "0.50870",
    "0.06678",
    "0.45108",
    "0.34121",
    "0.63566",
    "0.32656",
    "0.87493",
    "0.08533",
    "0.48135",
    "0.18006",
    "0.26747",
    "0.67326",
    "0.54581",
    "0.12733",
    "0.12879",
    "0.60490",
    "0.32900",
    "0.66838",
    "0.95892",
    "0.38027",
    "0.33095",
    "0.30312",
    "0.25771",
    "0.49942",
    "0.05164",
    "0.53165",
    "0.52530",
    "0.46231",
    "0.99115",
    "0.85393"
  ]
}