{
  "metodo": "multiplicativo",
  "X0": 164589,
  "k": 248,
  "g": 17,
  "iteraciones": 200,
  "numeros": [
    "0.61598",
    "0.17314",
    "0.36323",
    "0.46019",
    "0.30238",
    "0.42546",
    "0.22639",
    "0.28379",
    "0.45948",
    "0.90630",
    "0.60713",
    "0.57029",
    "0.30604",
    "0.70939",
    "0.97420",
    "0.66343",
    "0.56080",
    "0.42851",
    "0.29634",
    "0.40696",
    "0.44252",
    "0.15739",
    "0.04231",
    "0.14463",
    "0.66993",
    "0.48979",
    "0.18086",
    "0.72020",
    "0.46180",
    "0.51945",
    "0.18073",
    "0.47740",
    "0.53688",
    "0.84013",
    "0.01069",
    "0.25999",
    "0.11390",
    "0.54557",
    "0.13947",
    "0.41172",
    "0.91164",
    "0.22953",
    "0.53584",
    "0.77635",
    "0.14881",
    "0.98576",
    "0.66853",
    "0.69761",
    "0.54420",
    "0.40800",
    "0.50630",
    "0.01926",
    "0.31654",
    "0.59001",
    "0.51789",
    "0.08506",
    "0.18458",
    "0.12553",
    "0.67207",
    "0.73875",
    "0.36708",
    "0.10832",
    "0.43757",
    "0.32408",
    "0.58278",
    "0.13212",
    "0.78316",
    "0.68480",
    "0.05042",
    "0.29069",
    "0.17756",
    "0.16465",
    "0.48878",
    "0.17777",
    "0.58955",
    "0.60740",
    "0.11659",
    "0.88713",
    "0.48787",
    "0.35679",
    "0.65260",
    "0.01249",
    "0.84126",
    "0.25657",
    "0.31556",
    "0.64763",
    "0.11848",
    "0.65049",
    "0.82423",
    "0.38627",
    "0.28828",
    "0.38230",
    "0.39735",
    "0.32218",
    "0.81941",
    "0.79576",
    "0.75368",
    "0.04911",
    "0.68062",
    "0.73460",
    "0.11195",
    "0.66081",
    "0.34065",
    "0.54258",
    "0.19093",
    "0.75102",
    "0.76826",
    "0.06345",
    "0.20936",
    "0.41349",
    "0.43220",
    "0.64097",
    "0.88600",
    "0.24198",
    "0.30122",
    "0.11887",
    "0.43959",
    "0.33024",
    "0.84407",
    "0.84093",
    "0.58888",
    "0.27201",
    "0.02949",
    "0.65086",
    "0.55262",
    "0.16105",
    "0.32624",
    "0.89244",
    "0.04957",
    "0.59111",
    "0.70308",
    "0.40940",
    "0.29847",
    "0.65593",
    "0.62874",
    "0.54551",
    "0.01807",
    "0.94926",
    "0.07197",
    "0.14451",
    "0.42713",
    "0.56486",
    "0.50154",
    "0.55015",
    "0.24439",
    "0.09647",
    "0.88618",
    "0.60618",
    "0.68861",
    "0.63786",
    "0.69465",
    "0.65635",
    "0.47853",
    "0.78276",
    "0.89571",
    "0.54441",
    "0.83290",
    "0.62492",
    "0.95808",
    "0.61412",
    "0.47047",
    "0.75810",
    "0.85054",
    "0.70921",
    "0.61000",
    "0.27604",
    "0.04182",
    "0.17344",
    "0.97023",
    "0.77250",
    "0.50068",
    "0.85057",
    "0.76991",
    "0.34123",
    "0.69587",
    "0.08433",
    "0.72780",
    "0.57597",
    "0.59614",
    "0.71849",
    "0.06263",
    "0.57048",
    "0.67024",
    "0.09678",
    "0.49318",
    "0.91850",
    "0.88692",
    "0.06297",
    "0.23817",
    "0.71379",
    "0.71492",
    "0.96080",
    "0.01637",
    "0.55009",
    "0.12299",
    "0.63402",
    "0.04652",
    "0.52116",
    "0.57991",
    "0.42637"
  ]
}