{
  "metodo": "multiplicativo",
  "X0": 81279,
  "k": 178,
  "g": 19,
  "iteraciones": 200,
  "numeros": [
    "0.53414",
    "0.28554",
    "0.03068",
    "0.83585",
    "0.42113",
    "0.79912",
    "0.93696",
    "0.91071",
    "0.39553",
    "0.21065",
    "0.01267",
    "0.10617",
    "0.71514",
    "0.93419",
    "0.95313",
    "0.02380",
    "0.01278",
    "0.25880",
    "0.82865",
    "0.14017",
    "0.29626",
    "0.34856",
    "0.08454",
    "0.80682",
    "0.94839",
    "0.24251",
    "0.54111",
    "0.25033",
    "0.72698",
    "0.85472",
    "0.39368",
    "0.57226",
    "0.76485",
    "0.97426",
    "0.21256",
    "0.74918",
    "0.56982",
    "0.26518",
    "0.94306",
    "0.63263",
    "0.02468",
    "0.26655",
    "0.90549",
    "0.94919",
    "0.38726",
    "0.39244",
    "0.79517",
    "0.30041",
    "0.29037",
    "0.93190",
    "0.68241",
    "0.16287",
    "0.74181",
    "0.04899",
    "0.01252",
    "0.88812",
    "0.12441",
    "0.78279",
    "0.60581",
    "0.70273",
    "0.19597",
    "0.04735",
    "0.65760",
    "0.70825",
    "0.08932",
    "0.63173",
    "0.73820",
    "0.88126",
    "0.31225",
    "0.20000",
    "0.79291",
    "0.07330",
    "0.74758",
    "0.29121",
    "0.14207",
    "0.01095",
    "0.65313",
    "0.31944",
    "0.48096",
    "0.29578",
    "0.66170",
    "0.57374",
    "0.87992",
    "0.40433",
    "0.78112",
    "0.21818",
    "0.78425",
    "0.68817",
    "0.39419",
    "0.29182",
    "0.01426",
    "0.37387",
    "0.25872",
    "0.70872",
    "0.76527",
    "0.56299",
    "0.50753",
    "0.25795",
    "0.60758",
    "0.23208",
    "0.64843",
    "0.60356",
    "0.48652",
    "0.23273",
    "0.56423",
    "0.28462",
    "0.72239",
    "0.29147",
    "0.51275",
    "0.71519",
    "0.01050",
    "0.00989",
    "0.12679",
    "0.18434",
    "0.42118",
    "0.86453",
    "0.41418",
    "0.85612",
    "0.39973",
    "0.20697",
    "0.75771",
    "0.76961",
    "0.76646",
    "0.26376",
    "0.91521",
    "0.83885",
    "0.71668",
    "0.13647",
    "0.01949",
    "0.85292",
    "0.82072",
    "0.80167",
    "0.57836",
    "0.47587",
    "0.02387",
    "0.11090",
    "0.47463",
    "0.24678",
    "0.64646",
    "0.79074",
    "0.96612",
    "0.57970",
    "0.38380",
    "0.44275",
    "0.68563",
    "0.76369",
    "0.30619",
    "0.54349",
    "0.64098",
    "0.96281",
    "0.85896",
    "0.44452",
    "0.21499",
    "0.21614",
    "0.86240",
    "0.37240",
    "0.16546",
    "0.43773",
    "0.51185",
    "0.42871",
    "0.62521",
    "0.41664",
    "0.37760",
    "0.59000",
    "0.10204",
    "0.81694",
    "0.40497",
    "0.70782",
    "0.47878",
    "0.17769",
    "0.91428",
    "0.50876",
    "0.01324",
    "0.91295",
    "0.60084",
    "0.59436",
    "0.33822",
    "0.31178",
    "0.53495",
    "0.44119",
    "0.46154",
    "0.53825",
    "0.16193",
    "0.40082",
    "0.76601",
    "0.63142",
    "0.30210",
    "0.69980",
    "0.00945",
    "0.50535",
    "0.15076",
    "0.43970",
    "0.32467",
    "0.94911",
    "0.27824",
    "0.59708",
    "0.21947",
    "0.62675",
    "0.62983",
    "0.02350"
  ]
}