{
  "metodo": "multiplicativo",
  "X0": 153201,
  "k": 143,
  "g": 17,
  "iteraciones": 200,
  "numeros": [
    "0.98668",
    "0.68550",
    "0.63200",
    "0.16358",
    "0.95555",
    "0.91951",
    "0.50810",
    "0.80092",
    "0.24668",
    "0.43672",
    "0.78459",
    "0.48707",
    "0.64134",
    "0.89339",
    "0.49272",
    "0.12830",
    "0.42076",
    "0.44575",
    "0.16374",
    "0.13087",
    "0.36619",
    "0.75007",
    "0.82890",
    "0.40101",
    "0.75889",
    "0.96260",
    "0.01945",
    "0.34498",
    "0.38011",
    "0.73958",
    "0.76665",
    "0.86903",
    "0.51109",
    "0.23725",
    "0.60173",
    "0.37941",
    "0.93309",
    "0.11189",
    "0.55595",
    "0.78236",
    "0.92735",
    "0.51973",
    "0.16056",
    "0.48414",
    "0.27513",
    "0.11701",
    "0.44682",
    "0.39100",
    "0.25767",
    "0.06001",
    "0.94597",
    "0.90919",
    "0.65623",
    "0.00495",
    "0.68925",
    "0.94496",
    "0.75206",
    "0.10810",
    "0.20793",
    "0.90456",
    "0.32640",
    "0.02570",
    "0.53325",
    "0.69423",
    "0.66050",
    "0.91402",
    "0.19645",
    "0.72023",
    "0.53563",
    "0.42927",
    "0.22880",
    "0.88881",
    "0.23301",
    "0.72774",
    "0.16154",
    "0.60621",
    "0.53392",
    "0.46565",
    "0.02592",
    "0.77870",
    "0.71959",
    "0.79927",
    "0.35319",
    "0.81251",
    "0.57127",
    "0.38484",
    "0.17460",
    "0.61390",
    "0.37022",
    "0.37861",
    "0.02140",
    "0.58912",
    "0.89769",
    "0.43684",
    "0.92485",
    "0.64442",
    "0.43492",
    "0.71577",
    "0.41618",
    "0.18604",
    "0.76317",
    "0.87166",
    "0.52665",
    "0.12025",
    "0.16367",
    "0.06074",
    "0.78752",
    "0.85329",
    "0.41770",
    "0.93928",
    "0.23002",
    "0.29139",
    "0.80650",
    "0.66353",
    "0.38542",
    "0.84083",
    "0.11131",
    "0.88972",
    "0.28495",
    "0.40785",
    "0.61339",
    "0.77412",
    "0.45988",
    "0.39869",
    "0.09397",
    "0.97298",
    "0.94145",
    "0.71962",
    "0.83433",
    "0.64253",
    "0.26090",
    "0.77687",
    "0.61570",
    "0.43904",
    "0.44950",
    "0.47670",
    "0.71934",
    "0.51875",
    "0.03849",
    "0.22535",
    "0.92650",
    "0.53791",
    "0.05912",
    "0.92909",
    "0.51841",
    "0.65278",
    "0.04264",
    "0.99416",
    "0.27635",
    "0.51960",
    "0.02030",
    "0.32679",
    "0.48155",
    "0.29463",
    "0.52336",
    "0.33326",
    "0.91527",
    "0.63411",
    "0.58305",
    "0.91981",
    "0.85875",
    "0.69429",
    "0.73063",
    "0.49269",
    "0.09324",
    "0.13142",
    "0.99736",
    "0.95814",
    "0.90001",
    "0.10175",
    "0.91447",
    "0.72243",
    "0.06028",
    "0.26155",
    "0.51323",
    "0.69179",
    "0.85533",
    "0.76704",
    "0.32487",
    "0.27247",
    "0.06638",
    "0.27448",
    "0.38066",
    "0.37074",
    "0.97472",
    "0.94014",
    "0.21183",
    "0.39283",
    "0.36155",
    "0.42024",
    "0.84965",
    "0.24500",
    "0.50816",
    "0.87105",
    "0.82536",
    "0.33351",
    "0.19578",
    "0.94881",
    "0.17021",
    "0.56459"
  ]
}