{
  "metodo": "multiplicativo",
  "X0": 46954,
  "k": 74,
  "g": 13,
  "iteraciones": 200,
  "numeros": [
    "0.81870",
    "0.70639",
    "0.66048",
    "0.25906",
    "0.64290",
    "0.76499",
    "0.64095",
    "0.59895",
    "0.52961",
    "0.13600",
    "0.18386",
    "0.75131",
    "0.47882",
    "0.81968",
    "0.28934",
    "0.71615",
    "0.49054",
    "0.81577",
    "0.95739",
    "0.49347",
    "0.56477",
    "0.12428",
    "0.18777",
    "0.08326",
    "0.70150",
    "0.74545",
    "0.98083",
    "0.48565",
    "0.90074",
    "0.67904",
    "0.33622",
    "0.70052",
    "0.16237",
    "0.92516",
    "0.25418",
    "0.72787",
    "0.48663",
    "0.48370",
    "0.73471",
    "0.56770",
    "0.87340",
    "0.35478",
    "0.77768",
    "0.22000",
    "0.32255",
    "0.53840",
    "0.38310",
    "0.68490",
    "0.83433",
    "0.03443",
    "0.55109",
    "0.96228",
    "0.40850",
    "0.84312",
    "0.28153",
    "0.05201",
    "0.04517",
    "0.96423",
    "0.57453",
    "0.95446",
    "0.74448",
    "0.39775",
    "0.42998",
    "0.66927",
    "0.50617",
    "0.14382",
    "0.84800",
    "0.19656",
    "0.33036",
    "0.20242",
    "0.82847",
    "0.53644",
    "0.21707",
    "0.57356",
    "0.37138",
    "0.68880",
    "0.16628",
    "0.25711",
    "0.47686",
    "0.65364",
    "0.17800",
    "0.25320",
    "0.14479",
    "0.43096",
    "0.25223",
    "0.56184",
    "0.37529",
    "0.02075",
    "0.38896",
    "0.18288",
    "0.16823",
    "0.42315",
    "0.58821",
    "0.11647",
    "0.52375",
    "0.63802",
    "0.84996",
    "0.36259",
    "0.44170",
    "0.66536",
    "0.17409",
    "0.92126",
    "0.92223",
    "0.50519",
    "0.56086",
    "0.79233",
    "0.96521",
    "0.15749",
    "0.01001",
    "0.97595",
    "0.57063",
    "0.62239",
    "0.52179",
    "0.47198",
    "0.73862",
    "0.89977",
    "0.09596",
    "0.28055",
    "0.46905",
    "0.98962",
    "0.73276",
    "0.40166",
    "0.76206",
    "0.89195",
    "0.43194",
    "0.83531",
    "0.61751",
    "0.60676",
    "0.19363",
    "0.58137",
    "0.03540",
    "0.13405",
    "0.01782",
    "0.63997",
    "0.01587",
    "0.47393",
    "0.90465",
    "0.01099",
    "0.55891",
    "0.62630",
    "0.85386",
    "0.69466",
    "0.66439",
    "0.59114",
    "0.86558",
    "0.69076",
    "0.33232",
    "0.36845",
    "0.93981",
    "0.99939",
    "0.56281",
    "0.95837",
    "0.07643",
    "0.62044",
    "0.35576",
    "0.36064",
    "0.27567",
    "0.55402",
    "0.71127",
    "0.57551",
    "0.53742",
    "0.80015",
    "0.62923",
    "0.60286",
    "0.86168",
    "0.35869",
    "0.10963",
    "0.44268",
    "0.24832",
    "0.22976",
    "0.15261",
    "0.09498",
    "0.69759",
    "0.41338",
    "0.75815",
    "0.55988",
    "0.20925",
    "0.90953",
    "0.92614",
    "0.83726",
    "0.78354",
    "0.71811",
    "0.65657",
    "0.92712",
    "0.42022",
    "0.83921",
    "0.94958",
    "0.82945",
    "0.11940",
    "0.27274",
    "0.80503",
    "0.54426",
    "0.88121",
    "0.01880",
    "0.22293",
    "0.07154",
    "0.70541",
    "0.07740",
    "0.20339",
    "0.41143"
  ]
}