{
  "metodo": "multiplicativo",
  "X0": 101138,
  "k": 31,
  "g": 17,
  "iteraciones": 200,
  "numeros": [
    "0.22029",
    "0.73366",
    "0.61544",
    "0.70449",
    "0.23421",
    "0.25441",
    "0.36568",
    "0.51625",
    "0.61141",
    "0.68532",
    "0.38546",
    "0.51943",
    "0.41439",
    "0.83889",
    "0.23726",
    "0.02650",
    "0.70565",
    "0.52761",
    "0.48360",
    "0.34999",
    "0.54769",
    "0.56398",
    "0.68697",
    "0.80239",
    "0.00301",
    "0.76052",
    "0.40987",
    "0.69619",
    "0.13411",
    "0.92971",
    "0.21480",
    "0.34389",
    "0.00349",
    "0.88406",
    "0.66427",
    "0.05800",
    "0.67367",
    "0.43605",
    "0.32076",
    "0.15102",
    "0.20711",
    "0.39821",
    "0.74679",
    "0.93545",
    "0.66634",
    "0.58303",
    "0.50484",
    "0.72378",
    "0.11385",
    "0.80300",
    "0.15743",
    "0.82851",
    "0.61214",
    "0.87063",
    "0.26705",
    "0.56215",
    "0.22371",
    "0.59841",
    "0.39620",
    "0.23720",
    "0.01106",
    "0.79885",
    "0.10738",
    "0.16615",
    "0.03670",
    "0.28444",
    "0.96310",
    "0.66152",
    "0.36312",
    "0.86770",
    "0.52584",
    "0.03578",
    "0.05281",
    "0.36110",
    "0.35811",
    "0.60146",
    "0.16829",
    "0.57717",
    "0.02242",
    "0.67104",
    "0.77205",
    "0.32839",
    "0.08125",
    "0.55703",
    "0.92660",
    "0.42726",
    "0.09712",
    "0.57192",
    "0.69442",
    "0.68630",
    "0.63253",
    "0.02821",
    "0.13802",
    "0.91799",
    "0.24996",
    "0.23842",
    "0.31990",
    "0.93484",
    "0.51192",
    "0.51503",
    "0.30257",
    "0.54934",
    "0.98092",
    "0.17055",
    "0.14851",
    "0.57399",
    "0.21944",
    "0.51748",
    "0.92025",
    "0.82131",
    "0.79000",
    "0.86831",
    "0.68026",
    "0.10378",
    "0.25508",
    "0.53554",
    "0.49105",
    "0.23390",
    "0.17720",
    "0.83169",
    "0.41512",
    "0.02419",
    "0.11885",
    "0.06923",
    "0.51497",
    "0.28713",
    "0.64254",
    "0.56069",
    "0.85311",
    "0.83523",
    "0.31075",
    "0.61855",
    "0.49202",
    "0.48098",
    "0.68599",
    "0.55532",
    "0.49422",
    "0.03688",
    "0.33077",
    "0.68349",
    "0.92220",
    "0.31545",
    "0.80758",
    "0.31557",
    "0.83846",
    "0.12917",
    "0.67891",
    "0.76406",
    "0.30550",
    "0.29054",
    "0.50728",
    "0.34145",
    "0.38582",
    "0.61208",
    "0.85519",
    "0.36025",
    "0.14192",
    "0.90627",
    "0.28511",
    "0.13295",
    "0.63631",
    "0.98562",
    "0.35958",
    "0.97207",
    "0.93148",
    "0.66262",
    "0.64107",
    "0.19008",
    "0.08992",
    "0.74978",
    "0.69210",
    "0.09950",
    "0.17415",
    "0.05959",
    "0.07515",
    "0.01283",
    "0.24666",
    "0.40456",
    "0.35274",
    "0.24257",
    "0.36995",
    "0.59719",
    "0.08736",
    "0.10121",
    "0.60653",
    "0.44997",
    "0.84151",
    "0.90127",
    "0.01888",
    "0.77541",
    "0.17769",
    "0.95522",
    "0.66951",
    "0.38600",
    "0.65841",
    "0.57558",
    "0.62093",
    "0.09425",
    "0.84615",
    "0.07484"
  ]
}