{
  "metodo": "multiplicativo",
  "X0": 97859,
  "k": 92,
  "g": 14,
  "iteraciones": 200,
  "numeros": [
    "0.87402",
    "0.60618",
    "0.14985",
    "0.03241",
    "0.01556",
    "0.53293",
    "0.87743",
    "0.13886",
    "0.89159",
    "0.63157",
    "0.96435",
    "0.54221",
    "0.75194",
    "0.15205",
    "0.66062",
    "0.49240",
    "0.84667",
    "0.34444",
    "0.21626",
    "0.23946",
    "0.42575",
    "0.45871",
    "0.88134",
    "0.03339",
    "0.73924",
    "0.74486",
    "0.90576",
    "0.12421",
    "0.03705",
    "0.45285",
    "0.53952",
    "0.76195",
    "0.56931",
    "0.83275",
    "0.03266",
    "0.19648",
    "0.58591",
    "0.13447",
    "0.63523",
    "0.67796",
    "0.33687",
    "0.60813",
    "0.59714",
    "0.45627",
    "0.07221",
    "0.50363",
    "0.16841",
    "0.78148",
    "0.04193",
    "0.07099",
    "0.59910",
    "0.90356",
    "0.49606",
    "0.56028",
    "0.13911",
    "0.07245",
    "0.68455",
    "0.22139",
    "0.03852",
    "0.53830",
    "0.85741",
    "0.30440",
    "0.54734",
    "0.55100",
    "0.26460",
    "0.05927",
    "0.91552",
    "0.36056",
    "0.15620",
    "0.73607",
    "0.39303",
    "0.21699",
    "0.78221",
    "0.58469",
    "0.22993",
    "0.37032",
    "0.39254",
    "0.85522",
    "0.67625",
    "0.07050",
    "0.23726",
    "0.79760",
    "0.98193",
    "0.56760",
    "0.56638",
    "0.66184",
    "0.39694",
    "0.11152",
    "0.62986",
    "0.69798",
    "0.17134",
    "0.95239",
    "0.67771",
    "0.15595",
    "0.55515",
    "0.34005",
    "0.95996",
    "0.28585",
    "0.79833",
    "0.52463",
    "0.72655",
    "0.33761",
    "0.15083",
    "0.75609",
    "0.22749",
    "0.56125",
    "0.86278",
    "0.28438",
    "0.71287",
    "0.20674",
    "0.18403",
    "0.35958",
    "0.43258",
    "0.52414",
    "0.36471",
    "0.23164",
    "0.63670",
    "0.76341",
    "0.65476",
    "0.15058",
    "0.57517",
    "0.17451",
    "0.30416",
    "0.36642",
    "0.49802",
    "0.00751",
    "0.56296",
    "0.12910",
    "0.65525",
    "0.51242",
    "0.68113",
    "0.68870",
    "0.29683",
    "0.93921",
    "0.90869",
    "0.29512",
    "0.67283",
    "0.53781",
    "0.49557",
    "0.19844",
    "0.03314",
    "0.55832",
    "0.69188",
    "0.64866",
    "0.62791",
    "0.25069",
    "0.74754",
    "0.89575",
    "0.70701",
    "0.86498",
    "0.91259",
    "0.18965",
    "0.52048",
    "0.65110",
    "0.43698",
    "0.78050",
    "0.31832",
    "0.85912",
    "0.57077",
    "0.91821",
    "0.35055",
    "0.73900",
    "0.56394",
    "0.85277",
    "0.86718",
    "0.54074",
    "0.66648",
    "0.83422",
    "0.11811",
    "0.51437",
    "0.12836",
    "0.11249",
    "0.35348",
    "0.90991",
    "0.19966",
    "0.93774",
    "0.82323",
    "0.97729",
    "0.13032",
    "0.55979",
    "0.77733",
    "0.96655",
    "0.17036",
    "0.22871",
    "0.46579",
    "0.12763",
    "0.56980",
    "0.19453",
    "0.13862",
    "0.71068",
    "0.57859",
    "0.70726",
    "0.04584",
    "0.96557",
    "0.44674",
    "0.01679",
    "0.43747",
    "0.14228",
    "0.42428",
    "0.37325"
  ]
}