{
  "metodo": "multiplicativo",
  "X0": 117024,
  "k": 102,
  "g": 19,
  "iteraciones": 200,
  "numeros": [
    "0.25177",
    "0.70319",
    "0.31574",
    "0.21832",
    "0.24298",
    "0.48737",
    "0.12726",
    "0.47907",
    "0.31232",
    "0.41217",
    "0.39191",
    "0.75543",
    "0.20978",
    "0.22760",
    "0.85968",
    "0.79743",
    "0.68537",
    "0.68366",
    "0.28058",
    "0.35504",
    "0.48908",
    "0.53034",
    "0.40460",
    "0.17828",
    "0.37091",
    "0.51764",
    "0.98175",
    "0.01715",
    "0.08087",
    "0.39557",
    "0.76203",
    "0.62164",
    "0.36896",
    "0.91413",
    "0.49542",
    "0.74176",
    "0.98517",
    "0.82330",
    "0.93195",
    "0.12750",
    "0.67951",
    "0.87311",
    "0.82160",
    "0.52887",
    "0.20197",
    "0.81354",
    "0.91437",
    "0.69586",
    "0.30255",
    "0.39459",
    "0.96027",
    "0.37848",
    "0.73126",
    "0.36627",
    "0.70929",
    "0.32672",
    "0.23810",
    "0.47858",
    "0.91144",
    "0.29059",
    "0.57306",
    "0.48151",
    "0.31671",
    "0.02008",
    "0.48615",
    "0.12506",
    "0.67511",
    "0.26520",
    "0.72736",
    "0.15924",
    "0.73663",
    "0.77594",
    "0.04669",
    "0.33405",
    "0.25128",
    "0.30231",
    "0.19415",
    "0.39948",
    "0.96906",
    "0.59430",
    "0.91974",
    "0.10553",
    "0.63995",
    "0.40192",
    "0.97345",
    "0.20221",
    "0.01398",
    "0.47516",
    "0.10529",
    "0.43951",
    "0.84113",
    "0.56403",
    "0.06525",
    "0.56744",
    "0.87140",
    "0.41852",
    "0.60333",
    "0.33600",
    "0.85480",
    "0.78864",
    "0.46954",
    "0.49518",
    "0.54132",
    "0.42438",
    "0.41388",
    "0.79498",
    "0.68097",
    "0.07574",
    "0.18634",
    "0.98541",
    "0.02374",
    "0.49274",
    "0.53693",
    "0.81647",
    "0.31964",
    "0.42535",
    "0.21564",
    "0.03815",
    "0.31867",
    "0.62360",
    "0.97247",
    "0.40045",
    "0.77081",
    "0.83746",
    "0.55744",
    "0.65338",
    "0.42609",
    "0.81696",
    "0.72052",
    "0.54694",
    "0.03448",
    "0.31207",
    "0.21173",
    "0.83112",
    "0.34601",
    "0.07282",
    "0.78107",
    "0.25592",
    "0.11066",
    "0.84918",
    "0.17853",
    "0.57135",
    "0.07843",
    "0.39118",
    "0.15411",
    "0.52741",
    "0.99933",
    "0.44879",
    "0.45783",
    "0.87409",
    "0.62335",
    "0.77204",
    "0.83966",
    "0.36139",
    "0.70050",
    "0.11090",
    "0.04962",
    "0.73932",
    "0.98078",
    "0.21539",
    "0.83771",
    "0.75787",
    "0.21417",
    "0.83551",
    "0.95392",
    "0.16705",
    "0.15070",
    "0.72125",
    "0.14825",
    "0.71686",
    "0.54035",
    "0.62262",
    "0.17072",
    "0.15729",
    "0.13312",
    "0.28961",
    "0.77130",
    "0.23834",
    "0.67902",
    "0.47223",
    "0.70001",
    "0.71002",
    "0.92804",
    "0.92047",
    "0.70685",
    "0.32233",
    "0.63019",
    "0.38434",
    "0.54181",
    "0.82526",
    "0.53546",
    "0.61383",
    "0.95490",
    "0.96881",
    "0.39386",
    "0.35895",
    "0.69611",
    "0.50299",
    "0.95539",
    "0.36969"
  ]
}