{
  "metodo": "multiplicativo",
  "X0": 147649,
  "k": 141,
  "g": 13,
  "iteraciones": 200,
  "numeros": [
    "0.69308",
    "0.16127",
    "0.70187",
    "0.11928",
    "0.12465",
    "0.21011",
    "0.02405",
    "0.24625",
    "0.96264",
    "0.54023",
    "0.00256",
    "0.90453",
    "0.70675",
    "0.65157",
    "0.13735",
    "0.59394",
    "0.85716",
    "0.04407",
    "0.92846",
    "0.81467",
    "0.91381",
    "0.21792",
    "0.87572",
    "0.06654",
    "0.37663",
    "0.67306",
    "0.47918",
    "0.84984",
    "0.74582",
    "0.90941",
    "0.23892",
    "0.66427",
    "0.52118",
    "0.42693",
    "0.65499",
    "0.00989",
    "0.20278",
    "0.72580",
    "0.22720",
    "0.38689",
    "0.29068",
    "0.30582",
    "0.45574",
    "0.29508",
    "0.28482",
    "0.66720",
    "0.84056",
    "0.23453",
    "0.68526",
    "0.30973",
    "0.88158",
    "0.70529",
    "0.99194",
    "0.73361",
    "0.07874",
    "0.20718",
    "0.70480",
    "0.43865",
    "0.93236",
    "0.24039",
    "0.32389",
    "0.92504",
    "0.94213",
    "0.30485",
    "0.34929",
    "0.69259",
    "0.60811",
    "0.90062",
    "0.28092",
    "0.24136",
    "0.43035",
    "0.52753",
    "0.61885",
    "0.07142",
    "0.90892",
    "0.68575",
    "0.86302",
    "0.68282",
    "0.54365",
    "0.87523",
    "0.51337",
    "0.57539",
    "0.83470",
    "0.59590",
    "0.06995",
    "0.24918",
    "0.28189",
    "0.34782",
    "0.03284",
    "0.20425",
    "0.38542",
    "0.63106",
    "0.90209",
    "0.94067",
    "0.64522",
    "0.94555",
    "0.17739",
    "0.95825",
    "0.56123",
    "0.79123",
    "0.35905",
    "0.75705",
    "0.63350",
    "0.66817",
    "0.94702",
    "0.83714",
    "0.36198",
    "0.07630",
    "0.44109",
    "0.69845",
    "0.24673",
    "0.51581",
    "0.34147",
    "0.84105",
    "0.78782",
    "0.48651",
    "0.14809",
    "0.76486",
    "0.48504",
    "0.48846",
    "0.36101",
    "0.96997",
    "0.83860",
    "0.02161",
    "0.48016",
    "0.95629",
    "0.34831",
    "0.58613",
    "0.00549",
    "0.22378",
    "0.51435",
    "0.68185",
    "0.43719",
    "0.27262",
    "0.83665",
    "0.80881",
    "0.27506",
    "0.60273",
    "0.81516",
    "0.46698",
    "0.01917",
    "0.71408",
    "0.94995",
    "0.15639",
    "0.16958",
    "0.10658",
    "0.74094",
    "0.37712",
    "0.22622",
    "0.28043",
    "0.68819",
    "0.62911",
    "0.68917",
    "0.73556",
    "0.29166",
    "0.41228",
    "0.05823",
    "0.97192",
    "0.05140",
    "0.22671",
    "0.83372",
    "0.48944",
    "0.46746",
    "0.57246",
    "0.51532",
    "0.78830",
    "0.03968",
    "0.94946",
    "0.60322",
    "0.36833",
    "0.26822",
    "0.85765",
    "0.59736",
    "0.72970",
    "0.65303",
    "0.79709",
    "0.99780",
    "0.37224",
    "0.69405",
    "0.26773",
    "0.30436",
    "0.79612",
    "0.89134",
    "0.76975",
    "0.01721",
    "0.50116",
    "0.74484",
    "0.80295",
    "0.63643",
    "0.98755",
    "0.75461",
    "0.86742",
    "0.66182",
    "0.75510",
    "0.42058",
    "0.46307",
    "0.59346",
    "0.30387",
    "0.24283",
    "0.08998"
  ]
}