{
  "metodo": "multiplicativo",
  "X0": 126978,
  "k": 17,
  "g": 19,
  "iteraciones": 200,
  "numeros": [
    "0.14898",
    "0.00553",
    "0.77938",
    "0.89216",
    "0.79381",
    "0.92747",
    "0.77236",
    "0.90247",
    "0.24822",
    "0.99882",
    "0.83272",
    "0.41376",
    "0.34032",
    "0.98520",
    "0.91360",
    "0.81666",
    "0.14824",
    "0.90226",
    "0.21810",
    "0.75178",
    "0.00011",
    "0.01560",
    "0.19936",
    "0.10975",
    "0.47405",
    "0.84086",
    "0.56051",
    "0.03119",
    "0.39818",
    "0.14365",
    "0.25466",
    "0.90674",
    "0.85064",
    "0.93961",
    "0.48494",
    "0.37702",
    "0.15953",
    "0.49436",
    "0.70449",
    "0.33265",
    "0.90301",
    "0.32352",
    "0.61641",
    "0.91425",
    "0.90917",
    "0.19272",
    "0.17385",
    "0.51246",
    "0.25615",
    "0.11759",
    "0.57992",
    "0.76789",
    "0.27208",
    "0.36374",
    "0.28774",
    "0.57117",
    "0.53508",
    "0.44681",
    "0.00045",
    "0.06293",
    "0.87328",
    "0.13242",
    "0.67116",
    "0.63379",
    "0.36480",
    "0.43619",
    "0.50301",
    "0.92438",
    "0.33776",
    "0.62375",
    "0.94912",
    "0.82532",
    "0.37029",
    "0.21073",
    "0.71261",
    "0.47724",
    "0.29052",
    "0.96274",
    "0.74660",
    "0.27076",
    "0.17656",
    "0.89542",
    "0.25423",
    "0.84650",
    "0.35656",
    "0.27439",
    "0.68862",
    "0.09510",
    "0.40862",
    "0.61527",
    "0.75289",
    "0.15717",
    "0.16088",
    "0.68369",
    "0.40017",
    "0.42334",
    "0.69146",
    "0.49527",
    "0.83358",
    "0.53425",
    "0.32848",
    "0.31565",
    "0.50625",
    "0.38050",
    "0.65008",
    "0.66044",
    "0.12130",
    "0.10273",
    "0.48436",
    "0.29526",
    "0.63186",
    "0.09156",
    "0.90948",
    "0.23575",
    "0.24105",
    "0.98762",
    "0.25353",
    "0.74753",
    "0.40200",
    "0.68152",
    "0.09465",
    "0.34623",
    "0.81783",
    "0.31391",
    "0.26098",
    "0.79746",
    "0.44167",
    "0.27539",
    "0.83062",
    "0.11686",
    "0.47664",
    "0.20661",
    "0.13170",
    "0.57004",
    "0.37587",
    "0.99817",
    "0.74236",
    "0.67264",
    "0.84249",
    "0.79072",
    "0.49071",
    "0.19028",
    "0.82961",
    "0.97486",
    "0.45488",
    "0.13858",
    "0.54036",
    "0.19123",
    "0.96300",
    "0.78318",
    "0.42788",
    "0.33045",
    "0.59319",
    "0.63968",
    "0.19527",
    "0.53315",
    "0.17357",
    "0.47373",
    "0.79567",
    "0.18995",
    "0.78228",
    "0.30094",
    "0.43221",
    "0.94147",
    "0.74743",
    "0.38694",
    "0.55800",
    "0.67835",
    "0.64715",
    "0.24735",
    "0.87618",
    "0.54120",
    "0.30956",
    "0.64780",
    "0.33986",
    "0.92066",
    "0.81280",
    "0.60392",
    "0.15218",
    "0.45734",
    "0.48497",
    "0.38132",
    "0.76626",
    "0.04187",
    "0.90423",
    "0.49564",
    "0.88521",
    "0.81489",
    "0.89867",
    "0.71250",
    "0.46218",
    "0.16700",
    "0.54644",
    "0.04752",
    "0.70028",
    "0.73884",
    "0.17565",
    "0.76633",
    "0.05263",
    "0.42103"
  ]
}