{
  "metodo": "multiplicativo",
  "X0": 197023,
  "k": 289,
  "g": 19,
  "iteraciones": 200,
  "numeros": [
    "0.70902",
    "0.80077",
    "0.37038",
    "0.17581",
    "0.35145",
    "0.30073",
    "0.79967",
    "0.84253",
    "0.13596",
    "0.02287",
    "0.99215",
    "0.80563",
    "0.64851",
    "0.58437",
    "0.97124",
    "0.36981",
    "0.85001",
    "0.47740",
    "0.13540",
    "0.71475",
    "0.07642",
    "0.06917",
    "0.25805",
    "0.89514",
    "0.03867",
    "0.60185",
    "0.48763",
    "0.84067",
    "0.82270",
    "0.19264",
    "0.34759",
    "0.35602",
    "0.88944",
    "0.83372",
    "0.73635",
    "0.12088",
    "0.07483",
    "0.39229",
    "0.92736",
    "0.68994",
    "0.58982",
    "0.61052",
    "0.56905",
    "0.49289",
    "0.02033",
    "0.10560",
    "0.68487",
    "0.83441",
    "0.32731",
    "0.36973",
    "0.67324",
    "0.89420",
    "0.84669",
    "0.77010",
    "0.30761",
    "0.72693",
    "0.28940",
    "0.54887",
    "0.73641",
    "0.26230",
    "0.74140",
    "0.82326",
    "0.48308",
    "0.30499",
    "0.66361",
    "0.58543",
    "0.44607",
    "0.53470",
    "0.89198",
    "0.70259",
    "0.89880",
    "0.50610",
    "0.63743",
    "0.91692",
    "0.48971",
    "0.64889",
    "0.48591",
    "0.84560",
    "0.24224",
    "0.26776",
    "0.39835",
    "0.98082",
    "0.55483",
    "0.54239",
    "0.71070",
    "0.68977",
    "0.20092",
    "0.52746",
    "0.13389",
    "0.21464",
    "0.32894",
    "0.15268",
    "0.75385",
    "0.67262",
    "0.46233",
    "0.22272",
    "0.03153",
    "0.05589",
    "0.49953",
    "0.41727",
    "0.80286",
    "0.23164",
    "0.71398",
    "0.29101",
    "0.27878",
    "0.94206",
    "0.75411",
    "0.27365",
    "0.04523",
    "0.80434",
    "0.64336",
    "0.66986",
    "0.06315",
    "0.31065",
    "0.78017",
    "0.65933",
    "0.66846",
    "0.82820",
    "0.93798",
    "0.29675",
    "0.57212",
    "0.59917",
    "0.26522",
    "0.51181",
    "0.86005",
    "0.74074",
    "0.28533",
    "0.10919",
    "0.99320",
    "0.24510",
    "0.89675",
    "0.76858",
    "0.80750",
    "0.97945",
    "0.37292",
    "0.04468",
    "0.51389",
    "0.68596",
    "0.36227",
    "0.36716",
    "0.69831",
    "0.98183",
    "0.88824",
    "0.04071",
    "0.32169",
    "0.35924",
    "0.34926",
    "0.24502",
    "0.71998",
    "0.18538",
    "0.51879",
    "0.03479",
    "0.60410",
    "0.70244",
    "0.54525",
    "0.33969",
    "0.06000",
    "0.02760",
    "0.95208",
    "0.96442",
    "0.54862",
    "0.15306",
    "0.63772",
    "0.58865",
    "0.90589",
    "0.94600",
    "0.87560",
    "0.76709",
    "0.34275",
    "0.14860",
    "0.31417",
    "0.92941",
    "0.44514",
    "0.37807",
    "0.97686",
    "0.38031",
    "0.17399",
    "0.12657",
    "0.26211",
    "0.29947",
    "0.86524",
    "0.76131",
    "0.94335",
    "0.74158",
    "0.22983",
    "0.52446",
    "0.16903",
    "0.63632",
    "0.35371",
    "0.53322",
    "0.46258",
    "0.78839",
    "0.69779",
    "0.77977",
    "0.72243",
    "0.87747",
    "0.09803",
    "0.13130",
    "0.22204",
    "0.45825"
  ]
}