{
  "metodo": "multiplicativo",
  "X0": 102817,
  "k": 218,
  "g": 18,
  "iteraciones": 200,
  "numeros": [
    "0.98531",
    "0.30649",
    "0.05425",
    "0.88117",
    "0.16347",
    "0.91117",
    "0.63134",
    "0.20704",
    "0.10433",
    "0.46995",
    "0.93206",
    "0.16669",
    "0.54226",
    "0.40470",
    "0.81579",
    "0.80701",
    "0.46163",
    "0.38730",
    "0.39190",
    "0.42487",
    "0.09682",
    "0.33964",
    "0.01976",
    "0.56714",
    "0.93221",
    "0.43357",
    "0.30877",
    "0.03070",
    "0.70217",
    "0.09098",
    "0.11828",
    "0.86243",
    "0.39107",
    "0.98374",
    "0.55767",
    "0.35920",
    "0.23330",
    "0.03373",
    "0.98632",
    "0.06788",
    "0.71322",
    "0.41282",
    "0.01360",
    "0.78535",
    "0.56521",
    "0.54288",
    "0.49889",
    "0.55848",
    "0.77364",
    "0.09580",
    "0.55157",
    "0.68415",
    "0.57290",
    "0.99345",
    "0.53100",
    "0.70924",
    "0.44735",
    "0.40769",
    "0.04656",
    "0.43061",
    "0.13137",
    "0.76041",
    "0.95763",
    "0.89515",
    "0.60934",
    "0.72349",
    "0.37359",
    "0.39972",
    "0.11562",
    "0.21879",
    "0.65380",
    "0.49122",
    "0.13460",
    "0.41819",
    "0.40764",
    "0.96650",
    "0.40066",
    "0.74357",
    "0.49450",
    "0.87244",
    "0.89815",
    "0.86680",
    "0.02373",
    "0.50593",
    "0.86147",
    "0.70975",
    "0.35473",
    "0.41382",
    "0.77499",
    "0.44431",
    "0.09685",
    "0.39301",
    "0.37307",
    "0.49235",
    "0.10949",
    "0.49036",
    "0.64010",
    "0.52573",
    "0.50200",
    "0.00275",
    "0.81045",
    "0.46634",
    "0.63378",
    "0.47706",
    "0.36849",
    "0.48606",
    "0.11419",
    "0.71015",
    "0.04860",
    "0.00675",
    "0.80260",
    "0.74891",
    "0.83517",
    "0.70029",
    "0.80840",
    "0.89020",
    "0.96255",
    "0.48856",
    "0.49096",
    "0.68091",
    "0.91512",
    "0.54343",
    "0.45965",
    "0.91792",
    "0.42727",
    "0.28678",
    "0.57384",
    "0.64808",
    "0.48336",
    "0.39048",
    "0.94292",
    "0.16828",
    "0.31777",
    "0.77640",
    "0.92626",
    "0.02539",
    "0.41488",
    "0.61643",
    "0.13323",
    "0.01630",
    "0.50905",
    "0.33243",
    "0.42321",
    "0.18787",
    "0.58468",
    "0.59629",
    "0.90557",
    "0.83698",
    "0.87612",
    "0.32987",
    "0.93969",
    "0.51050",
    "0.86776",
    "0.70505",
    "0.13494",
    "0.00531",
    "0.29397",
    "0.14371",
    "0.35070",
    "0.36829",
    "0.13912",
    "0.31772",
    "0.69634",
    "0.89631",
    "0.63759",
    "0.14896",
    "0.53124",
    "0.13623",
    "0.27376",
    "0.80930",
    "0.46477",
    "0.88496",
    "0.78200",
    "0.72062",
    "0.35631",
    "0.18934",
    "0.14669",
    "0.55478",
    "0.31524",
    "0.34626",
    "0.60219",
    "0.23368",
    "0.70092",
    "0.90260",
    "0.63290",
    "0.92918",
    "0.12273",
    "0.65522",
    "0.97317",
    "0.06314",
    "0.44005",
    "0.65101",
    "0.60738",
    "0.30747",
    "0.76226",
    "0.18683",
    "0.76992",
    "0.58402",
    "0.44872",
    "0.80958"
  ]
}