{
  "metodo": "multiplicativo",
  "X0": 76406,
  "k": 78,
  "g": 19,
  "iteraciones": 200,
  "numeros": [
    "0.66598",
    "0.90223",
    "0.50464",
    "0.41533",
    "0.23953",
    "0.66353",
    "0.35699",
    "0.54722",
    "0.20272",
    "0.51368",
    "0.10681",
    "0.18205",
    "0.50869",
    "0.96834",
    "0.08221",
    "0.71043",
    "0.86056",
    "0.29310",
    "0.36132",
    "0.27299",
    "0.71145",
    "0.50361",
    "0.77228",
    "0.76036",
    "0.26449",
    "0.36549",
    "0.89319",
    "0.81315",
    "0.47281",
    "0.39436",
    "0.05218",
    "0.82200",
    "0.03952",
    "0.85585",
    "0.32739",
    "0.92753",
    "0.41775",
    "0.76558",
    "0.54693",
    "0.02037",
    "0.81064",
    "0.88917",
    "0.28894",
    "0.74113",
    "0.17129",
    "0.74226",
    "0.88153",
    "0.48045",
    "0.20285",
    "0.59047",
    "0.40283",
    "0.37895",
    "0.35843",
    "0.44941",
    "0.68097",
    "0.32725",
    "0.84115",
    "0.08473",
    "0.29406",
    "0.96599",
    "0.60415",
    "0.01204",
    "0.57025",
    "0.68577",
    "0.35055",
    "0.49696",
    "0.58764",
    "0.62724",
    "0.53347",
    "0.55513",
    "0.17437",
    "0.68101",
    "0.35605",
    "0.95216",
    "0.90857",
    "0.48771",
    "0.77139",
    "0.20369",
    "0.11834",
    "0.43797",
    "0.48263",
    "0.57533",
    "0.88183",
    "0.67241",
    "0.94290",
    "0.08271",
    "0.02716",
    "0.08165",
    "0.35531",
    "0.49147",
    "0.13244",
    "0.30632",
    "0.67300",
    "0.31721",
    "0.52582",
    "0.73704",
    "0.59909",
    "0.82557",
    "0.28540",
    "0.51445",
    "0.58670",
    "0.03218",
    "0.23932",
    "0.52916",
    "0.83896",
    "0.70265",
    "0.96570",
    "0.42180",
    "0.30899",
    "0.35261",
    "0.79266",
    "0.58299",
    "0.69992",
    "0.24769",
    "0.79834",
    "0.15336",
    "0.46487",
    "0.40352",
    "0.81085",
    "0.02354",
    "0.80697",
    "0.58571",
    "0.40832",
    "0.83415",
    "0.67935",
    "0.30989",
    "0.91888",
    "0.97581",
    "0.78512",
    "0.84169",
    "0.42065",
    "0.58915",
    "0.57742",
    "0.19673",
    "0.74176",
    "0.56480",
    "0.25937",
    "0.14064",
    "0.46032",
    "0.54338",
    "0.78409",
    "0.18904",
    "0.90448",
    "0.91551",
    "0.85470",
    "0.60756",
    "0.15234",
    "0.82182",
    "0.92434",
    "0.41182",
    "0.03204",
    "0.15294",
    "0.19613",
    "0.36744",
    "0.12170",
    "0.54948",
    "0.62320",
    "0.99006",
    "0.74945",
    "0.40208",
    "0.90866",
    "0.54530",
    "0.99341",
    "0.85136",
    "0.50564",
    "0.04878",
    "0.68170",
    "0.78795",
    "0.61728",
    "0.26613",
    "0.39245",
    "0.85246",
    "0.19668",
    "0.71296",
    "0.45379",
    "0.43553",
    "0.94699",
    "0.65492",
    "0.94385",
    "0.67778",
    "0.32132",
    "0.10762",
    "0.69073",
    "0.46983",
    "0.52279",
    "0.83668",
    "0.27258",
    "0.45231",
    "0.50454",
    "0.35774",
    "0.01751",
    "0.01585",
    "0.96969",
    "0.93641",
    "0.00366",
    "0.30107",
    "0.37137",
    "0.58833",
    "0.05914",
    "0.19859"
  ]
}