{
  "metodo": "multiplicativo",
  "X0": 171787,
  "k": 105,
  "g": 18,
  "iteraciones": 200,
  "numeros": [
    "0.74152",
    "0.57789",
    "0.31900",
    "0.55198",
    "0.42553",
    "0.57564",
    "0.41073",
    "0.06877",
    "0.10858",
    "0.74818",
    "0.21243",
    "0.50255",
    "0.65002",
    "0.26741",
    "0.95847",
    "0.90019",
    "0.65924",
    "0.05519",
    "0.63321",
    "0.05857",
    "0.49560",
    "0.78340",
    "0.97104",
    "0.52458",
    "0.26849",
    "0.87392",
    "0.45633",
    "0.59508",
    "0.83728",
    "0.49861",
    "0.32345",
    "0.31694",
    "0.81134",
    "0.57936",
    "0.55679",
    "0.48704",
    "0.55005",
    "0.78804",
    "0.89072",
    "0.65227",
    "0.16278",
    "0.54652",
    "0.80960",
    "0.10948",
    "0.50891",
    "0.02668",
    "0.54782",
    "0.90556",
    "0.19781",
    "0.15040",
    "0.08975",
    "0.83739",
    "0.58887",
    "0.58955",
    "0.16977",
    "0.45183",
    "0.79144",
    "0.76601",
    "0.27224",
    "0.04576",
    "0.66492",
    "0.85164",
    "0.63156",
    "0.66606",
    "0.81866",
    "0.76832",
    "0.23208",
    "0.10960",
    "0.61206",
    "0.18794",
    "0.80820",
    "0.92326",
    "0.15448",
    "0.53236",
    "0.84427",
    "0.40391",
    "0.30530",
    "0.97346",
    "0.57467",
    "0.59843",
    "0.67389",
    "0.43312",
    "0.98380",
    "0.30369",
    "0.61963",
    "0.58320",
    "0.80600",
    "0.06657",
    "0.25189",
    "0.84560",
    "0.52566",
    "0.18394",
    "0.43005",
    "0.39216",
    "0.37716",
    "0.70268",
    "0.76349",
    "0.14479",
    "0.34488",
    "0.41966",
    "0.61157",
    "0.77534",
    "0.16317",
    "0.88176",
    "0.08368",
    "0.70570",
    "0.31643",
    "0.38585",
    "0.03918",
    "0.10774",
    "0.03903",
    "0.97881",
    "0.08746",
    "0.90334",
    "0.31534",
    "0.45750",
    "0.58789",
    "0.76436",
    "0.87973",
    "0.36882",
    "0.64984",
    "0.11268",
    "0.21658",
    "0.00962",
    "0.13269",
    "0.12019",
    "0.56027",
    "0.42680",
    "0.64581",
    "0.70875",
    "0.89517",
    "0.41722",
    "0.54858",
    "0.55025",
    "0.95566",
    "0.52775",
    "0.95038",
    "0.06654",
    "0.22610",
    "0.05528",
    "0.71057",
    "0.42952",
    "0.94089",
    "0.04667",
    "0.43854",
    "0.56105",
    "0.08438",
    "0.29881",
    "0.49365",
    "0.13301",
    "0.39096",
    "0.35856",
    "0.98529",
    "0.56727",
    "0.34500",
    "0.52281",
    "0.77283",
    "0.03572",
    "0.18087",
    "0.83842",
    "0.46564",
    "0.46022",
    "0.88296",
    "0.10228",
    "0.42309",
    "0.51265",
    "0.18564",
    "0.86125",
    "0.75458",
    "0.61488",
    "0.57327",
    "0.41221",
    "0.31946",
    "0.93880",
    "0.28024",
    "0.80205",
    "0.72711",
    "0.40626",
    "0.29092",
    "0.82762",
    "0.33691",
    "0.68916",
    "0.33969",
    "0.03581",
    "0.25824",
    "0.20936",
    "0.91092",
    "0.72349",
    "0.35046",
    "0.13874",
    "0.23898",
    "0.93755",
    "0.22296",
    "0.39918",
    "0.30826",
    "0.47484",
    "0.23510",
    "0.66255",
    "0.85312",
    "0.88225"
  ]
}