{
  "metodo": "multiplicativo",
  "X0": 173988,
  "k": 190,
  "g": 18,
  "iteraciones": 200,
  "numeros": [
    "0.16011",
    "0.16847",
    "0.92025",
    "0.36952",
    "0.52120",
    "0.82155",
    "0.86141",
    "0.64174",
    "0.65181",
    "0.00978",
    "0.91585",
    "0.66786",
    "0.48946",
    "0.42067",
    "0.52107",
    "0.63539",
    "0.97164",
    "0.74172",
    "0.11458",
    "0.73183",
    "0.03584",
    "0.66042",
    "0.13387",
    "0.14467",
    "0.61959",
    "0.86428",
    "0.01643",
    "0.06142",
    "0.66036",
    "0.04079",
    "0.19978",
    "0.66957",
    "0.09566",
    "0.87746",
    "0.12141",
    "0.15663",
    "0.86299",
    "0.06178",
    "0.21883",
    "0.71010",
    "0.89986",
    "0.28127",
    "0.92952",
    "0.51747",
    "0.14375",
    "0.22340",
    "0.69100",
    "0.76625",
    "0.53218",
    "0.57570",
    "0.94075",
    "0.64394",
    "0.00264",
    "0.02565",
    "0.11629",
    "0.33803",
    "0.49263",
    "0.26076",
    "0.65511",
    "0.03603",
    "0.93966",
    "0.96852",
    "0.99471",
    "0.92543",
    "0.28121",
    "0.83644",
    "0.57259",
    "0.19374",
    "0.45479",
    "0.55202",
    "0.82625",
    "0.02846",
    "0.39790",
    "0.80275",
    "0.19319",
    "0.61708",
    "0.04805",
    "0.27614",
    "0.11092",
    "0.14711",
    "0.34273",
    "0.65969",
    "0.01692",
    "0.80605",
    "0.21944",
    "0.64089",
    "0.34871",
    "0.78139",
    "0.61568",
    "0.90725",
    "0.54378",
    "0.26064",
    "0.46895",
    "0.14626",
    "0.03963",
    "0.43129",
    "0.71675",
    "0.04543",
    "0.27376",
    "0.48085",
    "0.29659",
    "0.29225",
    "0.68367",
    "0.59682",
    "0.14595",
    "0.57424",
    "0.70687",
    "0.96669",
    "0.20235",
    "0.57887",
    "0.78084",
    "0.77797",
    "0.40328",
    "0.99367",
    "0.34310",
    "0.21816",
    "0.68624",
    "0.50612",
    "0.83113",
    "0.47475",
    "0.98873",
    "0.80373",
    "0.68245",
    "0.73525",
    "0.24825",
    "0.57399",
    "0.33455",
    "0.18715",
    "0.40230",
    "0.50441",
    "0.22493",
    "0.01796",
    "0.38838",
    "0.28249",
    "0.79109",
    "0.41518",
    "0.14400",
    "0.59572",
    "0.47054",
    "0.56630",
    "0.60665",
    "0.13161",
    "0.70076",
    "0.65883",
    "0.71382",
    "0.57765",
    "0.91927",
    "0.88027",
    "0.40303",
    "0.62136",
    "0.56356",
    "0.41811",
    "0.61177",
    "0.95021",
    "0.07112",
    "0.45986",
    "0.27754",
    "0.25173",
    "0.87947",
    "0.19301",
    "0.33785",
    "0.21339",
    "0.42610",
    "0.80507",
    "0.73018",
    "0.52272",
    "0.14851",
    "0.48354",
    "0.39205",
    "0.86721",
    "0.48421",
    "0.41591",
    "0.26094",
    "0.93434",
    "0.87069",
    "0.78969",
    "0.27437",
    "0.41164",
    "0.74544",
    "0.79238",
    "0.36983",
    "0.98659",
    "0.54598",
    "0.61147",
    "0.48482",
    "0.34670",
    "0.70980",
    "0.43447",
    "0.55684",
    "0.17946",
    "0.67440",
    "0.44887",
    "0.52339",
    "0.17238",
    "0.87728",
    "0.84218",
    "0.32198",
    "0.01295",
    "0.75594",
    "0.80190"
  ]
}