{
  "metodo": "multiplicativo",
  "X0": 184943,
  "k": 56,
  "g": 19,
  "iteraciones": 200,
  "numeros": [
    "0.79610",
    "0.63444",
    "0.40281",
    "0.47168",
    "0.67004",
    "0.52559",
    "0.09095",
    "0.19949",
    "0.36965",
    "0.45140",
    "0.48368",
    "0.10650",
    "0.24651",
    "0.66969",
    "0.37006",
    "0.63803",
    "0.02718",
    "0.31328",
    "0.91416",
    "0.11438",
    "0.81322",
    "0.38997",
    "0.65504",
    "0.73086",
    "0.08120",
    "0.78258",
    "0.50675",
    "0.55780",
    "0.68267",
    "0.24892",
    "0.75837",
    "0.54050",
    "0.84420",
    "0.42180",
    "0.07395",
    "0.49927",
    "0.16735",
    "0.80904",
    "0.49256",
    "0.12942",
    "0.62868",
    "0.79344",
    "0.42826",
    "0.00128",
    "0.57976",
    "0.63283",
    "0.67011",
    "0.56015",
    "0.74715",
    "0.46001",
    "0.38218",
    "0.12634",
    "0.23241",
    "0.28279",
    "0.10352",
    "0.89517",
    "0.51211",
    "0.98399",
    "0.74821",
    "0.93695",
    "0.43780",
    "0.32143",
    "0.60529",
    "0.19699",
    "0.23604",
    "0.92790",
    "0.33884",
    "0.49560",
    "0.50841",
    "0.31123",
    "0.98792",
    "0.52811",
    "0.23147",
    "0.85423",
    "0.96659",
    "0.86481",
    "0.75677",
    "0.81471",
    "0.06391",
    "0.95102",
    "0.81087",
    "0.32548",
    "0.44395",
    "0.10705",
    "0.49535",
    "0.39436",
    "0.64576",
    "0.52823",
    "0.28676",
    "0.90416",
    "0.58341",
    "0.28485",
    "0.03667",
    "0.61269",
    "0.54597",
    "0.32223",
    "0.97164",
    "0.15275",
    "0.19749",
    "0.46069",
    "0.69323",
    "0.03218",
    "0.57703",
    "0.39554",
    "0.17800",
    "0.63377",
    "0.09867",
    "0.69708",
    "0.77752",
    "0.21535",
    "0.55146",
    "0.81064",
    "0.21834",
    "0.90971",
    "0.09946",
    "0.05652",
    "0.60204",
    "0.72469",
    "0.28174",
    "0.63003",
    "0.40517",
    "0.54307",
    "0.01237",
    "0.60150",
    "0.47930",
    "0.12269",
    "0.58039",
    "0.91623",
    "0.05099",
    "0.09636",
    "0.64988",
    "0.39453",
    "0.72179",
    "0.97188",
    "0.25989",
    "0.73172",
    "0.46828",
    "0.13206",
    "0.82450",
    "0.49811",
    "0.64202",
    "0.83473",
    "0.13276",
    "0.13901",
    "0.96957",
    "0.21269",
    "0.34873",
    "0.97473",
    "0.55248",
    "0.27376",
    "0.01148",
    "0.20059",
    "0.86733",
    "0.90074",
    "0.03507",
    "0.88690",
    "0.76568",
    "0.85146",
    "0.70856",
    "0.97897",
    "0.47408",
    "0.75871",
    "0.69602",
    "0.29712",
    "0.59411",
    "0.13032",
    "0.03650",
    "0.53665",
    "0.10232",
    "0.34910",
    "0.14408",
    "0.26788",
    "0.35027",
    "0.67287",
    "0.80781",
    "0.93613",
    "0.06454",
    "0.23442",
    "0.19175",
    "0.86169",
    "0.34667",
    "0.04158",
    "0.83497",
    "0.23990",
    "0.67324",
    "0.97716",
    "0.65153",
    "0.14105",
    "0.89581",
    "0.79897",
    "0.93049",
    "0.51047",
    "0.24093",
    "0.13981",
    "0.33591",
    "0.16846",
    "0.31017",
    "0.50752",
    "0.90687",
    "0.81033"
  ]
}