{
  "metodo": "multiplicativo",
  "X0": 18195,
  "k": 209,
  "g": 14,
  "iteraciones": 200,
  "numeros": [
    "0.36666",
    "0.85229",
    "0.19624",
    "0.07441",
    "0.77196",
    "0.49582",
    "0.43747",
    "0.58518",
    "0.28658",
    "0.56125",
    "0.16303",
    "0.39279",
    "0.66062",
    "0.79857",
    "0.12299",
    "0.24727",
    "0.64402",
    "0.95776",
    "0.06733",
    "0.89868",
    "0.98682",
    "0.78881",
    "0.74608",
    "0.09687",
    "0.43893",
    "0.04169",
    "0.90917",
    "0.59202",
    "0.75047",
    "0.46652",
    "0.30660",
    "0.13398",
    "0.67137",
    "0.81322",
    "0.68846",
    "0.47287",
    "0.95166",
    "0.83178",
    "0.80468",
    "0.35860",
    "0.34127",
    "0.27217",
    "0.40524",
    "0.54123",
    "0.59031",
    "0.88451",
    "0.24019",
    "0.77074",
    "0.44870",
    "0.41867",
    "0.05951",
    "0.79711",
    "0.66648",
    "0.62473",
    "0.61326",
    "0.37032",
    "0.99365",
    "0.25264",
    "0.65135",
    "0.24043",
    "0.18013",
    "0.05243",
    "0.92382",
    "0.15742",
    "0.97607",
    "0.77416",
    "0.18061",
    "0.87133",
    "0.13129",
    "0.16767",
    "0.17182",
    "0.13203",
    "0.39596",
    "0.98315",
    "0.64744",
    "0.68968",
    "0.51999",
    "0.97046",
    "0.35738",
    "0.29415",
    "0.25337",
    "0.87963",
    "0.05170",
    "0.69554",
    "0.34615",
    "0.46066",
    "0.48044",
    "0.64378",
    "0.54831",
    "0.46359",
    "0.39352",
    "0.88891",
    "0.60984",
    "0.63841",
    "0.54099",
    "0.18086",
    "0.28072",
    "0.73509",
    "0.67283",
    "0.26973",
    "0.31099",
    "0.50363",
    "0.53903",
    "0.90551",
    "0.45065",
    "0.69407",
    "0.88964",
    "0.83812",
    "0.44967",
    "0.05634",
    "0.47458",
    "0.81762",
    "0.05805",
    "0.34054",
    "0.04389",
    "0.59397",
    "0.02582",
    "0.29659",
    "0.34762",
    "0.91723",
    "0.10297",
    "0.67454",
    "0.13569",
    "0.53733",
    "0.03949",
    "0.22432",
    "0.15815",
    "0.20430",
    "0.58542",
    "0.69603",
    "0.16499",
    "0.66819",
    "0.49069",
    "0.83959",
    "0.90624",
    "0.67894",
    "0.50534",
    "0.40499",
    "0.13178",
    "0.98657",
    "0.37936",
    "0.14228",
    "0.59177",
    "0.34102",
    "0.86278",
    "0.80150",
    "0.03607",
    "0.49240",
    "0.70555",
    "0.13252",
    "0.21480",
    "0.19062",
    "0.65769",
    "0.88549",
    "0.87792",
    "0.18574",
    "0.46921",
    "0.81029",
    "0.77538",
    "0.22774",
    "0.89013",
    "0.65696",
    "0.65721",
    "0.06659",
    "0.67039",
    "0.17549",
    "0.27339",
    "0.45236",
    "0.56003",
    "0.11591",
    "0.37399",
    "0.13496",
    "0.30904",
    "0.22822",
    "0.70897",
    "0.86449",
    "0.66746",
    "0.26241",
    "0.02826",
    "0.39083",
    "0.38522",
    "0.96850",
    "0.08198",
    "0.46408",
    "0.21235",
    "0.09638",
    "0.62009",
    "0.83422",
    "0.89892",
    "0.39620",
    "0.39254",
    "0.25117",
    "0.19478",
    "0.61790",
    "0.14936",
    "0.46506",
    "0.85009",
    "0.51144",
    "0.64060",
    "0.22578"
  ]
}