{
  "metodo": "multiplicativo",
  "X0": 87896,
  "k": 183,
  "g": 13,
  "iteraciones": 200,
  "numeros": [
    "0.62410",
    "0.69051",
    "0.24124",
    "0.33891",
    "0.79600",
    "0.17483",
    "0.78818",
    "0.69833",
    "0.71786",
    "0.40923",
    "0.08497",
    "0.80772",
    "0.38970",
    "0.39360",
    "0.13185",
    "0.66707",
    "0.81162",
    "0.12795",
    "0.92882",
    "0.27640",
    "0.98352",
    "0.61238",
    "0.47564",
    "0.63582",
    "0.90538",
    "0.84678",
    "0.77256",
    "0.74521",
    "0.57722",
    "0.83116",
    "0.81944",
    "0.60457",
    "0.99915",
    "0.56550",
    "0.61629",
    "0.21389",
    "0.17092",
    "0.04981",
    "0.16311",
    "0.57331",
    "0.09278",
    "0.28421",
    "0.46002",
    "0.68270",
    "0.76474",
    "0.26859",
    "0.50690",
    "0.54206",
    "0.18655",
    "0.00293",
    "0.30375",
    "0.15139",
    "0.35844",
    "0.48736",
    "0.85069",
    "0.51080",
    "0.28031",
    "0.72177",
    "0.14748",
    "0.62019",
    "0.95226",
    "0.70614",
    "0.19436",
    "0.47955",
    "0.37407",
    "0.44048",
    "0.99133",
    "0.08888",
    "0.54597",
    "0.92492",
    "0.53815",
    "0.44830",
    "0.46783",
    "0.15920",
    "0.83506",
    "0.55769",
    "0.13967",
    "0.14357",
    "0.88194",
    "0.41704",
    "0.56159",
    "0.87804",
    "0.67879",
    "0.02637",
    "0.73349",
    "0.36235",
    "0.22561",
    "0.38579",
    "0.65535",
    "0.59675",
    "0.52252",
    "0.49518",
    "0.32719",
    "0.58113",
    "0.56941",
    "0.35454",
    "0.74911",
    "0.31547",
    "0.36626",
    "0.96398",
    "0.92101",
    "0.79990",
    "0.91320",
    "0.32328",
    "0.84288",
    "0.03418",
    "0.20999",
    "0.43267",
    "0.51471",
    "0.01856",
    "0.25687",
    "0.29203",
    "0.93664",
    "0.75302",
    "0.05372",
    "0.90148",
    "0.10841",
    "0.23733",
    "0.60066",
    "0.26077",
    "0.03028",
    "0.47174",
    "0.89757",
    "0.37016",
    "0.70223",
    "0.45611",
    "0.94445",
    "0.22952",
    "0.12404",
    "0.19045",
    "0.74130",
    "0.83897",
    "0.29593",
    "0.67489",
    "0.28812",
    "0.19827",
    "0.21780",
    "0.90929",
    "0.58503",
    "0.30765",
    "0.88976",
    "0.89366",
    "0.63191",
    "0.16701",
    "0.31156",
    "0.62801",
    "0.42876",
    "0.77646",
    "0.48346",
    "0.11232",
    "0.97571",
    "0.13576",
    "0.40532",
    "0.34672",
    "0.27249",
    "0.24515",
    "0.07716",
    "0.33110",
    "0.31937",
    "0.10450",
    "0.49908",
    "0.06544",
    "0.11623",
    "0.71395",
    "0.67098",
    "0.54987",
    "0.66317",
    "0.07325",
    "0.59285",
    "0.78428",
    "0.96008",
    "0.18264",
    "0.26468",
    "0.76865",
    "0.00684",
    "0.04200",
    "0.68661",
    "0.50299",
    "0.80381",
    "0.65145",
    "0.85850",
    "0.98743",
    "0.35063",
    "0.01074",
    "0.78037",
    "0.22171",
    "0.64754",
    "0.12013",
    "0.45220",
    "0.20608",
    "0.69442",
    "0.97961",
    "0.87413",
    "0.94054",
    "0.49127",
    "0.58894",
    "0.04590",
    "0.42486",
    "0.03809",
    "0.94836"
  ]
}