{
  "metodo": "multiplicativo",
  "X0": 72949,
  "k": 16,
  "g": 16,
  "iteraciones": 200,
  "numeros": [
    "0.04408",
    "0.86300",
    "0.77786",
    "0.45370",
    "0.34072",
    "0.31490",
    "0.88113",
    "0.18880",
    "0.11000",
    "0.63009",
    "0.80081",
    "0.50594",
    "0.28945",
    "0.49606",
    "0.97440",
    "0.59261",
    "0.81656",
    "0.60031",
    "0.83938",
    "0.63632",
    "0.62881",
    "0.63033",
    "0.83328",
    "0.82455",
    "0.66372",
    "0.27364",
    "0.39358",
    "0.34481",
    "0.85879",
    "0.21773",
    "0.95779",
    "0.38460",
    "0.15151",
    "0.15010",
    "0.96341",
    "0.13143",
    "0.47939",
    "0.75827",
    "0.84793",
    "0.77279",
    "0.77993",
    "0.72970",
    "0.04884",
    "0.49618",
    "0.99063",
    "0.75192",
    "0.00368",
    "0.48910",
    "0.04897",
    "0.51241",
    "0.14992",
    "0.93906",
    "0.89248",
    "0.69870",
    "0.92508",
    "0.03352",
    "0.45864",
    "0.99826",
    "0.76663",
    "0.96005",
    "0.68496",
    "0.09859",
    "0.11208",
    "0.90610",
    "0.50893",
    "0.68722",
    "0.39895",
    "0.05916",
    "0.86807",
    "0.45162",
    "0.06471",
    "0.60678",
    "0.69986",
    "0.07930",
    "0.54690",
    "0.73642",
    "0.94180",
    "0.25777",
    "0.28298",
    "0.63558",
    "0.53140",
    "0.67453",
    "0.71048",
    "0.49178",
    "0.40615",
    "0.01704",
    "0.26687",
    "0.49252",
    "0.50356",
    "0.97287",
    "0.38967",
    "0.82528",
    "0.76114",
    "0.22945",
    "0.51638",
    "0.67758",
    "0.11635",
    "0.47433",
    "0.08449",
    "0.23690",
    "0.50674",
    "0.39498",
    "0.53152",
    "0.69076",
    "0.86978",
    "0.67892",
    "0.29494",
    "0.22664",
    "0.14296",
    "0.01363",
    "0.81228",
    "0.03206",
    "0.26381",
    "0.08663",
    "0.52102",
    "0.29451",
    "0.16982",
    "0.58541",
    "0.85867",
    "0.20150",
    "0.79849",
    "0.19747",
    "0.26271",
    "0.94052",
    "0.08730",
    "0.61032",
    "0.17067",
    "0.69906",
    "0.97379",
    "0.51144",
    "0.02004",
    "0.66464",
    "0.39541",
    "0.58834",
    "0.24831",
    "0.02473",
    "0.28969",
    "0.52853",
    "0.29299",
    "0.96689",
    "0.59414",
    "0.01949",
    "0.59158",
    "0.67855",
    "0.24623",
    "0.74874",
    "0.58157",
    "0.34725",
    "0.18349",
    "0.40377",
    "0.70047",
    "0.16048",
    "0.34340",
    "0.67208",
    "0.38576",
    "0.30575",
    "0.66348",
    "0.24117",
    "0.07497",
    "0.97055",
    "0.08119",
    "0.79855",
    "0.20558",
    "0.34237",
    "0.53408",
    "0.03169",
    "0.21511",
    "0.60873",
    "0.95962",
    "0.62814",
    "0.54104",
    "0.95712",
    "0.29531",
    "0.27535",
    "0.62087",
    "0.57504",
    "0.47866",
    "0.66085",
    "0.89212",
    "0.64999",
    "0.44717",
    "0.47213",
    "0.79226",
    "0.36947",
    "0.13832",
    "0.39669",
    "0.75882",
    "0.92099",
    "0.48965",
    "0.12203",
    "0.22927",
    "0.49203",
    "0.43862",
    "0.33565",
    "0.64114",
    "0.27010",
    "0.92276",
    "0.72506",
    "0.43191",
    "0.44271"
  ]
}