{
  "metodo": "multiplicativo",
  "X0": 21674,
  "k": 133,
  "g": 10,
  "iteraciones": 200,
  "numeros": [
    "0.47116",
    "0.18182",
    "0.17400",
    "0.82307",
    "0.00196",
    "0.08798",
    "0.95601",
    "0.97947",
    "0.03324",
    "0.49462",
    "0.23656",
    "0.63539",
    "0.56500",
    "0.40078",
    "0.01760",
    "0.79179",
    "0.59629",
    "0.80743",
    "0.29912",
    "0.44770",
    "0.12708",
    "0.71359",
    "0.08016",
    "0.60411",
    "0.15836",
    "0.11926",
    "0.36168",
    "0.26002",
    "0.69013",
    "0.02542",
    "0.14272",
    "0.41642",
    "0.72141",
    "0.43206",
    "0.42424",
    "0.07234",
    "0.25220",
    "0.33822",
    "0.20528",
    "0.22874",
    "0.28348",
    "0.74487",
    "0.48680",
    "0.88563",
    "0.81525",
    "0.65103",
    "0.26784",
    "0.04106",
    "0.84653",
    "0.05670",
    "0.54936",
    "0.69795",
    "0.37732",
    "0.96383",
    "0.33040",
    "0.85435",
    "0.40860",
    "0.36950",
    "0.61193",
    "0.51026",
    "0.94037",
    "0.27566",
    "0.39296",
    "0.66667",
    "0.97165",
    "0.68231",
    "0.67449",
    "0.32258",
    "0.50244",
    "0.58847",
    "0.45552",
    "0.47898",
    "0.53372",
    "0.99511",
    "0.73705",
    "0.13490",
    "0.06452",
    "0.90127",
    "0.51808",
    "0.29130",
    "0.09580",
    "0.30694",
    "0.79961",
    "0.94819",
    "0.62757",
    "0.21310",
    "0.58065",
    "0.10362",
    "0.65885",
    "0.61975",
    "0.86217",
    "0.76051",
    "0.18964",
    "0.52590",
    "0.64321",
    "0.91691",
    "0.22092",
    "0.93255",
    "0.92473",
    "0.57283",
    "0.75269",
    "0.83871",
    "0.70577",
    "0.72923",
    "0.78397",
    "0.24438",
    "0.98729",
    "0.38514",
    "0.31476",
    "0.15054",
    "0.76833",
    "0.54154",
    "0.34604",
    "0.55718",
    "0.04888",
    "0.19746",
    "0.87781",
    "0.46334",
    "0.83089",
    "0.35386",
    "0.90909",
    "0.86999",
    "0.11144",
    "0.00978",
    "0.43988",
    "0.77615",
    "0.89345",
    "0.16618",
    "0.47116",
    "0.18182",
    "0.17400",
    "0.82307",
    "0.00196",
    "0.08798",
    "0.95601",
    "0.97947",
    "0.03324",
    "0.49462",
    "0.23656",
    "0.63539",
    "0.56500",
    "0.40078",
    "0.01760",
    "0.79179",
    "0.59629",
    "0.80743",
    "0.29912",
    "0.44770",
    "0.12708",
    "0.71359",
    "0.08016",
    "0.60411",
    "0.15836",
    "0.11926",
    "0.36168",
    "0.26002",
    "0.69013",
    "0.02542",
    "0.14272",
    "0.41642",
    "0.72141",
    "0.43206",
    "0.42424",
    "0.07234",
    "0.25220",
    "0.33822",
    "0.20528",
    "0.22874",
    "0.28348",
    "0.74487",
    "0.48680",
    "0.88563",
    "0.81525",
    "0.65103",
    "0.26784",
    "0.04106",
    "0.84653",
    "0.05670",
    "0.54936",
    "0.69795",
    "0.37732",
    "0.96383",
    "0.33040",
    "0.85435",
    "0.40860",
    "0.36950",
    "0.61193",
    "0.51026",
    "0.94037",
    "0.27566",
    "0.39296",
    "0.66667",
    "0.97165",
    "0.68231",
    "0.67449",
    "0.32258",
    "0.50244",
    "0.58847",
    "0.45552",
    "0.47898"
  ]
}