{
  "metodo": "multiplicativo",
  "X0": 157675,
  "k": 225,
  "g": 10,
  "iteraciones": 200,
  "numeros": [
    "0.98436",
    "0.03421",
    "0.69501",
    "0.27664",
    "0.84360",
    "0.20626",
    "0.92962",
    "0.32356",
    "0.45259",
    "0.12805",
    "0.91398",
    "0.12023",
    "0.81232",
    "0.80059",
    "0.64809",
    "0.66764",
    "0.92180",
    "0.22190",
    "0.13196",
    "0.96481",
    "0.78104",
    "0.39394",
    "0.36657",
    "0.01075",
    "0.39003",
    "0.31574",
    "0.35093",
    "0.80841",
    "0.74976",
    "0.98827",
    "0.08504",
    "0.35484",
    "0.85924",
    "0.40958",
    "0.56989",
    "0.65200",
    "0.71848",
    "0.58162",
    "0.80450",
    "0.69892",
    "0.32747",
    "0.50342",
    "0.78886",
    "0.49560",
    "0.68719",
    "0.17498",
    "0.52297",
    "0.04203",
    "0.79668",
    "0.59726",
    "0.00684",
    "0.33920",
    "0.65591",
    "0.76931",
    "0.24145",
    "0.38612",
    "0.26491",
    "0.69110",
    "0.22581",
    "0.18280",
    "0.62463",
    "0.36266",
    "0.96090",
    "0.73021",
    "0.73412",
    "0.78495",
    "0.44477",
    "0.02639",
    "0.59335",
    "0.95699",
    "0.67937",
    "0.07331",
    "0.20235",
    "0.87879",
    "0.66373",
    "0.87097",
    "0.56207",
    "0.55034",
    "0.39785",
    "0.41740",
    "0.67155",
    "0.97263",
    "0.88270",
    "0.71457",
    "0.53079",
    "0.14370",
    "0.11632",
    "0.76149",
    "0.13978",
    "0.06549",
    "0.10068",
    "0.55816",
    "0.49951",
    "0.73803",
    "0.83578",
    "0.10459",
    "0.60899",
    "0.15934",
    "0.31965",
    "0.40176",
    "0.46823",
    "0.33138",
    "0.55425",
    "0.44868",
    "0.07722",
    "0.25318",
    "0.53861",
    "0.24536",
    "0.43695",
    "0.92571",
    "0.27273",
    "0.79277",
    "0.54643",
    "0.34702",
    "0.75758",
    "0.08895",
    "0.40567",
    "0.51906",
    "0.99218",
    "0.13587",
    "0.01466",
    "0.44086",
    "0.97654",
    "0.93353",
    "0.37439",
    "0.11241",
    "0.71065",
    "0.47996",
    "0.48387",
    "0.53470",
    "0.19453",
    "0.77713",
    "0.34311",
    "0.70674",
    "0.42913",
    "0.82405",
    "0.95308",
    "0.62854",
    "0.41349",
    "0.62072",
    "0.31183",
    "0.30010",
    "0.14761",
    "0.16716",
    "0.42131",
    "0.72239",
    "0.63245",
    "0.46432",
    "0.28055",
    "0.89443",
    "0.86706",
    "0.51124",
    "0.89052",
    "0.81623",
    "0.85142",
    "0.30792",
    "0.24927",
    "0.48778",
    "0.58553",
    "0.85533",
    "0.35875",
    "0.91007",
    "0.06940",
    "0.15152",
    "0.21799",
    "0.08113",
    "0.30401",
    "0.19844",
    "0.82796",
    "0.00293",
    "0.28837",
    "0.99609",
    "0.18671",
    "0.67546",
    "0.02248",
    "0.54252",
    "0.29619",
    "0.09677",
    "0.50733",
    "0.83969",
    "0.15543",
    "0.26882",
    "0.74194",
    "0.88661",
    "0.76540",
    "0.19062",
    "0.72630",
    "0.68328",
    "0.12414",
    "0.86315",
    "0.46041",
    "0.22972",
    "0.23363",
    "0.28446",
    "0.94526",
    "0.52688",
    "0.09286",
    "0.45650",
    "0.17889",
    "0.57380"
  ]
}