{
  "metodo": "multiplicativo",
  "X0": 135864,
  "k": 295,
  "g": 16,
  "iteraciones": 200,
  "numeros": [
    "0.92909",
    "0.26746",
    "0.53358",
    "0.89149",
    "0.34900",
    "0.38270",
    "0.06287",
    "0.67860",
    "0.86268",
    "0.21668",
    "0.43592",
    "0.93446",
    "0.97011",
    "0.26941",
    "0.15271",
    "0.15906",
    "0.17127",
    "0.04089",
    "0.71327",
    "0.85243",
    "0.96620",
    "0.03113",
    "0.61756",
    "0.51453",
    "0.85487",
    "0.74012",
    "0.36561",
    "0.64540",
    "0.33729",
    "0.66786",
    "0.45740",
    "0.74501",
    "0.91347",
    "0.31434",
    "0.39295",
    "0.31336",
    "0.08338",
    "0.17957",
    "0.67225",
    "0.85048",
    "0.34705",
    "0.76356",
    "0.79530",
    "0.85634",
    "0.20447",
    "0.56629",
    "0.26209",
    "0.83095",
    "0.15564",
    "0.08777",
    "0.57264",
    "0.27430",
    "0.70057",
    "0.82802",
    "0.22693",
    "0.68641",
    "0.33924",
    "0.28699",
    "0.72499",
    "0.56727",
    "0.57166",
    "0.96474",
    "0.56678",
    "0.41688",
    "0.89784",
    "0.36121",
    "0.25232",
    "0.73524",
    "0.81776",
    "0.97646",
    "0.28162",
    "0.02234",
    "0.83143",
    "0.31043",
    "0.15467",
    "0.77821",
    "0.43885",
    "0.86317",
    "0.37147",
    "0.50282",
    "0.14002",
    "0.13465",
    "0.43201",
    "0.69618",
    "0.43494",
    "0.62489",
    "0.83632",
    "0.85829",
    "0.82362",
    "0.83388",
    "0.08435",
    "0.48914",
    "0.80604",
    "0.26160",
    "0.67616",
    "0.08875",
    "0.88222",
    "0.40809",
    "0.11170",
    "0.15711",
    "0.55213",
    "0.77333",
    "0.89100",
    "0.19422",
    "0.31580",
    "0.85731",
    "0.51405",
    "0.70008",
    "0.67323",
    "0.16004",
    "0.48084",
    "0.17469",
    "0.12439",
    "0.18152",
    "0.29139",
    "0.11804",
    "0.16931",
    "0.42176",
    "0.44569",
    "0.03015",
    "0.30799",
    "0.38074",
    "0.44373",
    "0.41102",
    "0.04041",
    "0.55848",
    "0.78553",
    "0.76063",
    "0.86659",
    "0.45496",
    "0.97108",
    "0.57899",
    "0.28650",
    "0.57020",
    "0.50037",
    "0.36609",
    "0.80018",
    "0.40418",
    "0.87343",
    "0.62196",
    "0.90761",
    "0.45692",
    "0.59022",
    "0.84657",
    "0.10877",
    "0.22840",
    "0.15076",
    "0.53993",
    "0.90370",
    "0.21863",
    "0.05505",
    "0.20203",
    "0.79237",
    "0.92763",
    "0.80311",
    "0.33289",
    "0.27478",
    "0.85536",
    "0.89491",
    "0.43250",
    "0.85097",
    "0.50184",
    "0.83046",
    "0.00085",
    "0.02087",
    "0.36707",
    "0.10974",
    "0.53797",
    "0.28455",
    "0.95106",
    "0.23279",
    "0.54383",
    "0.14197",
    "0.75380",
    "0.69960",
    "0.51844",
    "0.09314",
    "0.27527",
    "0.01013",
    "0.96181",
    "0.63807",
    "0.01550",
    "0.66444",
    "0.37391",
    "0.27674",
    "0.47449",
    "0.16248",
    "0.25476",
    "0.50916",
    "0.15222",
    "0.00427",
    "0.10437",
    "0.83534",
    "0.54871",
    "0.68983",
    "0.42274",
    "0.75526",
    "0.16394",
    "0.71913",
    "0.70985"
  ]
}