{
  "metodo": "multiplicativo",
  "X0": 80906,
  "k": 259,
  "g": 14,
  "iteraciones": 200,
  "numeros": [
    "0.45523",
    "0.45083",
    "0.32338",
    "0.62760",
    "0.44937",
    "0.28090",
    "0.39565",
    "0.72331",
    "0.22475",
    "0.76726",
    "0.49918",
    "0.72526",
    "0.28139",
    "0.40982",
    "0.13392",
    "0.13343",
    "0.11927",
    "0.70866",
    "0.79998",
    "0.44790",
    "0.23842",
    "0.16371",
    "0.99725",
    "0.16859",
    "0.13880",
    "0.27504",
    "0.22572",
    "0.79558",
    "0.32045",
    "0.54264",
    "0.98553",
    "0.82879",
    "0.28334",
    "0.46646",
    "0.77654",
    "0.76824",
    "0.52750",
    "0.54654",
    "0.09876",
    "0.11390",
    "0.55289",
    "0.28285",
    "0.45230",
    "0.36587",
    "0.85955",
    "0.17543",
    "0.33706",
    "0.02405",
    "0.94745",
    "0.72429",
    "0.25307",
    "0.58854",
    "0.31655",
    "0.42935",
    "0.70036",
    "0.55924",
    "0.46695",
    "0.79070",
    "0.17884",
    "0.43618",
    "0.89861",
    "0.30825",
    "0.18861",
    "0.71940",
    "0.11146",
    "0.48209",
    "0.22963",
    "0.90887",
    "0.60563",
    "0.81218",
    "0.80193",
    "0.50455",
    "0.88104",
    "0.79851",
    "0.40542",
    "0.00647",
    "0.43765",
    "0.94110",
    "0.54019",
    "0.91473",
    "0.77556",
    "0.73991",
    "0.70622",
    "0.72917",
    "0.39468",
    "0.69499",
    "0.40347",
    "0.94989",
    "0.79509",
    "0.30629",
    "0.13197",
    "0.07679",
    "0.47671",
    "0.07386",
    "0.39175",
    "0.61002",
    "0.93963",
    "0.49771",
    "0.68278",
    "0.04944",
    "0.68376",
    "0.07776",
    "0.50504",
    "0.89520",
    "0.20912",
    "0.31411",
    "0.35854",
    "0.64713",
    "0.01575",
    "0.70671",
    "0.74333",
    "0.80535",
    "0.60367",
    "0.75554",
    "0.15931",
    "0.86980",
    "0.47281",
    "0.96063",
    "0.10657",
    "0.34047",
    "0.12318",
    "0.82195",
    "0.08509",
    "0.71745",
    "0.05481",
    "0.83953",
    "0.59488",
    "0.50064",
    "0.76775",
    "0.51334",
    "0.13587",
    "0.19008",
    "0.76189",
    "0.34340",
    "0.20814",
    "0.28578",
    "0.53726",
    "0.82976",
    "0.31166",
    "0.28774",
    "0.59391",
    "0.47232",
    "0.94647",
    "0.69597",
    "0.43179",
    "0.77117",
    "0.61246",
    "0.01038",
    "0.55094",
    "0.22621",
    "0.80974",
    "0.73112",
    "0.45132",
    "0.33755",
    "0.03821",
    "0.35805",
    "0.63297",
    "0.60514",
    "0.79802",
    "0.39126",
    "0.59586",
    "0.52896",
    "0.58903",
    "0.33071",
    "0.84002",
    "0.60905",
    "0.91131",
    "0.67643",
    "0.86541",
    "0.34536",
    "0.26479",
    "0.92840",
    "0.17201",
    "0.23793",
    "0.14955",
    "0.58658",
    "0.25990",
    "0.78679",
    "0.06556",
    "0.15101",
    "0.62907",
    "0.49185",
    "0.51285",
    "0.12171",
    "0.77947",
    "0.85320",
    "0.99139",
    "0.99872",
    "0.21107",
    "0.37075",
    "0.00110",
    "0.28188",
    "0.42398",
    "0.54459",
    "0.04212",
    "0.47134",
    "0.91815",
    "0.87469",
    "0.61442",
    "0.06702"
  ]
}