{
  "metodo": "multiplicativo",
  "X0": 52984,
  "k": 247,
  "g": 15,
  "iteraciones": 200,
  "numeros": [
    "0.16480",
    "0.45875",
    "0.76443",
    "0.28492",
    "0.41090",
    "0.97049",
    "0.47926",
    "0.39039",
    "0.34449",
    "0.41969",
    "0.38160",
    "0.93338",
    "0.96561",
    "0.80642",
    "0.47145",
    "0.91385",
    "0.27418",
    "0.13062",
    "0.74880",
    "0.33180",
    "0.27027",
    "0.39235",
    "0.21363",
    "0.18726",
    "0.95389",
    "0.59157",
    "0.86599",
    "0.48024",
    "0.32496",
    "0.72829",
    "0.70583",
    "0.21070",
    "0.38356",
    "0.80251",
    "0.73318",
    "0.37867",
    "0.12964",
    "0.81423",
    "0.94803",
    "0.98416",
    "0.56325",
    "0.76345",
    "0.35035",
    "0.02710",
    "0.68435",
    "0.65017",
    "0.94021",
    "0.50758",
    "0.49293",
    "0.47438",
    "0.71755",
    "0.42555",
    "0.98904",
    "0.23609",
    "0.68239",
    "0.78103",
    "0.17261",
    "0.93533",
    "0.83474",
    "0.57399",
    "0.04370",
    "0.57204",
    "0.17457",
    "0.80447",
    "0.60231",
    "0.14624",
    "0.70193",
    "0.47243",
    "0.84841",
    "0.65798",
    "0.41676",
    "0.57790",
    "0.78201",
    "0.10718",
    "0.31910",
    "0.12085",
    "0.40309",
    "0.49391",
    "0.40895",
    "0.10132",
    "0.71169",
    "0.81814",
    "0.68630",
    "0.51930",
    "0.70779",
    "0.07984",
    "0.15113",
    "0.37477",
    "0.39137",
    "0.27906",
    "0.80349",
    "0.66774",
    "0.76247",
    "0.41578",
    "0.64333",
    "0.39821",
    "0.82107",
    "0.49001",
    "0.67067",
    "0.56618",
    "0.56716",
    "0.50172",
    "0.88553",
    "0.17164",
    "0.00073",
    "0.45094",
    "0.28785",
    "0.21461",
    "0.12183",
    "0.33766",
    "0.87771",
    "0.69509",
    "0.93045",
    "0.16187",
    "0.65505",
    "0.61306",
    "0.42653",
    "0.92361",
    "0.61989",
    "0.96854",
    "0.61013",
    "0.62282",
    "0.77224",
    "0.76150",
    "0.48122",
    "0.25953",
    "0.11206",
    "0.99197",
    "0.03980",
    "0.83377",
    "0.63942",
    "0.65993",
    "0.28590",
    "0.34547",
    "0.35426",
    "0.76540",
    "0.21949",
    "0.79470",
    "0.25660",
    "0.30836",
    "0.84060",
    "0.18140",
    "0.34645",
    "0.28883",
    "0.14917",
    "0.50563",
    "0.62380",
    "0.70681",
    "0.14527",
    "0.76736",
    "0.08863",
    "0.56227",
    "0.82888",
    "0.96658",
    "0.74099",
    "0.85525",
    "0.19996",
    "0.10327",
    "0.58083",
    "0.58571",
    "0.25855",
    "0.17750",
    "0.60817",
    "0.75369",
    "0.00464",
    "0.18921",
    "0.82302",
    "0.35914",
    "0.43825",
    "0.13843",
    "0.22535",
    "0.40211",
    "0.55934",
    "0.02515",
    "0.81521",
    "0.88260",
    "0.36793",
    "0.84939",
    "0.59255",
    "0.80056",
    "0.86404",
    "0.61110",
    "0.55739",
    "0.15601",
    "0.04761",
    "0.31031",
    "0.70974",
    "0.94900",
    "0.91873",
    "0.94705",
    "0.04956",
    "0.17945",
    "0.47731",
    "0.52126",
    "0.57692",
    "0.84744",
    "0.72341",
    "0.03296",
    "0.29176",
    "0.95291"
  ]
}