{
  "metodo": "multiplicativo",
  "X0": 74202,
  "k": 258,
  "g": 13,
  "iteraciones": 200,
  "numeros": [
    "0.71518",
    "0.51691",
    "0.35380",
    "0.92907",
    "0.00806",
    "0.66927",
    "0.55305",
    "0.11256",
    "0.86363",
    "0.63411",
    "0.81480",
    "0.60872",
    "0.28153",
    "0.41143",
    "0.13893",
    "0.41729",
    "0.26199",
    "0.00122",
    "0.52570",
    "0.53840",
    "0.80503",
    "0.40361",
    "0.97497",
    "0.97204",
    "0.91051",
    "0.61848",
    "0.48663",
    "0.71811",
    "0.57844",
    "0.64583",
    "0.06080",
    "0.77671",
    "0.80894",
    "0.48565",
    "0.69759",
    "0.14772",
    "0.60188",
    "0.13796",
    "0.39678",
    "0.83140",
    "0.95739",
    "0.60286",
    "0.15847",
    "0.82749",
    "0.87535",
    "0.88023",
    "0.98279",
    "0.13600",
    "0.35576",
    "0.97009",
    "0.86949",
    "0.75717",
    "0.39873",
    "0.87242",
    "0.81870",
    "0.69076",
    "0.00415",
    "0.58723",
    "0.83042",
    "0.93688",
    "0.17214",
    "0.11452",
    "0.90465",
    "0.49542",
    "0.90270",
    "0.45440",
    "0.04126",
    "0.36650",
    "0.19558",
    "0.60676",
    "0.24051",
    "0.55012",
    "0.05103",
    "0.57160",
    "0.50226",
    "0.04615",
    "0.46905",
    "0.34892",
    "0.82652",
    "0.85484",
    "0.44952",
    "0.93884",
    "0.21316",
    "0.97595",
    "0.99255",
    "0.34111",
    "0.66243",
    "0.40947",
    "0.09791",
    "0.55598",
    "0.17409",
    "0.15554",
    "0.76596",
    "0.58332",
    "0.74838",
    "0.21414",
    "0.99646",
    "0.42315",
    "0.38506",
    "0.58528",
    "0.78940",
    "0.07545",
    "0.08424",
    "0.26883",
    "0.14479",
    "0.54035",
    "0.84605",
    "0.26492",
    "0.06275",
    "0.81773",
    "0.67025",
    "0.57356",
    "0.54328",
    "0.90758",
    "0.55695",
    "0.19460",
    "0.58625",
    "0.80991",
    "0.50617",
    "0.12819",
    "0.19167",
    "0.52472",
    "0.51789",
    "0.37431",
    "0.35966",
    "0.05201",
    "0.59211",
    "0.93298",
    "0.09010",
    "0.39189",
    "0.72885",
    "0.80405",
    "0.38310",
    "0.54426",
    "0.92809",
    "0.98767",
    "0.23855",
    "0.50910",
    "0.18972",
    "0.48370",
    "0.65657",
    "0.28641",
    "0.51398",
    "0.29227",
    "0.63704",
    "0.87633",
    "0.90074",
    "0.41338",
    "0.17995",
    "0.27860",
    "0.34990",
    "0.84703",
    "0.28544",
    "0.49347",
    "0.86168",
    "0.59309",
    "0.95349",
    "0.52082",
    "0.43584",
    "0.65169",
    "0.18386",
    "0.36064",
    "0.07252",
    "0.02271",
    "0.97693",
    "0.01294",
    "0.77182",
    "0.70639",
    "0.33232",
    "0.47784",
    "0.53351",
    "0.70248",
    "0.25027",
    "0.75522",
    "0.35771",
    "0.01099",
    "0.73080",
    "0.84507",
    "0.24441",
    "0.63216",
    "0.77378",
    "0.74741",
    "0.19363",
    "0.56574",
    "0.37920",
    "0.46221",
    "0.20535",
    "0.81187",
    "0.54719",
    "0.98962",
    "0.27958",
    "0.37041",
    "0.27762",
    "0.32939",
    "0.41631",
    "0.24148",
    "0.57063",
    "0.48175",
    "0.61555",
    "0.42510"
  ]
}