{
  "metodo": "multiplicativo",
  "X0": 52298,
  "k": 199,
  "g": 13,
  "iteraciones": 200,
  "numeros": [
    "0.30106",
    "0.73764",
    "0.86558",
    "0.16921",
    "0.19558",
    "0.30399",
    "0.41631",
    "0.76694",
    "0.65267",
    "0.18288",
    "0.02954",
    "0.17702",
    "0.67220",
    "0.37431",
    "0.70541",
    "0.39971",
    "0.25418",
    "0.87828",
    "0.44366",
    "0.43487",
    "0.39873",
    "0.69466",
    "0.24441",
    "0.28251",
    "0.10573",
    "0.82359",
    "0.10768",
    "0.94274",
    "0.37529",
    "0.26492",
    "0.03345",
    "0.41533",
    "0.20730",
    "0.01880",
    "0.02173",
    "0.70052",
    "0.60188",
    "0.08522",
    "0.07252",
    "0.79819",
    "0.55891",
    "0.46417",
    "0.18581",
    "0.70834",
    "0.07838",
    "0.15554",
    "0.36162",
    "0.43096",
    "0.16042",
    "0.15944",
    "0.59993",
    "0.96618",
    "0.80503",
    "0.47589",
    "0.90074",
    "0.31376",
    "0.01196",
    "0.10475",
    "0.26395",
    "0.47393",
    "0.78159",
    "0.04615",
    "0.68978",
    "0.44659",
    "0.11354",
    "0.30009",
    "0.17800",
    "0.23172",
    "0.00806",
    "0.86656",
    "0.72885",
    "0.82945",
    "0.46514",
    "0.74545",
    "0.34208",
    "0.23953",
    "0.48468",
    "0.93688",
    "0.01782",
    "0.46221",
    "0.06666",
    "0.44073",
    "0.75620",
    "0.49738",
    "0.21121",
    "0.25711",
    "0.55695",
    "0.34501",
    "0.91832",
    "0.38603",
    "0.42022",
    "0.00513",
    "0.18777",
    "0.82749",
    "0.34599",
    "0.47784",
    "0.01978",
    "0.58137",
    "0.33427",
    "0.76303",
    "0.41436",
    "0.64778",
    "0.38506",
    "0.86070",
    "0.37138",
    "0.02661",
    "0.49835",
    "0.77085",
    "0.89098",
    "0.71811",
    "0.67415",
    "0.49347",
    "0.97302",
    "0.72201",
    "0.91246",
    "0.02857",
    "0.61751",
    "0.03833",
    "0.21316",
    "0.37627",
    "0.82456",
    "0.66732",
    "0.57649",
    "0.53644",
    "0.59407",
    "0.60872",
    "0.00220",
    "0.50910",
    "0.92614",
    "0.86265",
    "0.49054",
    "0.29423",
    "0.82066",
    "0.42901",
    "0.04126",
    "0.89195",
    "0.27762",
    "0.30790",
    "0.65462",
    "0.30204",
    "0.29716",
    "0.49933",
    "0.33036",
    "0.52472",
    "0.87926",
    "0.00317",
    "0.06861",
    "0.55988",
    "0.02368",
    "0.81968",
    "0.86949",
    "0.40752",
    "0.73080",
    "0.94860",
    "0.73276",
    "0.06764",
    "0.00024",
    "0.38994",
    "0.65853",
    "0.54035",
    "0.83238",
    "0.14382",
    "0.64681",
    "0.82554",
    "0.22683",
    "0.21023",
    "0.69759",
    "0.92321",
    "0.18386",
    "0.58918",
    "0.81089",
    "0.83335",
    "0.70346",
    "0.28055",
    "0.98669",
    "0.55598",
    "0.78550",
    "0.28446",
    "0.22488",
    "0.09108",
    "0.42998",
    "0.60090",
    "0.52570",
    "0.43877",
    "0.63704",
    "0.22976",
    "0.88902",
    "0.59895",
    "0.40654",
    "0.17116",
    "0.31474",
    "0.57160",
    "0.73862",
    "0.42510",
    "0.80308",
    "0.35673",
    "0.63313",
    "0.99158",
    "0.35380",
    "0.95446"
  ]
}