{
  "metodo": "multiplicativo",
  "X0": 110033,
  "k": 178,
  "g": 16,
  "iteraciones": 200,
  "numeros": [
    "0.24862",
    "0.26577",
    "0.77438",
    "0.57229",
    "0.78939",
    "0.02821",
    "0.31710",
    "0.12575",
    "0.69345",
    "0.91958",
    "0.06685",
    "0.52688",
    "0.89828",
    "0.62734",
    "0.46114",
    "0.96316",
    "0.34139",
    "0.83902",
    "0.93747",
    "0.62210",
    "0.96030",
    "0.24208",
    "0.93332",
    "0.69119",
    "0.69247",
    "0.52407",
    "0.88620",
    "0.35793",
    "0.47543",
    "0.37246",
    "0.23360",
    "0.80984",
    "0.24666",
    "0.47475",
    "0.41305",
    "0.23439",
    "0.94369",
    "0.51846",
    "0.86203",
    "0.81912",
    "0.50399",
    "0.19106",
    "0.01802",
    "0.75149",
    "0.86508",
    "0.18007",
    "0.31856",
    "0.21901",
    "0.96445",
    "0.17299",
    "0.20113",
    "0.40920",
    "0.73959",
    "0.85733",
    "0.10323",
    "0.50954",
    "0.12801",
    "0.92056",
    "0.46236",
    "0.70755",
    "0.06722",
    "0.05019",
    "0.71603",
    "0.19069",
    "0.49471",
    "0.93375",
    "0.30172",
    "0.14650",
    "0.34798",
    "0.25869",
    "0.65695",
    "0.76248",
    "0.56454",
    "0.71255",
    "0.21920",
    "0.22609",
    "0.08186",
    "0.98282",
    "0.42599",
    "0.72488",
    "0.83749",
    "0.75698",
    "0.71481",
    "0.44631",
    "0.76889",
    "0.72256",
    "0.52316",
    "0.57790",
    "0.81357",
    "0.56704",
    "0.28853",
    "0.30715",
    "0.90903",
    "0.97794",
    "0.44845",
    "0.82156",
    "0.99277",
    "0.64273",
    "0.44039",
    "0.30861",
    "0.00227",
    "0.24892",
    "0.70187",
    "0.95584",
    "0.87509",
    "0.48403",
    "0.67037",
    "0.95071",
    "0.54867",
    "0.03554",
    "0.78341",
    "0.48074",
    "0.96054",
    "0.59097",
    "0.47848",
    "0.73342",
    "0.04817",
    "0.83780",
    "0.19307",
    "0.89627",
    "0.74911",
    "0.46352",
    "0.36471",
    "0.15676",
    "0.00081",
    "0.15566",
    "0.43087",
    "0.70242",
    "0.74081",
    "0.60171",
    "0.82907",
    "0.72073",
    "0.90658",
    "0.48916",
    "0.99680",
    "0.39919",
    "0.43563",
    "0.50552",
    "0.37154",
    "0.92532",
    "0.26546",
    "0.33828",
    "0.39083",
    "0.48659",
    "0.33358",
    "0.67495",
    "0.49215",
    "0.27053",
    "0.57748",
    "0.20302",
    "0.11299",
    "0.46462",
    "0.93466",
    "0.61001",
    "0.69088",
    "0.25637",
    "0.34261",
    "0.58340",
    "0.66329",
    "0.83328",
    "0.73886",
    "0.81070",
    "0.46773",
    "0.38283",
    "0.06087",
    "0.97940",
    "0.54171",
    "0.09255",
    "0.24617",
    "0.77700",
    "0.32271",
    "0.14992",
    "0.23226",
    "0.89102",
    "0.24825",
    "0.74246",
    "0.95663",
    "0.00893",
    "0.75583",
    "0.05763",
    "0.35677",
    "0.81827",
    "0.28292",
    "0.28298",
    "0.37020",
    "0.00649",
    "0.26705",
    "0.60598",
    "0.93442",
    "0.26113",
    "0.14571",
    "0.21413",
    "0.98691",
    "0.26967",
    "0.35640",
    "0.29494",
    "0.46517",
    "0.71963",
    "0.33663",
    "0.03590"
  ]
}