{
  "metodo": "multiplicativo",
  "X0": 139104,
  "k": 234,
  "g": 18,
  "iteraciones": 200,
  "numeros": [
    "0.01062",
    "0.93396",
    "0.04285",
    "0.42322",
    "0.37976",
    "0.81092",
    "0.08386",
    "0.40955",
    "0.71765",
    "0.03162",
    "0.34363",
    "0.98963",
    "0.52429",
    "0.09607",
    "0.32214",
    "0.66345",
    "0.29968",
    "0.50427",
    "0.51941",
    "0.93103",
    "0.54383",
    "0.75623",
    "0.43543",
    "0.29236",
    "0.75672",
    "0.35193",
    "0.57019",
    "0.24744",
    "0.43836",
    "0.79138",
    "0.42371",
    "0.29627",
    "0.08875",
    "0.57459",
    "0.49597",
    "0.93885",
    "0.20789",
    "0.20154",
    "0.28699",
    "0.67517",
    "0.29578",
    "0.17224",
    "0.29675",
    "0.00525",
    "0.85242",
    "0.98670",
    "0.02527",
    "0.42908",
    "0.37781",
    "0.14490",
    "0.97254",
    "0.44666",
    "0.37195",
    "0.14685",
    "0.63855",
    "0.55799",
    "0.33484",
    "0.49256",
    "0.52332",
    "0.26306",
    "0.76648",
    "0.68201",
    "0.12683",
    "0.06189",
    "0.16687",
    "0.21521",
    "0.94910",
    "0.45447",
    "0.03601",
    "0.59217",
    "0.49011",
    "0.94080",
    "0.87390",
    "0.31287",
    "0.24988",
    "0.02087",
    "0.18054",
    "0.87732",
    "0.72840",
    "0.19470",
    "0.45593",
    "0.78553",
    "0.42566",
    "0.96228",
    "0.20007",
    "0.53748",
    "0.84168",
    "0.82361",
    "0.91297",
    "0.63318",
    "0.47644",
    "0.27869",
    "0.09460",
    "0.57263",
    "0.82996",
    "0.82752",
    "0.24500",
    "0.85584",
    "0.40222",
    "0.97010",
    "0.86414",
    "0.98279",
    "0.69324",
    "0.20642",
    "0.45203",
    "0.45349",
    "0.20300",
    "0.03650",
    "0.50867",
    "0.76795",
    "0.43152",
    "0.96033",
    "0.53406",
    "0.42615",
    "0.87879",
    "0.47791",
    "0.02820",
    "0.92810",
    "0.04480",
    "0.08923",
    "0.49109",
    "0.77381",
    "0.42957",
    "0.29431",
    "0.42273",
    "0.46326",
    "0.53308",
    "0.59314",
    "0.32312",
    "0.49646",
    "0.85535",
    "0.48572",
    "0.69226",
    "0.37341",
    "0.89637",
    "0.47205",
    "0.03015",
    "0.59412",
    "0.15613",
    "0.05212",
    "0.83680",
    "0.65857",
    "0.13464",
    "0.72595",
    "0.61218",
    "0.06677",
    "0.33191",
    "0.99353",
    "0.85633",
    "0.31873",
    "0.24793",
    "0.35486",
    "0.06921",
    "0.91443",
    "0.38269",
    "0.30994",
    "0.75086",
    "0.35388",
    "0.23621",
    "0.35877",
    "0.40125",
    "0.13709",
    "0.30847",
    "0.00134",
    "0.52039",
    "0.76404",
    "0.09949",
    "0.73767",
    "0.60828",
    "0.73474",
    "0.10925",
    "0.06775",
    "0.16492",
    "0.54920",
    "0.83777",
    "0.49158",
    "0.69031",
    "0.70740",
    "0.78504",
    "0.50916",
    "0.68445",
    "0.70935",
    "0.45105",
    "0.62049",
    "0.64734",
    "0.05505",
    "0.33582",
    "0.32556",
    "0.07898",
    "0.24451",
    "0.93933",
    "0.12439",
    "0.47937",
    "0.77771",
    "0.76160",
    "0.51697",
    "0.34851",
    "0.15466",
    "0.30261",
    "0.00330"
  ]
}