{
  "metodo": "multiplicativo",
  "X0": 104698,
  "k": 145,
  "g": 17,
  "iteraciones": 200,
  "numeros": [
    "0.58144",
    "0.37313",
    "0.68850",
    "0.09297",
    "0.31215",
    "0.65365",
    "0.49147",
    "0.56295",
    "0.82802",
    "0.64119",
    "0.98586",
    "0.52120",
    "0.19155",
    "0.14827",
    "0.73415",
    "0.28023",
    "0.46523",
    "0.98739",
    "0.29885",
    "0.15254",
    "0.71157",
    "0.97103",
    "0.24245",
    "0.45064",
    "0.99306",
    "0.91170",
    "0.12746",
    "0.48702",
    "0.37221",
    "0.62191",
    "0.51638",
    "0.57418",
    "0.91152",
    "0.91415",
    "0.97170",
    "0.02461",
    "0.67348",
    "0.60091",
    "0.05592",
    "0.15083",
    "0.72060",
    "0.49471",
    "0.33156",
    "0.26534",
    "0.11537",
    "0.40804",
    "0.36110",
    "0.68062",
    "0.92031",
    "0.15340",
    "0.70705",
    "0.70919",
    "0.19789",
    "0.54329",
    "0.93191",
    "0.66353",
    "0.01064",
    "0.39022",
    "0.59816",
    "0.85616",
    "0.42104",
    "0.50667",
    "0.26833",
    "0.59957",
    "0.49160",
    "0.70516",
    "0.50490",
    "0.20625",
    "0.28481",
    "0.79818",
    "0.87038",
    "0.98873",
    "0.86318",
    "0.59823",
    "0.92727",
    "0.25948",
    "0.28920",
    "0.91781",
    "0.23805",
    "0.33101",
    "0.62539",
    "0.56942",
    "0.36525",
    "0.51583",
    "0.93423",
    "0.36556",
    "0.87136",
    "0.12642",
    "0.27822",
    "0.11873",
    "0.31887",
    "0.47530",
    "0.71987",
    "0.64144",
    "0.27028",
    "0.87496",
    "0.32167",
    "0.74618",
    "0.28810",
    "0.63790",
    "0.14613",
    "0.24544",
    "0.93484",
    "0.07661",
    "0.25575",
    "0.95174",
    "0.77297",
    "0.50362",
    "0.71303",
    "0.67757",
    "0.36501",
    "0.23140",
    "0.58046",
    "0.23543",
    "0.27345",
    "0.57247",
    "0.92055",
    "0.43782",
    "0.06081",
    "0.83932",
    "0.79580",
    "0.09725",
    "0.28957",
    "0.34444",
    "0.26869",
    "0.02620",
    "0.52224",
    "0.40035",
    "0.40175",
    "0.03719",
    "0.32131",
    "0.31954",
    "0.25746",
    "0.94271",
    "0.24928",
    "0.41451",
    "0.89834",
    "0.55526",
    "0.86867",
    "0.99776",
    "0.38686",
    "0.68734",
    "0.74196",
    "0.38179",
    "0.78554",
    "0.15144",
    "0.43166",
    "0.87911",
    "0.15688",
    "0.76009",
    "0.50026",
    "0.80221",
    "0.56337",
    "0.32576",
    "0.51027",
    "0.46358",
    "0.06752",
    "0.66097",
    "0.02419",
    "0.17574",
    "0.73183",
    "0.57821",
    "0.60451",
    "0.25118",
    "0.61879",
    "0.88998",
    "0.81374",
    "0.00240",
    "0.79091",
    "0.40877",
    "0.21437",
    "0.74190",
    "0.31069",
    "0.94711",
    "0.36891",
    "0.78219",
    "0.24062",
    "0.31746",
    "0.83987",
    "0.43575",
    "0.64321",
    "0.33235",
    "0.18971",
    "0.01509",
    "0.58095",
    "0.80428",
    "0.98098",
    "0.83272",
    "0.11635",
    "0.54573",
    "0.77614",
    "0.20113",
    "0.31191",
    "0.36922",
    "0.13771",
    "0.43282",
    "0.23012",
    "0.08724",
    "0.62819",
    "0.84029"
  ]
}