{
  "metodo": "multiplicativo",
  "X0": 161014,
  "k": 38,
  "g": 15,
  "iteraciones": 200,
  "numeros": [
    "0.35102",
    "0.46309",
    "0.08979",
    "0.74288",
    "0.54341",
    "0.90939",
    "0.99313",
    "0.86886",
    "0.47017",
    "0.27754",
    "0.75582",
    "0.54170",
    "0.38130",
    "0.81759",
    "0.62789",
    "0.01141",
    "0.52681",
    "0.77950",
    "0.85934",
    "0.52803",
    "0.15668",
    "0.41328",
    "0.70016",
    "0.34150",
    "0.52095",
    "0.96896",
    "0.40034",
    "0.70186",
    "0.86959",
    "0.69649",
    "0.20991",
    "0.85910",
    "0.45259",
    "0.84591",
    "0.37886",
    "0.06317",
    "0.51997",
    "0.66720",
    "0.15717",
    "0.56417",
    "0.32173",
    "0.41035",
    "0.79489",
    "0.61202",
    "0.10785",
    "0.32539",
    "0.54195",
    "0.45674",
    "0.12836",
    "0.66231",
    "0.64840",
    "0.34834",
    "0.63326",
    "0.67110",
    "0.36421",
    "0.53682",
    "0.87252",
    "0.60176",
    "0.93942",
    "0.27216",
    "0.09613",
    "0.70431",
    "0.62398",
    "0.80441",
    "0.55416",
    "0.22871",
    "0.66793",
    "0.38350",
    "0.49654",
    "0.42500",
    "0.32124",
    "0.25947",
    "0.17328",
    "0.54317",
    "0.83395",
    "0.68233",
    "0.83444",
    "0.83322",
    "0.45601",
    "0.90207",
    "0.72994",
    "0.54512",
    "0.43745",
    "0.16865",
    "0.10981",
    "0.92892",
    "0.02826",
    "0.73214",
    "0.22407",
    "0.23457",
    "0.47847",
    "0.84249",
    "0.32270",
    "0.71212",
    "0.03803",
    "0.74972",
    "0.65572",
    "0.61153",
    "0.95700",
    "0.70382",
    "0.47310",
    "0.18281",
    "0.48531",
    "0.95480",
    "0.02484",
    "0.67598",
    "0.87301",
    "0.75265",
    "0.56099",
    "0.34101",
    "0.37007",
    "0.34736",
    "0.33149",
    "0.42793",
    "0.22651",
    "0.98898",
    "0.58638",
    "0.18671",
    "0.69234",
    "0.92746",
    "0.57564",
    "0.86740",
    "0.01752",
    "0.41279",
    "0.54927",
    "0.71993",
    "0.45210",
    "0.69503",
    "0.75729",
    "0.99435",
    "0.24604",
    "0.02411",
    "0.44966",
    "0.94064",
    "0.64937",
    "0.65011",
    "0.87643",
    "0.80880",
    "0.91208",
    "0.82296",
    "0.28755",
    "0.84884",
    "0.28413",
    "0.79269",
    "0.93307",
    "0.31074",
    "0.01556",
    "0.80929",
    "0.06293",
    "0.44453",
    "0.35640",
    "0.12275",
    "0.92721",
    "0.50020",
    "0.55660",
    "0.98312",
    "0.77584",
    "0.72774",
    "0.86618",
    "0.64034",
    "0.85885",
    "0.37715",
    "0.53511",
    "0.34443",
    "0.42622",
    "0.69845",
    "0.81344",
    "0.34541",
    "0.72799",
    "0.94162",
    "0.95114",
    "0.89328",
    "0.01410",
    "0.35664",
    "0.19819",
    "0.23798",
    "0.53462",
    "0.19355",
    "0.80465",
    "0.62960",
    "0.53951",
    "0.70235",
    "0.02045",
    "0.31806",
    "0.27876",
    "0.13300",
    "0.09565",
    "0.55342",
    "0.00238",
    "0.73556",
    "0.28022",
    "0.58565",
    "0.96042",
    "0.75997",
    "0.82418",
    "0.66475",
    "0.40278",
    "0.45625",
    "0.97751",
    "0.04071"
  ]
}