{
  "metodo": "multiplicativo",
  "X0": 182360,
  "k": 2,
  "g": 19,
  "iteraciones": 200,
  "numeros": [
    "0.30431",
    "0.39043",
    "0.19896",
    "0.17815",
    "0.74108",
    "0.56255",
    "0.81346",
    "0.08269",
    "0.73644",
    "0.46513",
    "0.76781",
    "0.12395",
    "0.60289",
    "0.66069",
    "0.87450",
    "0.36443",
    "0.65294",
    "0.71172",
    "0.94603",
    "0.86662",
    "0.19908",
    "0.18071",
    "0.79491",
    "0.69304",
    "0.55382",
    "0.63017",
    "0.23363",
    "0.90618",
    "0.02965",
    "0.62261",
    "0.07469",
    "0.56853",
    "0.93907",
    "0.72051",
    "0.13060",
    "0.74260",
    "0.59459",
    "0.48637",
    "0.21385",
    "0.49089",
    "0.30870",
    "0.48271",
    "0.13695",
    "0.87590",
    "0.39391",
    "0.27202",
    "0.71239",
    "0.96013",
    "0.16270",
    "0.41679",
    "0.75267",
    "0.80608",
    "0.92760",
    "0.47954",
    "0.07030",
    "0.47624",
    "0.00108",
    "0.02275",
    "0.47777",
    "0.03313",
    "0.69566",
    "0.60893",
    "0.78758",
    "0.53923",
    "0.32384",
    "0.80058",
    "0.81224",
    "0.05705",
    "0.19811",
    "0.16020",
    "0.36424",
    "0.64909",
    "0.63097",
    "0.25029",
    "0.25609",
    "0.37785",
    "0.93492",
    "0.63335",
    "0.30028",
    "0.30583",
    "0.42247",
    "0.87187",
    "0.30931",
    "0.49553",
    "0.40611",
    "0.52837",
    "0.09569",
    "0.00945",
    "0.19835",
    "0.16533",
    "0.47191",
    "0.91008",
    "0.11168",
    "0.34526",
    "0.25047",
    "0.25993",
    "0.45860",
    "0.63066",
    "0.24388",
    "0.12151",
    "0.55162",
    "0.58403",
    "0.26463",
    "0.55730",
    "0.70323",
    "0.76787",
    "0.12523",
    "0.62981",
    "0.22594",
    "0.74468",
    "0.63817",
    "0.40154",
    "0.43224",
    "0.07695",
    "0.61595",
    "0.93498",
    "0.63463",
    "0.32719",
    "0.87108",
    "0.29265",
    "0.14561",
    "0.05791",
    "0.21605",
    "0.53703",
    "0.27770",
    "0.83159",
    "0.46336",
    "0.73064",
    "0.34337",
    "0.21074",
    "0.42552",
    "0.93596",
    "0.65514",
    "0.75786",
    "0.91503",
    "0.21550",
    "0.52550",
    "0.03545",
    "0.74437",
    "0.63176",
    "0.26695",
    "0.60600",
    "0.72606",
    "0.24724",
    "0.19200",
    "0.03203",
    "0.67259",
    "0.12444",
    "0.61315",
    "0.87602",
    "0.39647",
    "0.32585",
    "0.84288",
    "0.70049",
    "0.71019",
    "0.91399",
    "0.19371",
    "0.06792",
    "0.42626",
    "0.95134",
    "0.97814",
    "0.54082",
    "0.35716",
    "0.50041",
    "0.50865",
    "0.68169",
    "0.31542",
    "0.62370",
    "0.09776",
    "0.05302",
    "0.11351",
    "0.38371",
    "0.05797",
    "0.21733",
    "0.56395",
    "0.84294",
    "0.70177",
    "0.73711",
    "0.47923",
    "0.06389",
    "0.34166",
    "0.17485",
    "0.67186",
    "0.10905",
    "0.29015",
    "0.09306",
    "0.95433",
    "0.04094",
    "0.85973",
    "0.05425",
    "0.13915",
    "0.92204",
    "0.36290",
    "0.62090",
    "0.03880",
    "0.81487",
    "0.11217",
    "0.35552",
    "0.46581",
    "0.78191"
  ]
}