{
  "metodo": "multiplicativo",
  "X0": 170552,
  "k": 264,
  "g": 14,
  "iteraciones": 200,
  "numeros": [
    "0.26711",
    "0.42923",
    "0.61478",
    "0.41751",
    "0.80620",
    "0.62455",
    "0.09131",
    "0.30031",
    "0.72026",
    "0.69487",
    "0.94293",
    "0.05811",
    "0.00928",
    "0.64018",
    "0.16944",
    "0.69096",
    "0.67338",
    "0.46048",
    "0.77104",
    "0.19874",
    "0.71245",
    "0.15577",
    "0.74760",
    "0.58158",
    "0.12647",
    "0.72612",
    "0.09913",
    "0.83941",
    "0.91558",
    "0.17140",
    "0.82573",
    "0.97223",
    "0.07959",
    "0.49173",
    "0.92730",
    "0.98004",
    "0.61869",
    "0.68705",
    "0.40383",
    "0.86285",
    "0.53275",
    "0.75737",
    "0.25539",
    "0.62064",
    "0.82183",
    "0.70268",
    "0.48196",
    "0.25343",
    "0.48587",
    "0.52298",
    "0.08350",
    "0.76128",
    "0.52493",
    "0.21828",
    "0.06006",
    "0.14405",
    "0.93902",
    "0.78862",
    "0.41165",
    "0.40188",
    "0.72807",
    "0.23390",
    "0.13819",
    "0.53470",
    "0.89214",
    "0.55423",
    "0.23976",
    "0.54251",
    "0.43118",
    "0.74956",
    "0.71635",
    "0.42532",
    "0.34524",
    "0.81987",
    "0.56791",
    "0.18312",
    "0.63432",
    "0.76518",
    "0.79448",
    "0.81597",
    "0.29836",
    "0.58548",
    "0.39602",
    "0.32375",
    "0.33742",
    "0.28078",
    "0.37258",
    "0.70659",
    "0.75151",
    "0.85113",
    "0.72417",
    "0.96441",
    "0.54056",
    "0.29640",
    "0.45071",
    "0.09717",
    "0.70463",
    "0.61674",
    "0.55228",
    "0.10499",
    "0.24367",
    "0.81206",
    "0.02881",
    "0.98785",
    "0.15772",
    "0.88238",
    "0.88042",
    "0.74565",
    "0.44680",
    "0.82769",
    "0.10694",
    "0.37844",
    "0.11085",
    "0.64799",
    "0.70854",
    "0.88628",
    "0.14991",
    "0.34328",
    "0.68510",
    "0.26906",
    "0.56400",
    "0.91363",
    "0.03662",
    "0.52689",
    "0.35305",
    "0.35891",
    "0.76323",
    "0.65971",
    "0.51712",
    "0.67924",
    "0.86480",
    "0.66752",
    "0.05616",
    "0.87457",
    "0.34133",
    "0.55033",
    "0.97027",
    "0.94488",
    "0.19288",
    "0.30812",
    "0.25929",
    "0.89019",
    "0.41946",
    "0.94098",
    "0.92340",
    "0.71049",
    "0.02100",
    "0.44876",
    "0.96246",
    "0.40579",
    "0.99762",
    "0.83159",
    "0.37649",
    "0.97613",
    "0.34914",
    "0.08936",
    "0.16554",
    "0.42141",
    "0.07569",
    "0.22218",
    "0.32961",
    "0.74174",
    "0.17726",
    "0.22999",
    "0.86871",
    "0.93707",
    "0.65385",
    "0.11280",
    "0.78276",
    "0.00732",
    "0.50540",
    "0.87066",
    "0.07178",
    "0.95269",
    "0.73198",
    "0.50345",
    "0.73588",
    "0.77300",
    "0.33352",
    "0.01123",
    "0.77495",
    "0.46829",
    "0.31008",
    "0.39407",
    "0.18898",
    "0.03858",
    "0.66166",
    "0.65190",
    "0.97809",
    "0.48392",
    "0.38821",
    "0.78472",
    "0.14210",
    "0.80425",
    "0.48978",
    "0.79253",
    "0.68119",
    "0.99957",
    "0.96637",
    "0.67533"
  ]
}