{
  "metodo": "multiplicativo",
  "X0": 64102,
  "k": 60,
  "g": 18,
  "iteraciones": 200,
  "numeros": [
    "0.59692",
    "0.50436",
    "0.61285",
    "0.23049",
    "0.78845",
    "0.39559",
    "0.86200",
    "0.06606",
    "0.04052",
    "0.65206",
    "0.24981",
    "0.15749",
    "0.38439",
    "0.43002",
    "0.55755",
    "0.41104",
    "0.35131",
    "0.38571",
    "0.06646",
    "0.23293",
    "0.97253",
    "0.67538",
    "0.55779",
    "0.52944",
    "0.77929",
    "0.95529",
    "0.31280",
    "0.70681",
    "0.80285",
    "0.38168",
    "0.11272",
    "0.67129",
    "0.57446",
    "0.61080",
    "0.23882",
    "0.82913",
    "0.12536",
    "0.79892",
    "0.47235",
    "0.08657",
    "0.98681",
    "0.60226",
    "0.09454",
    "0.84988",
    "0.19006",
    "0.17709",
    "0.88665",
    "0.02529",
    "0.26635",
    "0.17965",
    "0.12994",
    "0.01907",
    "0.24694",
    "0.76620",
    "0.60565",
    "0.73745",
    "0.66308",
    "0.59298",
    "0.59503",
    "0.58670",
    "0.54601",
    "0.81625",
    "0.87933",
    "0.47305",
    "0.42700",
    "0.09225",
    "0.73980",
    "0.80276",
    "0.33727",
    "0.57723",
    "0.95770",
    "0.48208",
    "0.80810",
    "0.92746",
    "0.81427",
    "0.91726",
    "0.87072",
    "0.29916",
    "0.09075",
    "0.01455",
    "0.05639",
    "0.34860",
    "0.06841",
    "0.18020",
    "0.39636",
    "0.23202",
    "0.52850",
    "0.32046",
    "0.42187",
    "0.60568",
    "0.75225",
    "0.84158",
    "0.16418",
    "0.62582",
    "0.52093",
    "0.64981",
    "0.15453",
    "0.94870",
    "0.11578",
    "0.15139",
    "0.42419",
    "0.73056",
    "0.31805",
    "0.25259",
    "0.50439",
    "0.62765",
    "0.40899",
    "0.35964",
    "0.42639",
    "0.79623",
    "0.16985",
    "0.37881",
    "0.72143",
    "0.89254",
    "0.88189",
    "0.71633",
    "0.42077",
    "0.07284",
    "0.32635",
    "0.27847",
    "0.05566",
    "0.99337",
    "0.78448",
    "0.47146",
    "0.65734",
    "0.81039",
    "0.03753",
    "0.20156",
    "0.75708",
    "0.18014",
    "0.36675",
    "0.87503",
    "0.38610",
    "0.25887",
    "0.55340",
    "0.39810",
    "0.07568",
    "0.70285",
    "0.87872",
    "0.17703",
    "0.85705",
    "0.66830",
    "0.12396",
    "0.11807",
    "0.26147",
    "0.81149",
    "0.57037",
    "0.62747",
    "0.32018",
    "0.28866",
    "0.99920",
    "0.61148",
    "0.56445",
    "0.75607",
    "0.69171",
    "0.47634",
    "0.02551",
    "0.36996",
    "0.42913",
    "0.12832",
    "0.23461",
    "0.78659",
    "0.49273",
    "0.97366",
    "0.22302",
    "0.16219",
    "0.66375",
    "0.91861",
    "0.52197",
    "0.15304",
    "0.22344",
    "0.36941",
    "0.16271",
    "0.91537",
    "0.95306",
    "0.23232",
    "0.67651",
    "0.10543",
    "0.13384",
    "0.91360",
    "0.09460",
    "0.87948",
    "0.54705",
    "0.31948",
    "0.94824",
    "0.89376",
    "0.47393",
    "0.85623",
    "0.26867",
    "0.30453",
    "0.69573",
    "0.43008",
    "0.58715",
    "0.76803",
    "0.49371",
    "0.44729",
    "0.93493",
    "0.44052",
    "0.64910",
    "0.81411"
  ]
}