{
  "metodo": "multiplicativo",
  "X0": 170548,
  "k": 159,
  "g": 14,
  "iteraciones": 200,
  "numeros": [
    "0.83428",
    "0.30983",
    "0.63310",
    "0.41336",
    "0.82256",
    "0.34499",
    "0.52762",
    "0.72978",
    "0.87334",
    "0.19264",
    "0.98468",
    "0.35866",
    "0.98663",
    "0.85284",
    "0.00415",
    "0.30007",
    "0.16236",
    "0.32546",
    "0.58622",
    "0.55399",
    "0.40066",
    "0.61063",
    "0.73076",
    "0.12037",
    "0.70146",
    "0.70830",
    "0.43777",
    "0.99933",
    "0.06470",
    "0.61845",
    "0.70732",
    "0.19069",
    "0.49051",
    "0.34109",
    "0.53934",
    "0.69462",
    "0.97882",
    "0.87627",
    "0.93389",
    "0.51102",
    "0.52957",
    "0.22389",
    "0.89092",
    "0.63993",
    "0.14283",
    "0.38406",
    "0.41043",
    "0.08130",
    "0.81865",
    "0.35671",
    "0.49246",
    "0.83526",
    "0.55692",
    "0.14185",
    "0.13697",
    "0.90167",
    "0.35769",
    "0.73955",
    "0.34402",
    "0.28053",
    "0.22096",
    "0.14967",
    "0.11353",
    "0.97198",
    "0.14674",
    "0.37234",
    "0.44558",
    "0.97589",
    "0.13502",
    "0.40750",
    "0.34011",
    "0.29225",
    "0.18580",
    "0.25514",
    "0.79717",
    "0.92120",
    "0.29909",
    "0.91534",
    "0.81670",
    "0.86260",
    "0.47488",
    "0.38796",
    "0.39871",
    "0.11646",
    "0.71318",
    "0.67314",
    "0.54325",
    "0.68290",
    "0.01392",
    "0.77080",
    "0.25026",
    "0.56180",
    "0.37722",
    "0.68095",
    "0.51981",
    "0.75322",
    "0.80303",
    "0.40359",
    "0.35183",
    "0.25710",
    "0.29128",
    "0.93878",
    "0.74638",
    "0.07349",
    "0.84209",
    "0.28639",
    "0.70341",
    "0.20240",
    "0.45535",
    "0.44656",
    "0.22291",
    "0.64384",
    "0.13111",
    "0.41922",
    "0.30495",
    "0.39773",
    "0.86944",
    "0.20436",
    "0.94952",
    "0.46414",
    "0.67021",
    "0.80205",
    "0.15650",
    "0.84307",
    "0.53348",
    "0.21217",
    "0.92608",
    "0.53446",
    "0.45926",
    "0.43484",
    "0.25807",
    "0.53836",
    "0.44754",
    "0.47000",
    "0.15260",
    "0.85479",
    "0.49832",
    "0.31765",
    "0.60966",
    "0.48367",
    "0.61161",
    "0.97784",
    "0.62919",
    "0.42507",
    "0.78740",
    "0.45047",
    "0.21119",
    "0.67900",
    "0.02564",
    "0.73564",
    "0.35573",
    "0.24538",
    "0.32644",
    "0.83330",
    "0.06275",
    "0.12428",
    "0.68974",
    "0.74345",
    "0.33230",
    "0.31569",
    "0.11549",
    "0.46609",
    "0.16432",
    "0.81963",
    "0.60380",
    "0.00122",
    "0.55887",
    "0.63603",
    "0.15455",
    "0.34890",
    "0.51590",
    "0.76494",
    "0.76787",
    "0.50906",
    "0.03540",
    "0.20631",
    "0.44363",
    "0.48172",
    "0.11744",
    "0.96026",
    "0.18190",
    "0.26686",
    "0.76201",
    "0.02661",
    "0.98273",
    "0.86455",
    "0.96905",
    "0.40554",
    "0.84600",
    "0.27467",
    "0.73857",
    "0.09693",
    "0.77178",
    "0.49734",
    "0.07056",
    "0.10084",
    "0.76006",
    "0.53250",
    "0.96515",
    "0.41726"
  ]
}