{
  "metodo": "multiplicativo",
  "X0": 54163,
  "k": 288,
  "g": 15,
  "iteraciones": 200,
  "numeros": [
    "0.60057",
    "0.68249",
    "0.81079",
    "0.04599",
    "0.19089",
    "0.75915",
    "0.81909",
    "0.21250",
    "0.64843",
    "0.17173",
    "0.50707",
    "0.77746",
    "0.09812",
    "0.54527",
    "0.99976",
    "0.36583",
    "0.66503",
    "0.50475",
    "0.42210",
    "0.60265",
    "0.47411",
    "0.67516",
    "0.89917",
    "0.11289",
    "0.65038",
    "0.68151",
    "0.55589",
    "0.52159",
    "0.31883",
    "0.14878",
    "0.51732",
    "0.45372",
    "0.60448",
    "0.70202",
    "0.90844",
    "0.53429",
    "0.63231",
    "0.96619",
    "0.85424",
    "0.38829",
    "0.52733",
    "0.56627",
    "0.47972",
    "0.64074",
    "0.41453",
    "0.12729",
    "0.90991",
    "0.91662",
    "0.41893",
    "0.27427",
    "0.26975",
    "0.84094",
    "0.66552",
    "0.63219",
    "0.68432",
    "0.03867",
    "0.27927",
    "0.82604",
    "0.27854",
    "0.13486",
    "0.38524",
    "0.48082",
    "0.17747",
    "0.75451",
    "0.10837",
    "0.22153",
    "0.50609",
    "0.52257",
    "0.57372",
    "0.67321",
    "0.38939",
    "0.06406",
    "0.90625",
    "0.46080",
    "0.95239",
    "0.00400",
    "0.23093",
    "0.20933",
    "0.32005",
    "0.96741",
    "0.67284",
    "0.54381",
    "0.61742",
    "0.57921",
    "0.35691",
    "0.08921",
    "0.96948",
    "0.46446",
    "0.40819",
    "0.47056",
    "0.50121",
    "0.24815",
    "0.95166",
    "0.31285",
    "0.33763",
    "0.55528",
    "0.11228",
    "0.24107",
    "0.60375",
    "0.01083",
    "0.01511",
    "0.88025",
    "0.42454",
    "0.23984",
    "0.78515",
    "0.85534",
    "0.92505",
    "0.86731",
    "0.54735",
    "0.79138",
    "0.23020",
    "0.51817",
    "0.42674",
    "0.31333",
    "0.46507",
    "0.81750",
    "0.54833",
    "0.04624",
    "0.75463",
    "0.39024",
    "0.03708",
    "0.61510",
    "0.22385",
    "0.86145",
    "0.01804",
    "0.64489",
    "0.99780",
    "0.85607",
    "0.61620",
    "0.76061",
    "0.20139",
    "0.99915",
    "0.95654",
    "0.58727",
    "0.95972",
    "0.91565",
    "0.16404",
    "0.74987",
    "0.39769",
    "0.23057",
    "0.36375",
    "0.87341",
    "0.64037",
    "0.56896",
    "0.68065",
    "0.58287",
    "0.81274",
    "0.55577",
    "0.23972",
    "0.50328",
    "0.03977",
    "0.81603",
    "0.16599",
    "0.25962",
    "0.44652",
    "0.97473",
    "0.58446",
    "0.47691",
    "0.15793",
    "0.65685",
    "0.62011",
    "0.78014",
    "0.29905",
    "0.48741",
    "0.39793",
    "0.79431",
    "0.99487",
    "0.09140",
    "0.04294",
    "0.14438",
    "0.37034",
    "0.09384",
    "0.68017",
    "0.45543",
    "0.55052",
    "0.11972",
    "0.43455",
    "0.35240",
    "0.66039",
    "0.79406",
    "0.43113",
    "0.46031",
    "0.82495",
    "0.74181",
    "0.79492",
    "0.40416",
    "0.16916",
    "0.58800",
    "0.65087",
    "0.80895",
    "0.81811",
    "0.95764",
    "0.12400",
    "0.29966",
    "0.89673",
    "0.47569",
    "0.33934",
    "0.50133",
    "0.53001",
    "0.76720"
  ]
}