{
  "metodo": "multiplicativo",
  "X0": 153281,
  "k": 41,
  "g": 13,
  "iteraciones": 200,
  "numeros": [
    "0.78293",
    "0.68478",
    "0.00256",
    "0.85374",
    "0.26138",
    "0.03040",
    "0.12172",
    "0.52753",
    "0.64620",
    "0.15737",
    "0.39714",
    "0.23257",
    "0.43719",
    "0.56562",
    "0.32878",
    "0.46893",
    "0.13442",
    "0.75510",
    "0.41668",
    "0.73654",
    "0.23794",
    "0.22574",
    "0.16079",
    "0.53534",
    "0.24771",
    "0.47772",
    "0.06116",
    "0.36540",
    "0.66378",
    "0.01087",
    "0.61787",
    "0.72677",
    "0.98608",
    "0.32536",
    "0.33073",
    "0.11928",
    "0.71456",
    "0.92113",
    "0.69991",
    "0.04310",
    "0.34929",
    "0.29801",
    "0.22525",
    "0.99829",
    "0.39031",
    "0.95629",
    "0.40691",
    "0.48456",
    "0.33757",
    "0.39568",
    "0.74484",
    "0.00208",
    "0.69112",
    "0.11635",
    "0.73898",
    "0.05091",
    "0.95092",
    "0.61836",
    "0.88939",
    "0.13100",
    "0.61690",
    "0.40154",
    "0.69601",
    "0.74240",
    "0.18911",
    "0.96606",
    "0.65889",
    "0.38493",
    "0.16762",
    "0.81174",
    "0.27799",
    "0.55878",
    "0.05237",
    "0.43865",
    "0.05335",
    "0.76389",
    "0.34343",
    "0.34684",
    "0.48504",
    "0.50018",
    "0.54072",
    "0.03626",
    "0.07288",
    "0.26773",
    "0.14418",
    "0.00696",
    "0.31706",
    "0.56660",
    "0.65401",
    "0.75900",
    "0.71749",
    "0.89672",
    "0.57002",
    "0.79221",
    "0.77414",
    "0.75803",
    "0.39226",
    "0.60664",
    "0.98706",
    "0.65059",
    "0.62080",
    "0.70236",
    "0.85618",
    "0.07435",
    "0.75559",
    "0.57929",
    "0.88158",
    "0.52948",
    "0.29654",
    "0.73752",
    "0.56318",
    "0.51581",
    "0.74387",
    "0.67696",
    "0.40105",
    "0.53339",
    "0.59736",
    "0.89769",
    "0.89525",
    "0.08216",
    "0.35710",
    "0.89965",
    "0.54560",
    "0.66231",
    "0.52314",
    "0.18276",
    "0.85228",
    "0.77365",
    "0.59541",
    "0.24722",
    "0.31510",
    "0.91625",
    "0.07386",
    "0.59297",
    "0.43426",
    "0.59004",
    "0.45867",
    "0.71994",
    "0.70968",
    "0.29508",
    "0.24966",
    "0.12807",
    "0.64131",
    "0.53144",
    "0.94702",
    "0.31754",
    "0.72921",
    "0.79905",
    "0.05042",
    "0.78830",
    "0.47332",
    "0.59785",
    "0.06019",
    "0.04017",
    "0.37370",
    "0.42791",
    "0.47625",
    "0.57343",
    "0.93041",
    "0.78928",
    "0.79856",
    "0.88793",
    "0.64327",
    "0.18178",
    "0.52704",
    "0.48358",
    "0.01233",
    "0.10560",
    "0.16176",
    "0.86058",
    "0.53779",
    "0.06068",
    "0.20278",
    "0.51874",
    "0.71945",
    "0.54706",
    "0.15004",
    "0.95825",
    "0.05726",
    "0.06458",
    "0.50360",
    "0.67892",
    "0.05140",
    "0.11342",
    "0.76340",
    "0.18081",
    "0.20181",
    "0.19351",
    "0.42937",
    "0.96411",
    "0.00842",
    "0.80491",
    "0.00159",
    "0.52851",
    "0.97143",
    "0.44744",
    "0.98022",
    "0.37419",
    "0.59053",
    "0.62129"
  ]
}