{
  "metodo": "multiplicativo",
  "X0": 67829,
  "k": 196,
  "g": 12,
  "iteraciones": 200,
  "numeros": [
    "0.58828",
    "0.13602",
    "0.90672",
    "0.91551",
    "0.74066",
    "0.77289",
    "0.46520",
    "0.58339",
    "0.45543",
    "0.22198",
    "0.08620",
    "0.56386",
    "0.73284",
    "0.48376",
    "0.76996",
    "0.85690",
    "0.57265",
    "0.55800",
    "0.51600",
    "0.46227",
    "0.97509",
    "0.44469",
    "0.32454",
    "0.38022",
    "0.93993",
    "0.14383",
    "0.19560",
    "0.61074",
    "0.46716",
    "0.65568",
    "0.12918",
    "0.15360",
    "0.55702",
    "0.97998",
    "0.12527",
    "0.00904",
    "0.20928",
    "0.11648",
    "0.18388",
    "0.17705",
    "0.42418",
    "0.06569",
    "0.30501",
    "0.65763",
    "0.20147",
    "0.82759",
    "0.48864",
    "0.45055",
    "0.54139",
    "0.40171",
    "0.73480",
    "0.55604",
    "0.44371",
    "0.78852",
    "0.04322",
    "0.97411",
    "0.90867",
    "0.98779",
    "0.41441",
    "0.70452",
    "0.93602",
    "0.99951",
    "0.84811",
    "0.74750",
    "0.52576",
    "0.82369",
    "0.34408",
    "0.10281",
    "0.67814",
    "0.46032",
    "0.90281",
    "0.77094",
    "0.39292",
    "0.90965",
    "0.52381",
    "0.75140",
    "0.67033",
    "0.17118",
    "0.20733",
    "0.04420",
    "0.51013",
    "0.24542",
    "0.95360",
    "0.64982",
    "0.91258",
    "0.13211",
    "0.76215",
    "0.56777",
    "0.87741",
    "0.83150",
    "0.63321",
    "0.79829",
    "0.40464",
    "0.34310",
    "0.56679",
    "0.34115",
    "0.49451",
    "0.66740",
    "0.56288",
    "0.19658",
    "0.14676",
    "0.80415",
    "0.62149",
    "0.36459",
    "0.36166",
    "0.75336",
    "0.74261",
    "0.84518",
    "0.13895",
    "0.51502",
    "0.92625",
    "0.63810",
    "0.47888",
    "0.08913",
    "0.17216",
    "0.74359",
    "0.38120",
    "0.47595",
    "0.48083",
    "0.16142",
    "0.84615",
    "0.67521",
    "0.85201",
    "0.89206",
    "0.87350",
    "0.68694",
    "0.28547",
    "0.93504",
    "0.46325",
    "0.51111",
    "0.78168",
    "0.29035",
    "0.61563",
    "0.14774",
    "0.34017",
    "0.95849",
    "0.33040",
    "0.59707",
    "0.96142",
    "0.93895",
    "0.60781",
    "0.85885",
    "0.64493",
    "0.23175",
    "0.44762",
    "0.93309",
    "0.39096",
    "0.83736",
    "0.85006",
    "0.81978",
    "0.19951",
    "0.75531",
    "0.81490",
    "0.51893",
    "0.07057",
    "0.98584",
    "0.34212",
    "0.03053",
    "0.00415",
    "0.52869",
    "0.43199",
    "0.35482",
    "0.00024",
    "0.38413",
    "0.08425",
    "0.49158",
    "0.05885",
    "0.55214",
    "0.29915",
    "0.44078",
    "0.17998",
    "0.03248",
    "0.07643",
    "0.20244",
    "0.36361",
    "0.82564",
    "0.41636",
    "0.77680",
    "0.60977",
    "0.93114",
    "0.31868",
    "0.16337",
    "0.91844",
    "0.34896",
    "0.78364",
    "0.36264",
    "0.28938",
    "0.07937",
    "0.81099",
    "0.37436",
    "0.72308",
    "0.12234",
    "0.40073",
    "0.19853",
    "0.21905",
    "0.47790",
    "0.55311",
    "0.83541",
    "0.77778",
    "0.14579"
  ]
}