{
  "metodo": "multiplicativo",
  "X0": 18626,
  "k": 206,
  "g": 15,
  "iteraciones": 200,
  "numeros": [
    "0.59896",
    "0.04450",
    "0.54964",
    "0.52449",
    "0.95737",
    "0.47713",
    "0.66585",
    "0.62117",
    "0.76888",
    "0.92538",
    "0.61019",
    "0.60848",
    "0.78353",
    "0.13923",
    "0.13263",
    "0.23640",
    "0.75130",
    "0.86874",
    "0.98325",
    "0.25495",
    "0.42219",
    "0.86386",
    "0.91195",
    "0.41414",
    "0.54622",
    "0.87460",
    "0.66878",
    "0.46394",
    "0.87338",
    "0.65096",
    "0.00372",
    "0.15436",
    "0.15363",
    "0.94296",
    "0.66683",
    "0.23542",
    "0.13703",
    "0.50056",
    "0.40803",
    "0.45711",
    "0.57356",
    "0.07379",
    "0.97739",
    "0.56941",
    "0.21320",
    "0.41267",
    "0.12482",
    "0.32234",
    "0.80599",
    "0.26716",
    "0.60042",
    "0.46590",
    "0.10187",
    "0.38728",
    "0.15412",
    "0.75008",
    "0.85092",
    "0.52303",
    "0.53597",
    "0.92489",
    "0.80306",
    "0.42439",
    "0.49593",
    "0.74032",
    "0.70833",
    "0.84140",
    "0.78402",
    "0.94638",
    "0.31672",
    "0.52400",
    "0.15021",
    "0.29304",
    "0.37825",
    "0.22224",
    "0.34455",
    "0.53035",
    "0.64290",
    "0.68612",
    "0.11701",
    "0.40828",
    "0.86068",
    "0.66561",
    "0.21760",
    "0.67684",
    "0.78158",
    "0.91073",
    "0.39631",
    "0.08600",
    "0.15558",
    "0.17145",
    "0.40315",
    "0.38581",
    "0.73275",
    "0.19782",
    "0.98813",
    "0.32624",
    "0.26301",
    "0.73983",
    "0.90121",
    "0.65731",
    "0.49641",
    "0.54744",
    "0.89242",
    "0.12897",
    "0.18293",
    "0.37068",
    "0.71175",
    "0.49129",
    "0.07257",
    "0.95956",
    "0.10920",
    "0.49422",
    "0.91537",
    "0.06403",
    "0.83480",
    "0.88778",
    "0.46126",
    "0.43416",
    "0.63851",
    "0.42195",
    "0.46028",
    "0.81991",
    "0.27033",
    "0.84677",
    "0.66243",
    "0.97128",
    "0.48030",
    "0.91220",
    "0.81771",
    "0.63826",
    "0.01837",
    "0.36824",
    "0.67611",
    "0.57088",
    "0.63460",
    "0.96493",
    "0.98764",
    "0.51912",
    "0.07892",
    "0.45222",
    "0.50227",
    "0.23298",
    "0.10138",
    "0.58016",
    "0.97006",
    "0.46248",
    "0.45198",
    "0.09870",
    "0.14093",
    "0.95761",
    "0.88070",
    "0.75790",
    "0.76498",
    "0.46834",
    "0.13752",
    "0.30769",
    "0.59212",
    "0.74471",
    "0.97250",
    "0.49812",
    "0.37239",
    "0.53670",
    "0.13556",
    "0.07917",
    "0.85580",
    "0.59432",
    "0.37678",
    "0.80087",
    "0.79232",
    "0.66756",
    "0.44612",
    "0.41316",
    "0.93197",
    "0.50642",
    "0.09357",
    "0.66610",
    "0.02472",
    "0.86093",
    "0.06915",
    "0.30964",
    "0.82064",
    "0.48103",
    "0.12287",
    "0.09381",
    "0.06964",
    "0.11676",
    "0.00470",
    "0.76864",
    "0.52181",
    "0.51814",
    "0.46467",
    "0.08405",
    "0.92709",
    "0.43513",
    "0.25275",
    "0.79012",
    "0.03546",
    "0.61776",
    "0.11896",
    "0.63680"
  ]
}