{
  "metodo": "multiplicativo",
  "X0": 102213,
  "k": 47,
  "g": 11,
  "iteraciones": 200,
  "numeros": [
    "0.21153",
    "0.55349",
    "0.77821",
    "0.35418",
    "0.87592",
    "0.56131",
    "0.75476",
    "0.42452",
    "0.66488",
    "0.19394",
    "0.85638",
    "0.11969",
    "0.57890",
    "0.45188",
    "0.08256",
    "0.44016",
    "0.61798",
    "0.33464",
    "0.43429",
    "0.38544",
    "0.78212",
    "0.84270",
    "0.91109",
    "0.95603",
    "0.07084",
    "0.97557",
    "0.51246",
    "0.15095",
    "0.48510",
    "0.73327",
    "0.23889",
    "0.97167",
    "0.02394",
    "0.11578",
    "0.09038",
    "0.41671",
    "0.68832",
    "0.12360",
    "0.06693",
    "0.48705",
    "0.47728",
    "0.75672",
    "0.16854",
    "0.18222",
    "0.39130",
    "0.01417",
    "0.39521",
    "0.50269",
    "0.43039",
    "0.89741",
    "0.74695",
    "0.44797",
    "0.59453",
    "0.40498",
    "0.22325",
    "0.01808",
    "0.88373",
    "0.53786",
    "0.82511",
    "0.21348",
    "0.29751",
    "0.29555",
    "0.55154",
    "0.03371",
    "0.83683",
    "0.67855",
    "0.40303",
    "0.47924",
    "0.50073",
    "0.68637",
    "0.37958",
    "0.54958",
    "0.28969",
    "0.31900",
    "0.48119",
    "0.24475",
    "0.20371",
    "0.57694",
    "0.70787",
    "0.56522",
    "0.24279",
    "0.45970",
    "0.05911",
    "0.51050",
    "0.40694",
    "0.96776",
    "0.53591",
    "0.08061",
    "0.69614",
    "0.10015",
    "0.13727",
    "0.27601",
    "0.10992",
    "0.85833",
    "0.86419",
    "0.09624",
    "0.64924",
    "0.24084",
    "0.71568",
    "0.54177",
    "0.31314",
    "0.24866",
    "0.69223",
    "0.61212",
    "0.10210",
    "0.88178",
    "0.79384",
    "0.30728",
    "0.01612",
    "0.13923",
    "0.02003",
    "0.62775",
    "0.05520",
    "0.02198",
    "0.37176",
    "0.57303",
    "0.21935",
    "0.53004",
    "0.84856",
    "0.14314",
    "0.50855",
    "0.66292",
    "0.44993",
    "0.33854",
    "0.92281",
    "0.42062",
    "0.17636",
    "0.15877",
    "0.46165",
    "0.80362",
    "0.02785",
    "0.60430",
    "0.12555",
    "0.81143",
    "0.00440",
    "0.67465",
    "0.91500",
    "0.44406",
    "0.10601",
    "0.36981",
    "0.82902",
    "0.70200",
    "0.33268",
    "0.69028",
    "0.86810",
    "0.58476",
    "0.68442",
    "0.63556",
    "0.03175",
    "0.09233",
    "0.16072",
    "0.20567",
    "0.32096",
    "0.22521",
    "0.76258",
    "0.40107",
    "0.73522",
    "0.98339",
    "0.48901",
    "0.22130",
    "0.27406",
    "0.36590",
    "0.34050",
    "0.66683",
    "0.93845",
    "0.37372",
    "0.31705",
    "0.73718",
    "0.72741",
    "0.00635",
    "0.41866",
    "0.43234",
    "0.64143",
    "0.26429",
    "0.64533",
    "0.75281",
    "0.68051",
    "0.14704",
    "0.99707",
    "0.69809",
    "0.84465",
    "0.65511",
    "0.47338",
    "0.26820",
    "0.13337",
    "0.78798",
    "0.07474",
    "0.46361",
    "0.54763",
    "0.54568",
    "0.80166",
    "0.28383",
    "0.08647",
    "0.92868",
    "0.65315",
    "0.72936",
    "0.75085",
    "0.93649",
    "0.62970",
    "0.79971"
  ]
}