{
  "metodo": "multiplicativo",
  "X0": 42186,
  "k": 104,
  "g": 13,
  "iteraciones": 200,
  "numeros": [
    "0.26395",
    "0.89781",
    "0.37920",
    "0.34892",
    "0.01001",
    "0.37822",
    "0.53156",
    "0.86070",
    "0.31864",
    "0.67122",
    "0.74643",
    "0.68490",
    "0.18972",
    "0.77671",
    "0.02368",
    "0.82163",
    "0.62337",
    "0.69466",
    "0.36357",
    "0.27079",
    "0.61946",
    "0.42510",
    "0.76596",
    "0.03247",
    "0.17800",
    "0.96814",
    "0.23074",
    "0.10670",
    "0.29911",
    "0.32353",
    "0.75815",
    "0.49347",
    "0.98279",
    "0.49152",
    "0.34794",
    "0.19265",
    "0.22879",
    "0.47198",
    "0.00024",
    "0.20437",
    "0.03736",
    "0.26492",
    "0.71518",
    "0.52863",
    "0.40850",
    "0.87047",
    "0.49249",
    "0.16530",
    "0.34208",
    "0.28837",
    "0.33232",
    "0.11452",
    "0.83824",
    "0.51886",
    "0.23465",
    "0.37627",
    "0.89684",
    "0.56184",
    "0.19949",
    "0.95056",
    "0.51789",
    "0.41729",
    "0.22683",
    "0.83726",
    "0.70150",
    "0.08522",
    "0.31669",
    "0.03638",
    "0.44756",
    "0.56574",
    "0.46905",
    "0.54816",
    "0.75620",
    "0.85875",
    "0.68392",
    "0.37236",
    "0.62727",
    "0.96423",
    "0.96130",
    "0.50910",
    "0.06080",
    "0.88219",
    "0.30106",
    "0.95837",
    "0.05689",
    "0.61262",
    "0.70346",
    "0.72006",
    "0.61555",
    "0.15554",
    "0.16823",
    "0.79429",
    "0.73666",
    "0.51105",
    "0.69564",
    "0.18093",
    "0.42022",
    "0.67904",
    "0.28544",
    "0.88023",
    "0.66634",
    "0.65950",
    "0.93786",
    "0.89195",
    "0.47491",
    "0.45245",
    "0.65267",
    "0.21609",
    "0.84605",
    "0.05787",
    "0.42998",
    "0.85289",
    "0.77964",
    "0.47589",
    "0.26981",
    "0.80210",
    "0.27567",
    "0.70639",
    "0.17214",
    "0.06373",
    "0.33427",
    "0.74936",
    "0.13698",
    "0.63802",
    "0.95544",
    "0.60481",
    "0.16433",
    "0.52472",
    "0.13893",
    "0.27274",
    "0.25418",
    "0.72397",
    "0.88512",
    "0.75327",
    "0.40654",
    "0.23562",
    "0.19363",
    "0.04615",
    "0.62141",
    "0.05982",
    "0.06471",
    "0.15163",
    "0.89879",
    "0.19656",
    "0.49835",
    "0.06959",
    "0.23855",
    "0.64583",
    "0.49445",
    "0.80015",
    "0.64095",
    "0.40752",
    "0.05298",
    "0.34306",
    "0.10573",
    "0.48175",
    "0.17409",
    "0.69857",
    "0.63313",
    "0.86851",
    "0.85777",
    "0.86656",
    "0.22293",
    "0.56770",
    "0.10377",
    "0.84703",
    "0.87535",
    "0.57942",
    "0.91246",
    "0.63997",
    "0.59016",
    "0.90367",
    "0.28348",
    "0.24539",
    "0.36748",
    "0.54035",
    "0.21707",
    "0.66341",
    "0.20730",
    "0.48956",
    "0.71322",
    "0.89391",
    "0.10963",
    "0.75131",
    "0.77182",
    "0.93688",
    "0.07447",
    "0.32548",
    "0.39287",
    "0.79233",
    "0.10182",
    "0.21218",
    "0.57649",
    "0.46026",
    "0.19167",
    "0.41143",
    "0.32255",
    "0.94079",
    "0.34404",
    "0.92321"
  ]
}