{
  "metodo": "multiplicativo",
  "X0": 55293,
  "k": 55,
  "g": 14,
  "iteraciones": 200,
  "numeros": [
    "0.79357",
    "0.11555",
    "0.41513",
    "0.71959",
    "0.19685",
    "0.59311",
    "0.92004",
    "0.39242",
    "0.61582",
    "0.02374",
    "0.56553",
    "0.64341",
    "0.30037",
    "0.65757",
    "0.60166",
    "0.72252",
    "0.50058",
    "0.74449",
    "0.27840",
    "0.87975",
    "0.46640",
    "0.53452",
    "0.84582",
    "0.36507",
    "0.44784",
    "0.27767",
    "0.55381",
    "0.42855",
    "0.69493",
    "0.22395",
    "0.65244",
    "0.32015",
    "0.45761",
    "0.62339",
    "0.39169",
    "0.28987",
    "0.98596",
    "0.72594",
    "0.02155",
    "0.58774",
    "0.52988",
    "0.78160",
    "0.79210",
    "0.46371",
    "0.33944",
    "0.04035",
    "0.95324",
    "0.16780",
    "0.66465",
    "0.75230",
    "0.75499",
    "0.95007",
    "0.75548",
    "0.16731",
    "0.44735",
    "0.06037",
    "0.86193",
    "0.53549",
    "0.28035",
    "0.74889",
    "0.23396",
    "0.10676",
    "0.50400",
    "0.26546",
    "0.12165",
    "0.13117",
    "0.36825",
    "0.86022",
    "0.77501",
    "0.85876",
    "0.12312",
    "0.78307",
    "0.44394",
    "0.53940",
    "0.01862",
    "0.28401",
    "0.37850",
    "0.42318",
    "0.30477",
    "0.61314",
    "0.82872",
    "0.76012",
    "0.23152",
    "0.02033",
    "0.04450",
    "0.80016",
    "0.04889",
    "0.75572",
    "0.27596",
    "0.79332",
    "0.00690",
    "0.06916",
    "0.77306",
    "0.98962",
    "0.35555",
    "0.21077",
    "0.78575",
    "0.63902",
    "0.34481",
    "0.43051",
    "0.56406",
    "0.99158",
    "0.22468",
    "0.97839",
    "0.35799",
    "0.29720",
    "0.24519",
    "0.10432",
    "0.41757",
    "0.80602",
    "0.65635",
    "0.05841",
    "0.99280",
    "0.76793",
    "0.70811",
    "0.09064",
    "0.33358",
    "0.43295",
    "0.65049",
    "0.45102",
    "0.69004",
    "0.05109",
    "0.73350",
    "0.38949",
    "0.31209",
    "0.87243",
    "0.20710",
    "0.15608",
    "0.44980",
    "0.14680",
    "0.32137",
    "0.00079",
    "0.35311",
    "0.12434",
    "0.32625",
    "0.17366",
    "0.27205",
    "0.05500",
    "0.47177",
    "0.92468",
    "0.45663",
    "0.18879",
    "0.00787",
    "0.50375",
    "0.15681",
    "0.77574",
    "0.18464",
    "0.16096",
    "0.62266",
    "0.06574",
    "0.25203",
    "0.14631",
    "0.10407",
    "0.30892",
    "0.46005",
    "0.70982",
    "0.85119",
    "0.75523",
    "0.05866",
    "0.10139",
    "0.11384",
    "0.65464",
    "0.29793",
    "0.57114",
    "0.14216",
    "0.25716",
    "0.42782",
    "0.36898",
    "0.18611",
    "0.81285",
    "0.69835",
    "0.74498",
    "0.49570",
    "0.57163",
    "0.35946",
    "0.94909",
    "0.32088",
    "0.78356",
    "0.66123",
    "0.23128",
    "0.91174",
    "0.69859",
    "0.85363",
    "0.84167",
    "0.51816",
    "0.56675",
    "0.18660",
    "0.03009",
    "0.39022",
    "0.63804",
    "0.91027",
    "0.04669",
    "0.77794",
    "0.16242",
    "0.27449",
    "0.14143",
    "0.93127",
    "0.38998",
    "0.52939",
    "0.56430"
  ]
}