{
  "metodo": "multiplicativo",
  "X0": 80236,
  "k": 291,
  "g": 19,
  "iteraciones": 200,
  "numeros": [
    "0.03771",
    "0.98232",
    "0.75884",
    "0.37948",
    "0.32324",
    "0.10622",
    "0.82073",
    "0.76803",
    "0.80993",
    "0.56411",
    "0.06817",
    "0.03744",
    "0.34155",
    "0.82473",
    "0.09490",
    "0.40646",
    "0.26183",
    "0.85684",
    "0.99468",
    "0.59384",
    "0.41454",
    "0.12917",
    "0.36126",
    "0.81832",
    "0.14343",
    "0.61050",
    "0.28838",
    "0.79867",
    "0.29223",
    "0.76956",
    "0.36981",
    "0.75363",
    "0.20470",
    "0.57510",
    "0.69927",
    "0.40194",
    "0.72460",
    "0.49587",
    "0.87054",
    "0.96237",
    "0.19567",
    "0.50063",
    "0.97735",
    "0.15365",
    "0.46166",
    "0.05813",
    "0.61346",
    "0.19454",
    "0.86633",
    "0.13711",
    "0.87261",
    "0.80380",
    "0.25341",
    "0.20632",
    "0.34856",
    "0.20016",
    "0.96667",
    "0.23452",
    "0.13506",
    "0.10238",
    "0.84985",
    "0.69045",
    "0.82586",
    "0.72921",
    "0.24670",
    "0.54287",
    "0.51470",
    "0.79940",
    "0.00097",
    "0.26052",
    "0.79534",
    "0.53170",
    "0.45641",
    "0.81216",
    "0.76153",
    "0.64486",
    "0.45678",
    "0.66653",
    "0.00701",
    "0.35763",
    "0.34582",
    "0.79238",
    "0.62554",
    "0.38876",
    "0.96728",
    "0.65847",
    "0.21087",
    "0.95699",
    "0.66491",
    "0.23354",
    "0.85674",
    "0.78109",
    "0.28246",
    "0.98635",
    "0.15691",
    "0.07980",
    "0.16369",
    "0.88564",
    "0.20513",
    "0.57186",
    "0.15234",
    "0.40017",
    "0.59515",
    "0.47604",
    "0.59216",
    "0.49868",
    "0.42071",
    "0.51107",
    "0.32690",
    "0.64993",
    "0.27557",
    "0.89572",
    "0.70031",
    "0.82266",
    "0.25347",
    "0.34872",
    "0.55615",
    "0.48562",
    "0.94818",
    "0.08883",
    "0.23815",
    "0.60757",
    "0.45342",
    "0.83480",
    "0.59008",
    "0.65725",
    "0.36297",
    "0.80538",
    "0.95568",
    "0.60342",
    "0.77056",
    "0.71932",
    "0.17870",
    "0.91482",
    "0.26995",
    "0.79537",
    "0.60290",
    "0.56020",
    "0.95489",
    "0.75228",
    "0.07201",
    "0.00832",
    "0.41912",
    "0.80880",
    "0.92980",
    "0.22793",
    "0.75640",
    "0.68368",
    "0.02001",
    "0.68777",
    "0.56048",
    "0.59567",
    "0.68640",
    "0.35659",
    "0.92510",
    "0.26351",
    "0.77270",
    "0.70315",
    "0.44402",
    "0.90597",
    "0.62267",
    "0.69619",
    "0.21099",
    "0.24178",
    "0.08007",
    "0.80447",
    "0.81976",
    "0.48971",
    "0.48864",
    "0.99673",
    "0.36407",
    "0.36849",
    "0.69213",
    "0.74172",
    "0.43768",
    "0.09689",
    "0.03429",
    "0.00820",
    "0.13433",
    "0.39364",
    "0.35888",
    "0.26492",
    "0.04778",
    "0.47750",
    "0.00964",
    "0.48061",
    "0.27178",
    "0.06722",
    "0.83032",
    "0.12405",
    "0.40008",
    "0.38155",
    "0.16467",
    "0.16396",
    "0.52642",
    "0.13924",
    "0.85644",
    "0.06911",
    "0.24456",
    "0.55904"
  ]
}