{
  "metodo": "multiplicativo",
  "X0": 47279,
  "k": 291,
  "g": 18,
  "iteraciones": 200,
  "numeros": [
    "0.76839",
    "0.63760",
    "0.52067",
    "0.72742",
    "0.05494",
    "0.18222",
    "0.11143",
    "0.96881",
    "0.22725",
    "0.16336",
    "0.11137",
    "0.82642",
    "0.01966",
    "0.87790",
    "0.12986",
    "0.97211",
    "0.91658",
    "0.37271",
    "0.52629",
    "0.82776",
    "0.15236",
    "0.44467",
    "0.41002",
    "0.56524",
    "0.71138",
    "0.64065",
    "0.64043",
    "0.10644",
    "0.32802",
    "0.25754",
    "0.82689",
    "0.12323",
    "0.48665",
    "0.34219",
    "0.32878",
    "0.03747",
    "0.42164",
    "0.69150",
    "0.25548",
    "0.02105",
    "0.11738",
    "0.85232",
    "0.46635",
    "0.99585",
    "0.30824",
    "0.12155",
    "0.57078",
    "0.63373",
    "0.47859",
    "0.54605",
    "0.92815",
    "0.35656",
    "0.86281",
    "0.92270",
    "0.64781",
    "0.33624",
    "0.44526",
    "0.79837",
    "0.58916",
    "0.49463",
    "0.96034",
    "0.46994",
    "0.36155",
    "0.50360",
    "0.89241",
    "0.98428",
    "0.32438",
    "0.78503",
    "0.47584",
    "0.13827",
    "0.58702",
    "0.51080",
    "0.69502",
    "0.47879",
    "0.00883",
    "0.60278",
    "0.28431",
    "0.30270",
    "0.19920",
    "0.73285",
    "0.72810",
    "0.65689",
    "0.51750",
    "0.32287",
    "0.26075",
    "0.33822",
    "0.07310",
    "0.54474",
    "0.86665",
    "0.89358",
    "0.72539",
    "0.32031",
    "0.28016",
    "0.61984",
    "0.08372",
    "0.32147",
    "0.98567",
    "0.56387",
    "0.50749",
    "0.97009",
    "0.21754",
    "0.52255",
    "0.10606",
    "0.43805",
    "0.96016",
    "0.04275",
    "0.73881",
    "0.64722",
    "0.94789",
    "0.42135",
    "0.01512",
    "0.26947",
    "0.66511",
    "0.70523",
    "0.29435",
    "0.72668",
    "0.34620",
    "0.69125",
    "0.68590",
    "0.19073",
    "0.97554",
    "0.92630",
    "0.04911",
    "0.58349",
    "0.28749",
    "0.70724",
    "0.99339",
    "0.57684",
    "0.76643",
    "0.08096",
    "0.87810",
    "0.59265",
    "0.64674",
    "0.84433",
    "0.81261",
    "0.80279",
    "0.91280",
    "0.54422",
    "0.65629",
    "0.12915",
    "0.29896",
    "0.47751",
    "0.01854",
    "0.24359",
    "0.28962",
    "0.69107",
    "0.25871",
    "0.56799",
    "0.11915",
    "0.98178",
    "0.48619",
    "0.27423",
    "0.77193",
    "0.89651",
    "0.56035",
    "0.28418",
    "0.98231",
    "0.73215",
    "0.09056",
    "0.26971",
    "0.23469",
    "0.53555",
    "0.43620",
    "0.65271",
    "0.76344",
    "0.10360",
    "0.70665",
    "0.60504",
    "0.55293",
    "0.98318",
    "0.76128",
    "0.04858",
    "0.33754",
    "0.47116",
    "0.20945",
    "0.65521",
    "0.60164",
    "0.61441",
    "0.41057",
    "0.84680",
    "0.57960",
    "0.20981",
    "0.47398",
    "0.79523",
    "0.25581",
    "0.80423",
    "0.25908",
    "0.42236",
    "0.36464",
    "0.69455",
    "0.37523",
    "0.40008",
    "0.39045",
    "0.92764",
    "0.18181",
    "0.15027",
    "0.56764",
    "0.30038",
    "0.78819",
    "0.84479"
  ]
}