{
  "metodo": "multiplicativo",
  "X0": 22630,
  "k": 204,
  "g": 17,
  "iteraciones": 200,
  "numeros": [
    "0.63329",
    "0.68841",
    "0.91125",
    "0.69927",
    "0.69603",
    "0.40056",
    "0.71422",
    "0.17510",
    "0.62987",
    "0.09319",
    "0.54454",
    "0.41265",
    "0.49730",
    "0.07878",
    "0.96471",
    "0.22441",
    "0.36083",
    "0.66985",
    "0.53722",
    "0.42290",
    "0.28295",
    "0.17888",
    "0.82458",
    "0.82061",
    "0.32616",
    "0.91839",
    "0.38927",
    "0.23003",
    "0.55297",
    "0.20085",
    "0.79381",
    "0.46367",
    "0.02586",
    "0.33879",
    "0.60070",
    "0.33403",
    "0.80736",
    "0.64470",
    "0.37242",
    "0.65362",
    "0.95995",
    "0.43108",
    "0.67150",
    "0.23491",
    "0.54613",
    "0.01042",
    "0.06041",
    "0.89043",
    "0.62841",
    "0.69524",
    "0.10167",
    "0.43267",
    "0.26927",
    "0.79803",
    "0.35778",
    "0.67412",
    "0.53124",
    "0.63128",
    "0.39122",
    "0.42730",
    "0.47680",
    "0.50750",
    "0.76452",
    "0.50469",
    "0.16844",
    "0.73919",
    "0.04015",
    "0.71880",
    "0.66869",
    "0.63884",
    "0.78063",
    "0.88213",
    "0.04002",
    "0.51897",
    "0.54845",
    "0.80718",
    "0.34496",
    "0.69207",
    "0.90612",
    "0.30644",
    "0.64599",
    "0.47063",
    "0.41613",
    "0.19243",
    "0.00560",
    "0.16716",
    "0.64098",
    "0.27764",
    "0.48632",
    "0.09416",
    "0.14317",
    "0.37456",
    "0.15062",
    "0.56414",
    "0.48522",
    "0.29570",
    "0.06102",
    "0.88958",
    "0.22960",
    "0.85357",
    "0.28002",
    "0.38298",
    "0.93883",
    "0.86065",
    "0.87011",
    "0.35686",
    "0.17540",
    "0.12944",
    "0.89379",
    "0.12370",
    "0.50182",
    "0.47246",
    "0.41356",
    "0.99603",
    "0.48058",
    "0.70220",
    "0.49193",
    "0.28630",
    "0.67418",
    "0.63115",
    "0.19139",
    "0.30705",
    "0.64513",
    "0.07182",
    "0.57445",
    "0.37078",
    "0.95592",
    "0.83672",
    "0.70360",
    "0.78997",
    "0.16905",
    "0.73833",
    "0.64135",
    "0.87713",
    "0.84704",
    "0.58916",
    "0.45018",
    "0.94476",
    "0.55236",
    "0.20171",
    "0.19261",
    "0.30535",
    "0.84753",
    "0.38848",
    "0.93114",
    "0.27141",
    "0.29503",
    "0.96197",
    "0.72826",
    "0.15544",
    "0.45739",
    "0.73467",
    "0.64647",
    "0.26995",
    "0.89709",
    "0.51909",
    "0.74828",
    "0.92742",
    "0.17662",
    "0.12773",
    "0.09618",
    "0.44036",
    "0.85851",
    "0.37310",
    "0.75268",
    "0.12126",
    "0.50524",
    "0.06767",
    "0.78026",
    "0.28264",
    "0.67931",
    "0.02397",
    "0.24144",
    "0.23699",
    "0.94323",
    "0.05449",
    "0.19872",
    "0.29680",
    "0.85949",
    "0.97173",
    "0.71459",
    "0.77459",
    "0.99059",
    "0.58819",
    "0.85155",
    "0.98284",
    "0.89904",
    "0.71636",
    "0.67211",
    "0.23406",
    "0.14732",
    "0.16875",
    "0.23876",
    "0.84075",
    "0.29796",
    "0.75786",
    "0.61400",
    "0.11540",
    "0.91344",
    "0.29619"
  ]
}