{
  "metodo": "multiplicativo",
  "X0": 148367,
  "k": 167,
  "g": 13,
  "iteraciones": 200,
  "numeros": [
    "0.12733",
    "0.73532",
    "0.94286",
    "0.22647",
    "0.65670",
    "0.52240",
    "0.45648",
    "0.06043",
    "0.02967",
    "0.77829",
    "0.56391",
    "0.11317",
    "0.74655",
    "0.00281",
    "0.76511",
    "0.88475",
    "0.30704",
    "0.69625",
    "0.56000",
    "0.87498",
    "0.21133",
    "0.35832",
    "0.44866",
    "0.58393",
    "0.95947",
    "0.48920",
    "0.93114",
    "0.51166",
    "0.05115",
    "0.58882",
    "0.50726",
    "0.15810",
    "0.98681",
    "0.15712",
    "0.67721",
    "0.02332",
    "0.26602",
    "0.69430",
    "0.94091",
    "0.60737",
    "0.38909",
    "0.70016",
    "0.79832",
    "0.41008",
    "0.85594",
    "0.67476",
    "0.74948",
    "0.93163",
    "0.16640",
    "0.11806",
    "0.29435",
    "0.67183",
    "0.82078",
    "0.53022",
    "0.93310",
    "0.13075",
    "0.31876",
    "0.41106",
    "0.16543",
    "0.80857",
    "0.16054",
    "0.26065",
    "0.49164",
    "0.20498",
    "0.84617",
    "0.57905",
    "0.41155",
    "0.82029",
    "0.87547",
    "0.86619",
    "0.42522",
    "0.15419",
    "0.74850",
    "0.62202",
    "0.03260",
    "0.70700",
    "0.96533",
    "0.34660",
    "0.73385",
    "0.97851",
    "0.02576",
    "0.53998",
    "0.02869",
    "0.46869",
    "0.43011",
    "0.70211",
    "0.41741",
    "0.67770",
    "0.67818",
    "0.33293",
    "0.39983",
    "0.10536",
    "0.26993",
    "0.93261",
    "0.47601",
    "0.25186",
    "0.70553",
    "0.00085",
    "0.14589",
    "0.61714",
    "0.48480",
    "0.03797",
    "0.90966",
    "0.70114",
    "0.10780",
    "0.54389",
    "0.26700",
    "0.00378",
    "0.07459",
    "0.01843",
    "0.71823",
    "0.02527",
    "0.88524",
    "0.96191",
    "0.76315",
    "0.26554",
    "0.03943",
    "0.87401",
    "0.90184",
    "0.22451",
    "0.03748",
    "0.25479",
    "0.63423",
    "0.40227",
    "0.37932",
    "0.60444",
    "0.46038",
    "0.29874",
    "0.56489",
    "0.42278",
    "0.88036",
    "0.41399",
    "0.09413",
    "0.20986",
    "0.39397",
    "0.24796",
    "0.46722",
    "0.46576",
    "0.50140",
    "0.30070",
    "0.18398",
    "0.69039",
    "0.70260",
    "0.07215",
    "0.74460",
    "0.38371",
    "0.49750",
    "0.06239",
    "0.64888",
    "0.04578",
    "0.38616",
    "0.77146",
    "0.39690",
    "0.17666",
    "0.86864",
    "0.69918",
    "0.48871",
    "0.27628",
    "0.44476",
    "0.34562",
    "0.42425",
    "0.84471",
    "0.61470",
    "0.21084",
    "0.70358",
    "0.38176",
    "0.87840",
    "0.79490",
    "0.82664",
    "0.38762",
    "0.73581",
    "0.59761",
    "0.29337",
    "0.36223",
    "0.68697",
    "0.11903",
    "0.60396",
    "0.80564",
    "0.23184",
    "0.85936",
    "0.25821",
    "0.21768",
    "0.87059",
    "0.31828",
    "0.75632",
    "0.09852",
    "0.10292",
    "0.99609",
    "0.59810",
    "0.94824",
    "0.42913",
    "0.39250",
    "0.28360",
    "0.26651",
    "0.34904",
    "0.00769",
    "0.31290",
    "0.55366",
    "0.36272",
    "0.34172"
  ]
}