{
  "metodo": "multiplicativo",
  "X0": 58880,
  "k": 41,
  "g": 19,
  "iteraciones": 200,
  "numeros": [
    "0.39746",
    "0.35449",
    "0.04590",
    "0.28418",
    "0.63184",
    "0.40137",
    "0.65527",
    "0.20606",
    "0.61621",
    "0.19824",
    "0.01465",
    "0.87793",
    "0.35059",
    "0.74512",
    "0.12402",
    "0.29981",
    "0.83496",
    "0.04199",
    "0.98340",
    "0.47168",
    "0.06934",
    "0.08887",
    "0.59277",
    "0.39356",
    "0.05371",
    "0.88574",
    "0.95215",
    "0.06543",
    "0.78809",
    "0.43262",
    "0.06152",
    "0.48731",
    "0.27246",
    "0.72949",
    "0.92090",
    "0.65918",
    "0.50684",
    "0.77637",
    "0.53027",
    "0.58106",
    "0.49121",
    "0.57324",
    "0.88965",
    "0.25293",
    "0.22559",
    "0.12012",
    "0.99903",
    "0.67481",
    "0.70996",
    "0.41699",
    "0.85840",
    "0.84668",
    "0.94434",
    "0.46387",
    "0.46777",
    "0.76856",
    "0.92871",
    "0.26074",
    "0.82715",
    "0.44043",
    "0.66309",
    "0.80762",
    "0.93653",
    "0.86231",
    "0.14746",
    "0.10449",
    "0.79590",
    "0.03418",
    "0.38184",
    "0.15137",
    "0.40527",
    "0.95606",
    "0.36621",
    "0.94824",
    "0.76465",
    "0.62793",
    "0.10059",
    "0.49512",
    "0.87403",
    "0.04980",
    "0.58496",
    "0.79199",
    "0.73340",
    "0.22168",
    "0.81934",
    "0.83887",
    "0.34277",
    "0.14355",
    "0.80371",
    "0.63574",
    "0.70215",
    "0.81543",
    "0.53809",
    "0.18262",
    "0.81152",
    "0.23731",
    "0.02246",
    "0.47949",
    "0.67090",
    "0.40918",
    "0.25684",
    "0.52637",
    "0.28027",
    "0.33106",
    "0.24121",
    "0.32324",
    "0.63965",
    "0.00293",
    "0.97559",
    "0.87012",
    "0.74902",
    "0.42481",
    "0.45996",
    "0.16699",
    "0.60840",
    "0.59668",
    "0.69434",
    "0.21387",
    "0.21777",
    "0.51856",
    "0.67871",
    "0.01074",
    "0.57715",
    "0.19043",
    "0.41309",
    "0.55762",
    "0.68652",
    "0.61231",
    "0.89746",
    "0.85449",
    "0.54590",
    "0.78418",
    "0.13184",
    "0.90137",
    "0.15527",
    "0.70606",
    "0.11621",
    "0.69824",
    "0.51465",
    "0.37793",
    "0.85059",
    "0.24512",
    "0.62402",
    "0.79981",
    "0.33496",
    "0.54199",
    "0.48340",
    "0.97168",
    "0.56934",
    "0.58887",
    "0.09277",
    "0.89356",
    "0.55371",
    "0.38574",
    "0.45215",
    "0.56543",
    "0.28809",
    "0.93262",
    "0.56152",
    "0.98731",
    "0.77246",
    "0.22949",
    "0.42090",
    "0.15918",
    "0.00684",
    "0.27637",
    "0.03027",
    "0.08105",
    "0.99121",
    "0.07324",
    "0.38965",
    "0.75293",
    "0.72559",
    "0.62012",
    "0.49902",
    "0.17481",
    "0.20996",
    "0.91699",
    "0.35840",
    "0.34668",
    "0.44434",
    "0.96387",
    "0.96778",
    "0.26856",
    "0.42871",
    "0.76074",
    "0.32715",
    "0.94043",
    "0.16309",
    "0.30762",
    "0.43652",
    "0.36231",
    "0.64746",
    "0.60449",
    "0.29590",
    "0.53418",
    "0.88184",
    "0.65137",
    "0.90528",
    "0.45606"
  ]
}