{
  "metodo": "multiplicativo",
  "X0": 76426,
  "k": 111,
  "g": 19,
  "iteraciones": 200,
  "numeros": [
    "0.17353",
    "0.95940",
    "0.74436",
    "0.71175",
    "0.59278",
    "0.35009",
    "0.62699",
    "0.89980",
    "0.52082",
    "0.08941",
    "0.83872",
    "0.97555",
    "0.16077",
    "0.56798",
    "0.20768",
    "0.45461",
    "0.96576",
    "0.42644",
    "0.81199",
    "0.10262",
    "0.63892",
    "0.55541",
    "0.97977",
    "0.93520",
    "0.13337",
    "0.09551",
    "0.28916",
    "0.21798",
    "0.65223",
    "0.43737",
    "0.56827",
    "0.46657",
    "0.64863",
    "0.22161",
    "0.89524",
    "0.44661",
    "0.82569",
    "0.33886",
    "0.59818",
    "0.17373",
    "0.13654",
    "0.92974",
    "0.25522",
    "0.91353",
    "0.78431",
    "0.38488",
    "0.69449",
    "0.18166",
    "0.22211",
    "0.34490",
    "0.99412",
    "0.74373",
    "0.15308",
    "0.70043",
    "0.48221",
    "0.61538",
    "0.53034",
    "0.59209",
    "0.73691",
    "0.06221",
    "0.55701",
    "0.41051",
    "0.58634",
    "0.59987",
    "0.68622",
    "0.79632",
    "0.10862",
    "0.99398",
    "0.62110",
    "0.64013",
    "0.63187",
    "0.26015",
    "0.31476",
    "0.08257",
    "0.73423",
    "0.66402",
    "0.97034",
    "0.51427",
    "0.24381",
    "0.72121",
    "0.04096",
    "0.57586",
    "0.23874",
    "0.19735",
    "0.22974",
    "0.15795",
    "0.04715",
    "0.10805",
    "0.48981",
    "0.40117",
    "0.24717",
    "0.71895",
    "0.02430",
    "0.69616",
    "0.66691",
    "0.54567",
    "0.28632",
    "0.68352",
    "0.38450",
    "0.35384",
    "0.97901",
    "0.25390",
    "0.72806",
    "0.15908",
    "0.05548",
    "0.54790",
    "0.27573",
    "0.22701",
    "0.71888",
    "0.95617",
    "0.85563",
    "0.07326",
    "0.42231",
    "0.11931",
    "0.54587",
    "0.46346",
    "0.86890",
    "0.92797",
    "0.67460",
    "0.41323",
    "0.01178",
    "0.52276",
    "0.81992",
    "0.18819",
    "0.05408",
    "0.29430",
    "0.80997",
    "0.30397",
    "0.44892",
    "0.88323",
    "0.72288",
    "0.52620",
    "0.89942",
    "0.18016",
    "0.88675",
    "0.87050",
    "0.35871",
    "0.32573",
    "0.87974",
    "0.60250",
    "0.02991",
    "0.71056",
    "0.52994",
    "0.23781",
    "0.36615",
    "0.97527",
    "0.91550",
    "0.54207",
    "0.07056",
    "0.01049",
    "0.36454",
    "0.53090",
    "0.09626",
    "0.95684",
    "0.45517",
    "0.46993",
    "0.64637",
    "0.20495",
    "0.01554",
    "0.87478",
    "0.17402",
    "0.39544",
    "0.12375",
    "0.51107",
    "0.38233",
    "0.41893",
    "0.10794",
    "0.39443",
    "0.22443",
    "0.41607",
    "0.54624",
    "0.79049",
    "0.90345",
    "0.77746",
    "0.26676",
    "0.21486",
    "0.87250",
    "0.14373",
    "0.34763",
    "0.43319",
    "0.83472",
    "0.40551",
    "0.11698",
    "0.46108",
    "0.74323",
    "0.70342",
    "0.15293",
    "0.56417",
    "0.80115",
    "0.42809",
    "0.28360",
    "0.25808",
    "0.46161",
    "0.22014",
    "0.58713",
    "0.30843",
    "0.42774",
    "0.97021",
    "0.39164",
    "0.73086"
  ]
}