{
  "metodo": "multiplicativo",
  "X0": 65104,
  "k": 9,
  "g": 19,
  "iteraciones": 200,
  "numeros": [
    "0.56156",
    "0.23965",
    "0.45340",
    "0.91178",
    "0.20657",
    "0.90616",
    "0.77420",
    "0.61344",
    "0.23441",
    "0.04922",
    "0.79032",
    "0.85416",
    "0.77005",
    "0.29385",
    "0.62674",
    "0.25894",
    "0.93851",
    "0.26505",
    "0.40848",
    "0.45279",
    "0.86478",
    "0.58780",
    "0.26053",
    "0.06070",
    "0.67386",
    "0.88712",
    "0.30789",
    "0.70767",
    "0.49075",
    "0.78800",
    "0.67557",
    "0.01871",
    "0.44046",
    "0.91544",
    "0.48856",
    "0.61881",
    "0.64798",
    "0.89444",
    "0.87186",
    "0.13297",
    "0.23831",
    "0.35001",
    "0.95047",
    "0.18619",
    "0.33646",
    "0.90714",
    "0.84940",
    "0.40347",
    "0.06741",
    "0.19083",
    "0.69364",
    "0.40982",
    "0.55618",
    "0.82608",
    "0.60819",
    "0.83023",
    "0.92777",
    "0.43790",
    "0.71805",
    "0.28970",
    "0.30716",
    "0.65128",
    "0.14822",
    "0.41324",
    "0.81937",
    "0.09122",
    "0.02371",
    "0.82584",
    "0.58939",
    "0.38272",
    "0.46951",
    "0.15250",
    "0.74222",
    "0.15079",
    "0.61063",
    "0.01822",
    "0.40286",
    "0.02042",
    "0.57205",
    "0.04800",
    "0.69632",
    "0.61661",
    "0.47879",
    "0.86685",
    "0.74759",
    "0.56436",
    "0.45584",
    "0.09976",
    "0.68167",
    "0.48868",
    "0.62821",
    "0.37174",
    "0.62357",
    "0.01456",
    "0.12088",
    "0.30777",
    "0.69827",
    "0.76700",
    "0.05887",
    "0.53287",
    "0.03079",
    "0.37100",
    "0.56717",
    "0.67203",
    "0.74613",
    "0.45157",
    "0.77078",
    "0.35025",
    "0.96927",
    "0.63370",
    "0.79471",
    "0.19254",
    "0.82523",
    "0.54239",
    "0.76395",
    "0.82388",
    "0.43900",
    "0.80264",
    "0.80350",
    "0.86929",
    "0.93558",
    "0.03946",
    "0.03836",
    "0.95377",
    "0.43997",
    "0.87784",
    "0.59354",
    "0.70230",
    "0.07718",
    "0.94278",
    "0.59403",
    "0.73990",
    "0.97220",
    "0.85929",
    "0.16483",
    "0.69156",
    "0.25003",
    "0.25235",
    "0.43094",
    "0.18228",
    "0.03568",
    "0.74698",
    "0.51737",
    "0.83707",
    "0.45413",
    "0.96817",
    "0.54910",
    "0.28091",
    "0.63040",
    "0.54093",
    "0.65115",
    "0.13882",
    "0.68948",
    "0.09024",
    "0.94852",
    "0.03580",
    "0.75638",
    "0.24112",
    "0.56619",
    "0.59683",
    "0.95609",
    "0.61856",
    "0.62918",
    "0.44693",
    "0.41361",
    "0.84757",
    "0.26248",
    "0.21109",
    "0.25394",
    "0.55313",
    "0.59110",
    "0.51431",
    "0.60208",
    "0.36026",
    "0.74002",
    "0.98160",
    "0.58304",
    "0.89395",
    "0.83426",
    "0.23795",
    "0.32181",
    "0.77921",
    "0.99881",
    "0.90836",
    "0.94339",
    "0.64102",
    "0.35867",
    "0.61783",
    "0.57279",
    "0.10440",
    "0.03885",
    "0.99137",
    "0.33499",
    "0.79434",
    "0.16434",
    "0.65396",
    "0.35501",
    "0.33585",
    "0.86014",
    "0.23062"
  ]
}