{
  "metodo": "multiplicativo",
  "X0": 51331,
  "k": 87,
  "g": 13,
  "iteraciones": 200,
  "numeros": [
    "0.45990",
    "0.34709",
    "0.27921",
    "0.70162",
    "0.77829",
    "0.51703",
    "0.39446",
    "0.48089",
    "0.06532",
    "0.78073",
    "0.22842",
    "0.10389",
    "0.82127",
    "0.63814",
    "0.28116",
    "0.07069",
    "0.54584",
    "0.58931",
    "0.05262",
    "0.88133",
    "0.73923",
    "0.13417",
    "0.04285",
    "0.03553",
    "0.90136",
    "0.77292",
    "0.75192",
    "0.03357",
    "0.53217",
    "0.00525",
    "0.67965",
    "0.37541",
    "0.13173",
    "0.33146",
    "0.32609",
    "0.56098",
    "0.20010",
    "0.25137",
    "0.19131",
    "0.09022",
    "0.23721",
    "0.26505",
    "0.77536",
    "0.46331",
    "0.74313",
    "0.87254",
    "0.57807",
    "0.18008",
    "0.21768",
    "0.57368",
    "0.09950",
    "0.74069",
    "0.16103",
    "0.86864",
    "0.83982",
    "0.64498",
    "0.07313",
    "0.25723",
    "0.29874",
    "0.39299",
    "0.45403",
    "0.23965",
    "0.97656",
    "0.48480",
    "0.80369",
    "0.31583",
    "0.37297",
    "0.42034",
    "0.62202",
    "0.98584",
    "0.98828",
    "0.69967",
    "0.40911",
    "0.74948",
    "0.32218",
    "0.82273",
    "0.66500",
    "0.10682",
    "0.87498",
    "0.28946",
    "0.88963",
    "0.55805",
    "0.14638",
    "0.60005",
    "0.58296",
    "0.60298",
    "0.63667",
    "0.25430",
    "0.24503",
    "0.74167",
    "0.84568",
    "0.75241",
    "0.37590",
    "0.47406",
    "0.27335",
    "0.59419",
    "0.47552",
    "0.30021",
    "0.41985",
    "0.27970",
    "0.04383",
    "0.72018",
    "0.78513",
    "0.30900",
    "0.58100",
    "0.23379",
    "0.86912",
    "0.18203",
    "0.58686",
    "0.34123",
    "0.17177",
    "0.39885",
    "0.56147",
    "0.54242",
    "0.19326",
    "0.45941",
    "0.00476",
    "0.33732",
    "0.43352",
    "0.86375",
    "0.41692",
    "0.22598",
    "0.39250",
    "0.11171",
    "0.29777",
    "0.70846",
    "0.57026",
    "0.70358",
    "0.14736",
    "0.28458",
    "0.46673",
    "0.13906",
    "0.46576",
    "0.45452",
    "0.58198",
    "0.91845",
    "0.75290",
    "0.71823",
    "0.41594",
    "0.54145",
    "0.50873",
    "0.57563",
    "0.46869",
    "0.50824",
    "0.23330",
    "0.52680",
    "0.24014",
    "0.31876",
    "0.42669",
    "0.07166",
    "0.23037",
    "0.47308",
    "0.58882",
    "0.71041",
    "0.93945",
    "0.47113",
    "0.21963",
    "0.94286",
    "0.86717",
    "0.81297",
    "0.81931",
    "0.26895",
    "0.51361",
    "0.99853",
    "0.88768",
    "0.18887",
    "0.37883",
    "0.52777",
    "0.92480",
    "0.20254",
    "0.96289",
    "0.90087",
    "0.43059",
    "0.81004",
    "0.76560",
    "0.61763",
    "0.90526",
    "0.51117",
    "0.28702",
    "0.17812",
    "0.84861",
    "0.80613",
    "0.02723",
    "0.08241",
    "0.76071",
    "0.19473",
    "0.48627",
    "0.83055",
    "0.14150",
    "0.17715",
    "0.16396",
    "0.92235",
    "0.49115",
    "0.25333",
    "0.56049",
    "0.85789",
    "0.30949",
    "0.92333",
    "0.17568",
    "0.13710"
  ]
}