{
  "metodo": "multiplicativo",
  "X0": 142025,
  "k": 114,
  "g": 16,
  "iteraciones": 200,
  "numeros": [
    "0.25777",
    "0.37209",
    "0.20247",
    "0.66397",
    "0.84738",
    "0.03493",
    "0.02840",
    "0.03969",
    "0.39400",
    "0.29543",
    "0.90512",
    "0.98184",
    "0.33516",
    "0.34108",
    "0.77011",
    "0.17787",
    "0.10835",
    "0.35940",
    "0.56088",
    "0.31533",
    "0.15108",
    "0.53787",
    "0.21492",
    "0.08168",
    "0.90085",
    "0.06398",
    "0.66976",
    "0.16445",
    "0.79513",
    "0.12526",
    "0.86288",
    "0.25112",
    "0.27144",
    "0.90921",
    "0.73178",
    "0.02919",
    "0.76730",
    "0.60330",
    "0.21395",
    "0.18618",
    "0.72018",
    "0.39504",
    "0.24691",
    "0.40957",
    "0.56759",
    "0.47195",
    "0.76815",
    "0.38686",
    "0.74704",
    "0.02150",
    "0.71518",
    "0.80557",
    "0.69601",
    "0.23122",
    "0.02547",
    "0.35317",
    "0.85202",
    "0.28859",
    "0.63656",
    "0.71719",
    "0.65255",
    "0.38112",
    "0.48592",
    "0.58511",
    "0.53512",
    "0.69631",
    "0.51107",
    "0.64443",
    "0.93722",
    "0.42165",
    "0.64950",
    "0.58267",
    "0.29635",
    "0.74466",
    "0.83871",
    "0.08730",
    "0.05000",
    "0.85281",
    "0.01619",
    "0.84585",
    "0.63571",
    "0.93362",
    "0.11946",
    "0.54580",
    "0.49093",
    "0.17458",
    "0.08602",
    "0.87466",
    "0.05318",
    "0.76321",
    "0.85336",
    "0.51992",
    "0.75998",
    "0.88699",
    "0.35897",
    "0.16909",
    "0.04878",
    "0.73342",
    "0.54037",
    "0.50967",
    "0.35714",
    "0.49001",
    "0.33504",
    "0.22914",
    "0.12251",
    "0.34426",
    "0.68051",
    "0.01503",
    "0.78244",
    "0.48367",
    "0.51424",
    "0.55483",
    "0.77438",
    "0.09572",
    "0.77377",
    "0.53603",
    "0.53585",
    "0.36794",
    "0.39657",
    "0.64614",
    "0.50436",
    "0.48782",
    "0.32015",
    "0.57266",
    "0.11739",
    "0.64285",
    "0.48202",
    "0.00307",
    "0.81247",
    "0.02052",
    "0.81967",
    "0.62490",
    "0.02705",
    "0.80838",
    "0.27059",
    "0.12563",
    "0.19869",
    "0.19387",
    "0.77230",
    "0.19277",
    "0.76486",
    "0.36452",
    "0.26229",
    "0.51382",
    "0.16304",
    "0.50784",
    "0.67807",
    "0.77627",
    "0.83078",
    "0.81131",
    "0.95712",
    "0.66763",
    "0.20552",
    "0.46242",
    "0.03694",
    "0.87539",
    "0.72482",
    "0.64871",
    "0.85507",
    "0.08705",
    "0.82614",
    "0.55764",
    "0.34896",
    "0.99014",
    "0.94699",
    "0.37673",
    "0.45614",
    "0.27211",
    "0.52486",
    "0.29348",
    "0.11409",
    "0.62051",
    "0.99728",
    "0.49538",
    "0.26033",
    "0.72280",
    "0.80172",
    "0.16994",
    "0.83236",
    "0.26650",
    "0.37569",
    "0.50466",
    "0.76767",
    "0.93912",
    "0.15669",
    "0.68704",
    "0.00374",
    "0.42812",
    "0.58224",
    "0.90457",
    "0.47811",
    "0.42104",
    "0.08980",
    "0.34475",
    "0.12825",
    "0.60537",
    "0.11690",
    "0.19509",
    "0.89169",
    "0.66860"
  ]
}