{
  "metodo": "multiplicativo",
  "X0": 94347,
  "k": 134,
  "g": 14,
  "iteraciones": 200,
  "numeros": [
    "0.88720",
    "0.45627",
    "0.36813",
    "0.44699",
    "0.37643",
    "0.38693",
    "0.69334",
    "0.68235",
    "0.85009",
    "0.48947",
    "0.12788",
    "0.71458",
    "0.55808",
    "0.01386",
    "0.92187",
    "0.79369",
    "0.75047",
    "0.21016",
    "0.32515",
    "0.16963",
    "0.67723",
    "0.32833",
    "0.58787",
    "0.09247",
    "0.58835",
    "0.61838",
    "0.95996",
    "0.81224",
    "0.73387",
    "0.33028",
    "0.69139",
    "0.57883",
    "0.36373",
    "0.71409",
    "0.03217",
    "0.64231",
    "0.72801",
    "0.01972",
    "0.23238",
    "0.25264",
    "0.07660",
    "0.49728",
    "0.54196",
    "0.65989",
    "0.65965",
    "0.39669",
    "0.21089",
    "0.11396",
    "0.72703",
    "0.96802",
    "0.48923",
    "0.86498",
    "0.52878",
    "0.46115",
    "0.62693",
    "0.16279",
    "0.31490",
    "0.12617",
    "0.87402",
    "0.25752",
    "0.33541",
    "0.21309",
    "0.48044",
    "0.39913",
    "0.84032",
    "0.97192",
    "0.69627",
    "0.83764",
    "0.07953",
    "0.65257",
    "0.77147",
    "0.82299",
    "0.30318",
    "0.50510",
    "0.95605",
    "0.60520",
    "0.76122",
    "0.77953",
    "0.49997",
    "0.43429",
    "0.70360",
    "0.72581",
    "0.65330",
    "0.56028",
    "0.38033",
    "0.59397",
    "0.66600",
    "0.23311",
    "0.04145",
    "0.63401",
    "0.78807",
    "0.70286",
    "0.93701",
    "0.09589",
    "0.26949",
    "0.21943",
    "0.31685",
    "0.22969",
    "0.36031",
    "0.03290",
    "0.43112",
    "0.28536",
    "0.31050",
    "0.39327",
    "0.52976",
    "0.51291",
    "0.37008",
    "0.55051",
    "0.86278",
    "0.16230",
    "0.78905",
    "0.75462",
    "0.68016",
    "0.48361",
    "0.81737",
    "0.25557",
    "0.23189",
    "0.72679",
    "0.70506",
    "0.30342",
    "0.76805",
    "0.14179",
    "0.70213",
    "0.14814",
    "0.53855",
    "0.97876",
    "0.05854",
    "0.03974",
    "0.79344",
    "0.48752",
    "0.02435",
    "0.22822",
    "0.78270",
    "0.91821",
    "0.84960",
    "0.96362",
    "0.75633",
    "0.52072",
    "0.78417",
    "0.49582",
    "0.96435",
    "0.54514",
    "0.07807",
    "0.07489",
    "0.65672",
    "0.24141",
    "0.98144",
    "0.95092",
    "0.08344",
    "0.85961",
    "0.74413",
    "0.37374",
    "0.49460",
    "0.64964",
    "0.61619",
    "0.59348",
    "0.14008",
    "0.86156",
    "0.84765",
    "0.86010",
    "0.26997",
    "0.74535",
    "0.68846",
    "0.42355",
    "0.13422",
    "0.55100",
    "0.38863",
    "0.53391",
    "0.98291",
    "0.52854",
    "0.19819",
    "0.44113",
    "0.06586",
    "0.92797",
    "0.36715",
    "0.39523",
    "0.63328",
    "0.99927",
    "0.14546",
    "0.64622",
    "0.93505",
    "0.99243",
    "0.78319",
    "0.44406",
    "0.22114",
    "0.15742",
    "0.53024",
    "0.03876",
    "0.74168",
    "0.74437",
    "0.63670",
    "0.68040",
    "0.74657",
    "0.00311",
    "0.35250",
    "0.61887",
    "0.48581",
    "0.18379",
    "0.92773",
    "0.10419"
  ]
}