{
  "metodo": "multiplicativo",
  "X0": 132987,
  "k": 273,
  "g": 15,
  "iteraciones": 200,
  "numeros": [
    "0.92773",
    "0.74377",
    "0.05539",
    "0.24741",
    "0.57176",
    "0.55382",
    "0.27366",
    "0.02231",
    "0.83300",
    "0.38731",
    "0.79662",
    "0.75817",
    "0.58641",
    "0.61925",
    "0.49925",
    "0.82995",
    "0.70702",
    "0.62462",
    "0.25657",
    "0.61266",
    "0.06980",
    "0.77844",
    "0.94360",
    "0.48131",
    "0.54979",
    "0.45567",
    "0.43529",
    "0.81091",
    "0.02194",
    "0.03134",
    "0.60668",
    "0.97644",
    "0.36131",
    "0.88049",
    "0.33274",
    "0.35289",
    "0.44285",
    "0.37803",
    "0.48851",
    "0.31529",
    "0.14158",
    "0.89904",
    "0.94897",
    "0.23862",
    "0.33250",
    "0.81848",
    "0.58910",
    "0.49791",
    "0.89062",
    "0.51134",
    "0.28391",
    "0.46812",
    "0.69091",
    "0.35264",
    "0.90844",
    "0.52428",
    "0.60839",
    "0.71740",
    "0.33763",
    "0.04135",
    "0.51805",
    "0.98059",
    "0.44652",
    "0.39439",
    "0.29490",
    "0.51720",
    "0.11008",
    "0.95837",
    "0.81396",
    "0.70226",
    "0.20334",
    "0.10825",
    "0.95019",
    "0.91076",
    "0.60131",
    "0.21909",
    "0.57860",
    "0.51769",
    "0.17893",
    "0.66588",
    "0.57421",
    "0.89807",
    "0.81127",
    "0.82360",
    "0.81201",
    "0.42686",
    "0.37327",
    "0.06723",
    "0.16697",
    "0.47911",
    "0.73998",
    "0.77184",
    "0.51415",
    "0.42979",
    "0.78637",
    "0.31236",
    "0.72851",
    "0.65392",
    "0.38743",
    "0.06381",
    "0.68505",
    "0.52647",
    "0.41820",
    "0.40123",
    "0.25877",
    "0.42247",
    "0.75365",
    "0.69958",
    "0.32469",
    "0.71691",
    "0.26878",
    "0.33384",
    "0.75781",
    "0.78478",
    "0.83862",
    "0.67907",
    "0.43309",
    "0.00107",
    "0.33811",
    "0.11020",
    "0.22556",
    "0.74084",
    "0.64232",
    "0.00229",
    "0.01022",
    "0.37901",
    "0.62621",
    "0.73034",
    "0.66210",
    "0.29063",
    "0.16477",
    "0.66930",
    "0.05612",
    "0.85070",
    "0.13303",
    "0.19419",
    "0.06735",
    "0.43419",
    "0.40599",
    "0.68004",
    "0.57079",
    "0.41612",
    "0.85864",
    "0.50182",
    "0.44139",
    "0.17148",
    "0.36595",
    "0.03452",
    "0.55419",
    "0.07529",
    "0.80297",
    "0.65319",
    "0.78417",
    "0.50255",
    "0.04465",
    "0.73278",
    "0.00632",
    "0.82824",
    "0.96606",
    "0.64830",
    "0.09568",
    "0.42735",
    "0.44212",
    "0.77477",
    "0.92724",
    "0.67492",
    "0.34788",
    "0.48717",
    "0.37596",
    "0.94592",
    "0.55834",
    "0.16050",
    "0.31687",
    "0.61534",
    "0.94848",
    "0.16977",
    "0.62499",
    "0.05820",
    "0.39329",
    "0.89001",
    "0.17527",
    "0.64953",
    "0.76782",
    "0.69616",
    "0.84277",
    "0.76428",
    "0.94702",
    "0.96326",
    "0.50243",
    "0.77746",
    "0.80590",
    "0.06626",
    "0.02927",
    "0.06406",
    "0.21946",
    "0.38023",
    "0.29832",
    "0.99915",
    "0.06272",
    "0.28013"
  ]
}