{
  "metodo": "multiplicativo",
  "X0": 57525,
  "k": 285,
  "g": 18,
  "iteraciones": 200,
  "numeros": [
    "0.42145",
    "0.01683",
    "0.46628",
    "0.45412",
    "0.66566",
    "0.01763",
    "0.27933",
    "0.27181",
    "0.08271",
    "0.98425",
    "0.99180",
    "0.25063",
    "0.68824",
    "0.61980",
    "0.24430",
    "0.21871",
    "0.74787",
    "0.87743",
    "0.92747",
    "0.25417",
    "0.77723",
    "0.96026",
    "0.18192",
    "0.68514",
    "0.54194",
    "0.32140",
    "0.39829",
    "0.08974",
    "0.05762",
    "0.66399",
    "0.21720",
    "0.29610",
    "0.58991",
    "0.94115",
    "0.52927",
    "0.38234",
    "0.65443",
    "0.35601",
    "0.47513",
    "0.67660",
    "0.01679",
    "0.36168",
    "0.44541",
    "0.75698",
    "0.69263",
    "0.66131",
    "0.08072",
    "0.45162",
    "0.94758",
    "0.20800",
    "0.27170",
    "0.83865",
    "0.29725",
    "0.20488",
    "0.15897",
    "0.24617",
    "0.50727",
    "0.10509",
    "0.13315",
    "0.25234",
    "0.59327",
    "0.61175",
    "0.83488",
    "0.68526",
    "0.82087",
    "0.67797",
    "0.15476",
    "0.62307",
    "0.70569",
    "0.50689",
    "0.23343",
    "0.39388",
    "0.01337",
    "0.55163",
    "0.46152",
    "0.57583",
    "0.75953",
    "0.51531",
    "0.47965",
    "0.99703",
    "0.20978",
    "0.35106",
    "0.17844",
    "0.73562",
    "0.87977",
    "0.26201",
    "0.69852",
    "0.11971",
    "0.53510",
    "0.70129",
    "0.43052",
    "0.72744",
    "0.19141",
    "0.37200",
    "0.01505",
    "0.38692",
    "0.11432",
    "0.22728",
    "0.34275",
    "0.17629",
    "0.81946",
    "0.47027",
    "0.55424",
    "0.42367",
    "0.07245",
    "0.55407",
    "0.04013",
    "0.70718",
    "0.88892",
    "0.18181",
    "0.44108",
    "0.85494",
    "0.53449",
    "0.30663",
    "0.64768",
    "0.94509",
    "0.52479",
    "0.13164",
    "0.80057",
    "0.30575",
    "0.62543",
    "0.10997",
    "0.29038",
    "0.51504",
    "0.85206",
    "0.94476",
    "0.75773",
    "0.40108",
    "0.47028",
    "0.58910",
    "0.09324",
    "0.04201",
    "0.99574",
    "0.24614",
    "0.43754",
    "0.76595",
    "0.19404",
    "0.36901",
    "0.18125",
    "0.15102",
    "0.08081",
    "0.66082",
    "0.96500",
    "0.02535",
    "0.92170",
    "0.07470",
    "0.67942",
    "0.46706",
    "0.23230",
    "0.81377",
    "0.46512",
    "0.80428",
    "0.77827",
    "0.33117",
    "0.71274",
    "0.61513",
    "0.57520",
    "0.33001",
    "0.06290",
    "0.72774",
    "0.88874",
    "0.76342",
    "0.40622",
    "0.22023",
    "0.23450",
    "0.83453",
    "0.88334",
    "0.42074",
    "0.37812",
    "0.99645",
    "0.88486",
    "0.90737",
    "0.33521",
    "0.95232",
    "0.05143",
    "0.50826",
    "0.37140",
    "0.65526",
    "0.27366",
    "0.30153",
    "0.00232",
    "0.30840",
    "0.69218",
    "0.61532",
    "0.99360",
    "0.36486",
    "0.69761",
    "0.02773",
    "0.36085",
    "0.52776",
    "0.93058",
    "0.36690",
    "0.36970",
    "0.75024",
    "0.28171",
    "0.71096",
    "0.53577",
    "0.23540",
    "0.89164",
    "0.38802"
  ]
}