{
  "metodo": "multiplicativo",
  "X0": 135325,
  "k": 132,
  "g": 18,
  "iteraciones": 200,
  "numeros": [
    "0.71357",
    "0.09334",
    "0.03568",
    "0.85528",
    "0.44593",
    "0.12819",
    "0.01267",
    "0.44140",
    "0.31989",
    "0.40230",
    "0.84220",
    "0.57146",
    "0.31983",
    "0.33754",
    "0.13364",
    "0.79235",
    "0.68012",
    "0.60580",
    "0.74638",
    "0.90093",
    "0.88514",
    "0.12893",
    "0.78977",
    "0.94408",
    "0.66926",
    "0.07882",
    "0.62321",
    "0.21868",
    "0.01685",
    "0.87734",
    "0.85606",
    "0.27160",
    "0.16230",
    "0.19637",
    "0.34769",
    "0.89971",
    "0.58997",
    "0.95779",
    "0.20749",
    "0.14989",
    "0.03424",
    "0.33346",
    "0.79484",
    "0.31902",
    "0.47950",
    "0.74526",
    "0.71909",
    "0.95397",
    "0.16010",
    "0.86507",
    "0.83964",
    "0.85162",
    "0.56043",
    "0.61477",
    "0.26584",
    "0.05883",
    "0.41486",
    "0.16622",
    "0.35709",
    "0.87249",
    "0.70777",
    "0.94131",
    "0.72275",
    "0.83947",
    "0.67353",
    "0.61190",
    "0.22220",
    "0.75664",
    "0.79652",
    "0.09987",
    "0.96482",
    "0.67089",
    "0.81110",
    "0.57711",
    "0.30997",
    "0.87908",
    "0.70167",
    "0.46547",
    "0.86704",
    "0.92809",
    "0.70258",
    "0.43685",
    "0.49540",
    "0.61480",
    "0.29822",
    "0.41311",
    "0.30442",
    "0.98608",
    "0.22297",
    "0.56612",
    "0.65348",
    "0.33880",
    "0.46119",
    "0.31777",
    "0.15195",
    "0.21984",
    "0.24726",
    "0.33993",
    "0.65922",
    "0.42608",
    "0.06556",
    "0.55446",
    "0.28464",
    "0.00438",
    "0.65046",
    "0.13326",
    "0.38761",
    "0.25164",
    "0.98634",
    "0.49819",
    "0.57749",
    "0.71471",
    "0.30756",
    "0.32113",
    "0.71366",
    "0.19048",
    "0.09851",
    "0.52395",
    "0.90549",
    "0.72582",
    "0.09357",
    "0.27852",
    "0.51237",
    "0.61761",
    "0.27710",
    "0.00673",
    "0.14365",
    "0.41271",
    "0.88349",
    "0.38045",
    "0.65873",
    "0.90801",
    "0.39710",
    "0.32155",
    "0.16697",
    "0.15038",
    "0.55231",
    "0.00191",
    "0.02774",
    "0.43670",
    "0.33350",
    "0.84341",
    "0.85044",
    "0.31383",
    "0.97504",
    "0.51790",
    "0.49442",
    "0.57867",
    "0.96131",
    "0.94729",
    "0.06907",
    "0.27807",
    "0.02668",
    "0.30343",
    "0.93375",
    "0.70891",
    "0.15552",
    "0.00820",
    "0.69785",
    "0.41808",
    "0.58222",
    "0.73348",
    "0.22074",
    "0.20244",
    "0.79114",
    "0.40114",
    "0.61179",
    "0.10888",
    "0.51667",
    "0.18306",
    "0.23038",
    "0.43426",
    "0.74317",
    "0.50112",
    "0.68589",
    "0.72546",
    "0.70502",
    "0.02718",
    "0.83768",
    "0.77935",
    "0.88660",
    "0.68313",
    "0.79514",
    "0.64281",
    "0.02228",
    "0.64083",
    "0.91764",
    "0.61272",
    "0.09644",
    "0.32216",
    "0.81455",
    "0.23595",
    "0.34345",
    "0.39901",
    "0.34525",
    "0.30938",
    "0.24769",
    "0.79323",
    "0.61912",
    "0.87987"
  ]
}