{
  "metodo": "multiplicativo",
  "X0": 55270,
  "k": 116,
  "g": 9,
  "iteraciones": 200,
  "numeros": [
    "0.62231",
    "0.48141",
    "0.27789",
    "0.76321",
    "0.68493",
    "0.79452",
    "0.84149",
    "0.57534",
    "0.74755",
    "0.10568",
    "0.40313",
    "0.38748",
    "0.81018",
    "0.41879",
    "0.96673",
    "0.19961",
    "0.87280",
    "0.73190",
    "0.52838",
    "0.01174",
    "0.93542",
    "0.04305",
    "0.09002",
    "0.82583",
    "0.99804",
    "0.35616",
    "0.65362",
    "0.63796",
    "0.05871",
    "0.66928",
    "0.21526",
    "0.45010",
    "0.12133",
    "0.98239",
    "0.77886",
    "0.26223",
    "0.18395",
    "0.29354",
    "0.34051",
    "0.07436",
    "0.24658",
    "0.60665",
    "0.90411",
    "0.88845",
    "0.30920",
    "0.91977",
    "0.46575",
    "0.70059",
    "0.37182",
    "0.23092",
    "0.02740",
    "0.51272",
    "0.43444",
    "0.54403",
    "0.59100",
    "0.32485",
    "0.49706",
    "0.85714",
    "0.15264",
    "0.13699",
    "0.55969",
    "0.16830",
    "0.71624",
    "0.95108",
    "0.62231",
    "0.48141",
    "0.27789",
    "0.76321",
    "0.68493",
    "0.79452",
    "0.84149",
    "0.57534",
    "0.74755",
    "0.10568",
    "0.40313",
    "0.38748",
    "0.81018",
    "0.41879",
    "0.96673",
    "0.19961",
    "0.87280",
    "0.73190",
    "0.52838",
    "0.01174",
    "0.93542",
    "0.04305",
    "0.09002",
    "0.82583",
    "0.99804",
    "0.35616",
    "0.65362",
    "0.63796",
    "0.05871",
    "0.66928",
    "0.21526",
    "0.45010",
    "0.12133",
    "0.98239",
    "0.77886",
    "0.26223",
    "0.18395",
    "0.29354",
    "0.34051",
    "0.07436",
    "0.24658",
    "0.60665",
    "0.90411",
    "0.88845",
    "0.30920",
    "0.91977",
    "0.46575",
    "0.70059",
    "0.37182",
    "0.23092",
    "0.02740",
    "0.51272",
    "0.43444",
    "0.54403",
    "0.59100",
    "0.32485",
    "0.49706",
    "0.85714",
    "0.15264",
    "0.13699",
    "0.55969",
    "0.16830",
    "0.71624",
    "0.95108",
    "0.62231",
    "0.48141",
    "0.27789",
    "0.76321",
    "0.68493",
    "0.79452",
    "0.84149",
    "0.57534",
    "0.74755",
    "0.10568",
    "0.40313",
    "0.38748",
    "0.81018",
    "0.41879",
    "0.96673",
    "0.19961",
    "0.87280",
    "0.73190",
    "0.52838",
    "0.01174",
    "0.93542",
    "0.04305",
    "0.09002",
    "0.82583",
    "0.99804",
    "0.35616",
    "0.65362",
    "0.63796",
    "0.05871",
    "0.66928",
    "0.21526",
    "0.45010",
    "0.12133",
    "0.98239",
    "0.77886",
    "0.26223",
    "0.18395",
    "0.29354",
    "0.34051",
    "0.07436",
    "0.24658",
    "0.60665",
    "0.90411",
    "0.88845",
    "0.30920",
    "0.91977",
    "0.46575",
    "0.70059",
    "0.37182",
    "0.23092",
    "0.02740",
    "0.51272",
    "0.43444",
    "0.54403",
    "0.59100",
    "0.32485",
    "0.49706",
    "0.85714",
    "0.15264",
    "0.13699",
    "0.55969",
    "0.16830",
    "0.71624",
    "0.95108",
    "0.62231",
    "0.48141",
    "0.27789",
    "0.76321",
    "0.68493",
    "0.79452",
    "0.84149",
    "0.57534"
  ]
}