{
  "metodo": "multiplicativo",
  "X0": 84284,
  "k": 97,
  "g": 19,
  "iteraciones": 200,
  "numeros": [
    "0.55276",
    "0.70342",
    "0.37301",
    "0.31982",
    "0.77676",
    "0.64666",
    "0.04134",
    "0.28942",
    "0.03786",
    "0.57232",
    "0.98116",
    "0.28832",
    "0.17983",
    "0.44915",
    "0.78622",
    "0.03527",
    "0.54641",
    "0.74590",
    "0.55026",
    "0.74902",
    "0.98135",
    "0.43133",
    "0.86703",
    "0.14831",
    "0.82839",
    "0.97418",
    "0.83029",
    "0.45190",
    "0.93130",
    "0.34319",
    "0.03378",
    "0.37853",
    "0.63381",
    "0.00713",
    "0.57125",
    "0.14697",
    "0.77969",
    "0.93475",
    "0.03646",
    "0.47595",
    "0.71267",
    "0.59478",
    "0.52316",
    "0.58422",
    "0.27651",
    "0.95599",
    "0.62509",
    "0.19054",
    "0.81497",
    "0.48711",
    "0.43600",
    "0.51367",
    "0.17178",
    "0.15691",
    "0.54965",
    "0.27233",
    "0.69070",
    "0.43414",
    "0.05978",
    "0.68530",
    "0.21548",
    "0.28753",
    "0.56014",
    "0.47131",
    "0.08987",
    "0.18584",
    "0.14449",
    "0.84912",
    "0.15762",
    "0.09783",
    "0.40658",
    "0.53747",
    "0.76248",
    "0.49224",
    "0.44015",
    "0.75512",
    "0.74819",
    "0.33782",
    "0.83895",
    "0.22082",
    "0.45852",
    "0.10333",
    "0.69674",
    "0.15331",
    "0.73721",
    "0.75750",
    "0.60726",
    "0.27136",
    "0.92800",
    "0.76910",
    "0.66427",
    "0.79370",
    "0.87466",
    "0.10687",
    "0.46151",
    "0.43908",
    "0.92092",
    "0.23956",
    "0.09274",
    "0.42626",
    "0.91055",
    "0.13592",
    "0.15170",
    "0.47399",
    "0.18728",
    "0.26470",
    "0.73214",
    "0.80102",
    "0.59487",
    "0.59466",
    "0.42782",
    "0.12609",
    "0.47707",
    "0.59454",
    "0.33248",
    "0.66796",
    "0.67764",
    "0.23309",
    "0.03988",
    "0.14538",
    "0.54031",
    "0.97906",
    "0.64376",
    "0.77709",
    "0.90884",
    "0.80120",
    "0.73788",
    "0.28185",
    "0.12698",
    "0.16827",
    "0.41598",
    "0.87841",
    "0.03848",
    "0.04900",
    "0.27181",
    "0.28552",
    "0.98709",
    "0.91216",
    "0.39913",
    "0.72192",
    "0.81655",
    "0.72650",
    "0.39169",
    "0.90637",
    "0.87063",
    "0.96075",
    "0.34322",
    "0.05761",
    "0.99307",
    "0.58367",
    "0.84750",
    "0.89440",
    "0.52761",
    "0.06402",
    "0.99825",
    "0.63549",
    "0.31802",
    "0.37054",
    "0.38924",
    "0.99963",
    "0.70803",
    "0.97198",
    "0.11422",
    "0.20556",
    "0.54141",
    "0.83709",
    "0.76693",
    "0.97204",
    "0.16189",
    "0.43462",
    "0.44112",
    "0.51782",
    "0.41323",
    "0.73333",
    "0.73055",
    "0.56164",
    "0.63918",
    "0.20196",
    "0.72897",
    "0.32226",
    "0.68350",
    "0.80926",
    "0.03011",
    "0.51843",
    "0.88992",
    "0.02398",
    "0.72775",
    "0.36889",
    "0.10220",
    "0.81487",
    "0.41561",
    "0.59240",
    "0.66409",
    "0.65069",
    "0.18746",
    "0.40771",
    "0.41934",
    "0.50018",
    "0.63705",
    "0.53356"
  ]
}