{
  "metodo": "multiplicativo",
  "X0": 124461,
  "k": 271,
  "g": 18,
  "iteraciones": 200,
  "numeros": [
    "0.69919",
    "0.34432",
    "0.20386",
    "0.99047",
    "0.28495",
    "0.18862",
    "0.86628",
    "0.41729",
    "0.76231",
    "0.48311",
    "0.80311",
    "0.14586",
    "0.95939",
    "0.74343",
    "0.46747",
    "0.81683",
    "0.95432",
    "0.73519",
    "0.56251",
    "0.32079",
    "0.07523",
    "0.47402",
    "0.04132",
    "0.79839",
    "0.90025",
    "0.22554",
    "0.10706",
    "0.64025",
    "0.25748",
    "0.50539",
    "0.21283",
    "0.48699",
    "0.22507",
    "0.07918",
    "0.06177",
    "0.22924",
    "0.13114",
    "0.96255",
    "0.60700",
    "0.00762",
    "0.55381",
    "0.42110",
    "0.05164",
    "0.21276",
    "0.32120",
    "0.97048",
    "0.84882",
    "0.48528",
    "0.51145",
    "0.37630",
    "0.70167",
    "0.71581",
    "0.45267",
    "0.65420",
    "0.56330",
    "0.04497",
    "0.72300",
    "0.06978",
    "0.63685",
    "0.86340",
    "0.15055",
    "0.13869",
    "0.37543",
    "0.81170",
    "0.81345",
    "0.62655",
    "0.48218",
    "0.78051",
    "0.03983",
    "0.54897",
    "0.91022",
    "0.91045",
    "0.40781",
    "0.17159",
    "0.86268",
    "0.59215",
    "0.74552",
    "0.01003",
    "0.79267",
    "0.46624",
    "0.13108",
    "0.82992",
    "0.40333",
    "0.42333",
    "0.89262",
    "0.64687",
    "0.64777",
    "0.60406",
    "0.60825",
    "0.72652",
    "0.72913",
    "0.39904",
    "0.10611",
    "0.58449",
    "0.10053",
    "0.44890",
    "0.46433",
    "0.98641",
    "0.46509",
    "0.64428",
    "0.01102",
    "0.94790",
    "0.77595",
    "0.12578",
    "0.32432",
    "0.73458",
    "0.23621",
    "0.28405",
    "0.23234",
    "0.86208",
    "0.29902",
    "0.75970",
    "0.81321",
    "0.09603",
    "0.66749",
    "0.44335",
    "0.39506",
    "0.45205",
    "0.29474",
    "0.47564",
    "0.55601",
    "0.19576",
    "0.38392",
    "0.24718",
    "0.12418",
    "0.84280",
    "0.38813",
    "0.39861",
    "0.17771",
    "0.15877",
    "0.01050",
    "0.82055",
    "0.04471",
    "0.15932",
    "0.20417",
    "0.65362",
    "0.30332",
    "0.11007",
    "0.17225",
    "0.28844",
    "0.78165",
    "0.52663",
    "0.36786",
    "0.36565",
    "0.55784",
    "0.17464",
    "0.49415",
    "0.77587",
    "0.96000",
    "0.06972",
    "0.50422",
    "0.65972",
    "0.56626",
    "0.47750",
    "0.60120",
    "0.40783",
    "0.20475",
    "0.91360",
    "0.23822",
    "0.66082",
    "0.95359",
    "0.14364",
    "0.11841",
    "0.30932",
    "0.14090",
    "0.18325",
    "0.19489",
    "0.49395",
    "0.34482",
    "0.29805",
    "0.67078",
    "0.60534",
    "0.39347",
    "0.00368",
    "0.99921",
    "0.28411",
    "0.36496",
    "0.06575",
    "0.88331",
    "0.42089",
    "0.58744",
    "0.49990",
    "0.27619",
    "0.15630",
    "0.63901",
    "0.57174",
    "0.38099",
    "0.88097",
    "0.34781",
    "0.79690",
    "0.65082",
    "0.23552",
    "0.79197",
    "0.94100",
    "0.78883",
    "0.11058",
    "0.29960",
    "0.01967",
    "0.74811",
    "0.64678"
  ]
}