{
  "metodo": "multiplicativo",
  "X0": 47456,
  "k": 190,
  "g": 16,
  "iteraciones": 200,
  "numeros": [
    "0.28467",
    "0.11865",
    "0.94484",
    "0.85695",
    "0.82374",
    "0.18897",
    "0.17139",
    "0.36475",
    "0.23780",
    "0.63429",
    "0.27295",
    "0.24756",
    "0.52686",
    "0.45460",
    "0.24952",
    "0.50538",
    "0.69093",
    "0.64991",
    "0.10108",
    "0.13819",
    "0.72999",
    "0.22022",
    "0.82765",
    "0.14600",
    "0.64405",
    "0.16553",
    "0.42921",
    "0.52882",
    "0.43311",
    "0.48585",
    "0.90578",
    "0.28663",
    "0.09717",
    "0.18116",
    "0.25733",
    "0.41944",
    "0.63624",
    "0.25147",
    "0.48389",
    "0.92726",
    "0.05029",
    "0.69679",
    "0.58546",
    "0.81007",
    "0.33936",
    "0.51710",
    "0.56202",
    "0.06787",
    "0.50343",
    "0.71241",
    "0.41358",
    "0.70069",
    "0.54249",
    "0.28272",
    "0.14014",
    "0.70851",
    "0.45655",
    "0.22803",
    "0.74171",
    "0.09131",
    "0.24561",
    "0.54835",
    "0.21827",
    "0.84913",
    "0.90968",
    "0.24366",
    "0.56983",
    "0.98195",
    "0.44874",
    "0.31397",
    "0.79640",
    "0.48975",
    "0.86281",
    "0.75929",
    "0.89796",
    "0.37256",
    "0.15186",
    "0.57960",
    "0.87453",
    "0.63038",
    "0.31592",
    "0.77491",
    "0.72609",
    "0.26319",
    "0.35499",
    "0.34522",
    "0.45264",
    "0.27100",
    "0.26905",
    "0.29053",
    "0.05420",
    "0.65382",
    "0.05811",
    "0.61085",
    "0.53077",
    "0.41163",
    "0.72218",
    "0.30616",
    "0.88234",
    "0.54444",
    "0.26123",
    "0.37647",
    "0.10889",
    "0.05225",
    "0.67530",
    "0.82179",
    "0.21045",
    "0.93507",
    "0.96437",
    "0.64210",
    "0.18701",
    "0.19287",
    "0.12842",
    "0.83742",
    "0.03857",
    "0.82570",
    "0.16748",
    "0.40772",
    "0.76515",
    "0.83351",
    "0.08154",
    "0.35303",
    "0.36670",
    "0.21631",
    "0.87062",
    "0.67335",
    "0.84327",
    "0.97414",
    "0.53468",
    "0.36866",
    "0.19483",
    "0.10694",
    "0.07373",
    "0.43897",
    "0.42139",
    "0.61476",
    "0.48780",
    "0.88429",
    "0.52296",
    "0.49757",
    "0.77687",
    "0.70460",
    "0.49952",
    "0.75538",
    "0.94093",
    "0.89992",
    "0.35108",
    "0.38819",
    "0.98000",
    "0.47022",
    "0.07764",
    "0.39600",
    "0.89406",
    "0.41553",
    "0.67921",
    "0.77882",
    "0.68312",
    "0.73585",
    "0.15576",
    "0.53663",
    "0.34717",
    "0.43116",
    "0.50733",
    "0.66944",
    "0.88624",
    "0.50147",
    "0.73390",
    "0.17725",
    "0.30030",
    "0.94679",
    "0.83546",
    "0.06006",
    "0.58936",
    "0.76710",
    "0.81202",
    "0.31788",
    "0.75343",
    "0.96242",
    "0.66358",
    "0.95070",
    "0.79249",
    "0.53272",
    "0.39014",
    "0.95851",
    "0.70655",
    "0.47803",
    "0.99171",
    "0.34131",
    "0.49561",
    "0.79835",
    "0.46827",
    "0.09912",
    "0.15967",
    "0.49366",
    "0.81984",
    "0.23194",
    "0.69874",
    "0.56397",
    "0.04639",
    "0.73976"
  ]
}