{
  "metodo": "multiplicativo",
  "X0": 61503,
  "k": 248,
  "g": 13,
  "iteraciones": 200,
  "numeros": [
    "0.79636",
    "0.77048",
    "0.29728",
    "0.21279",
    "0.19668",
    "0.14736",
    "0.05701",
    "0.38664",
    "0.94091",
    "0.24307",
    "0.41057",
    "0.52924",
    "0.52875",
    "0.55756",
    "0.85789",
    "0.14052",
    "0.46038",
    "0.59077",
    "0.89891",
    "0.72067",
    "0.23575",
    "0.84275",
    "0.03357",
    "0.76950",
    "0.35490",
    "0.81345",
    "0.76218",
    "0.78708",
    "0.31779",
    "0.00281",
    "0.58442",
    "0.27335",
    "0.62447",
    "0.91112",
    "0.00037",
    "0.72848",
    "0.77487",
    "0.03797",
    "0.51019",
    "0.65230",
    "0.26895",
    "0.88377",
    "0.61372",
    "0.54487",
    "0.60689",
    "0.94824",
    "0.81101",
    "0.90624",
    "0.28849",
    "0.73141",
    "0.60200",
    "0.23623",
    "0.81394",
    "0.73337",
    "0.48675",
    "0.03504",
    "0.68307",
    "0.45403",
    "0.96533",
    "0.80271",
    "0.39592",
    "0.39348",
    "0.53754",
    "0.03895",
    "0.45257",
    "0.05164",
    "0.70358",
    "0.24405",
    "0.35295",
    "0.92870",
    "0.96337",
    "0.91796",
    "0.59712",
    "0.52436",
    "0.81687",
    "0.56049",
    "0.68502",
    "0.33879",
    "0.76413",
    "0.67183",
    "0.11659",
    "0.87205",
    "0.30509",
    "0.75192",
    "0.39202",
    "0.62398",
    "0.93993",
    "0.30070",
    "0.01111",
    "0.09462",
    "0.16836",
    "0.81834",
    "0.47406",
    "0.78415",
    "0.49066",
    "0.80466",
    "0.28067",
    "0.19228",
    "0.40667",
    "0.75974",
    "0.93114",
    "0.81931",
    "0.41643",
    "0.18349",
    "0.92528",
    "0.16494",
    "0.01990",
    "0.57612",
    "0.76315",
    "0.72946",
    "0.71725",
    "0.43743",
    "0.94482",
    "0.01257",
    "0.00818",
    "0.26749",
    "0.97021",
    "0.51459",
    "0.39299",
    "0.56635",
    "0.33927",
    "0.73532",
    "0.37151",
    "0.83396",
    "0.55219",
    "0.17470",
    "0.44378",
    "0.57026",
    "0.10878",
    "0.33293",
    "0.10975",
    "0.27530",
    "0.50922",
    "0.70993",
    "0.86961",
    "0.44915",
    "0.25333",
    "0.80564",
    "0.22305",
    "0.59175",
    "0.84129",
    "0.12001",
    "0.67037",
    "0.20303",
    "0.77292",
    "0.15322",
    "0.71139",
    "0.78318",
    "0.54828",
    "0.40520",
    "0.84617",
    "0.83201",
    "0.66744",
    "0.37590",
    "0.57466",
    "0.84959",
    "0.63033",
    "0.56538",
    "0.39690",
    "0.33586",
    "0.93700",
    "0.47357",
    "0.81297",
    "0.79099",
    "0.08729",
    "0.60054",
    "0.32267",
    "0.71481",
    "0.58149",
    "0.44622",
    "0.42620",
    "0.60737",
    "0.91942",
    "0.51068",
    "0.62349",
    "0.96875",
    "0.60103",
    "0.29386",
    "0.41448",
    "0.29874",
    "0.12636",
    "0.29581",
    "0.29923",
    "0.09755",
    "0.99560",
    "0.01648",
    "0.77780",
    "0.86522",
    "0.70846",
    "0.95605",
    "0.35002",
    "0.10145",
    "0.76511",
    "0.61421",
    "0.51605",
    "0.30656",
    "0.66549",
    "0.49115",
    "0.77585",
    "0.98047"
  ]
}