{
  "metodo": "multiplicativo",
  "X0": 33109,
  "k": 128,
  "g": 14,
  "iteraciones": 200,
  "numeros": [
    "0.41659",
    "0.64536",
    "0.03913",
    "0.25813",
    "0.60313",
    "0.57798",
    "0.70225",
    "0.57358",
    "0.18025",
    "0.46371",
    "0.13093",
    "0.71715",
    "0.89807",
    "0.05255",
    "0.07526",
    "0.43881",
    "0.50644",
    "0.09455",
    "0.28523",
    "0.48862",
    "0.75548",
    "0.33968",
    "0.51083",
    "0.61655",
    "0.39510",
    "0.53794",
    "0.50204",
    "0.57261",
    "0.17536",
    "0.43930",
    "0.00885",
    "0.10676",
    "0.84630",
    "0.79381",
    "0.78136",
    "0.96911",
    "0.15779",
    "0.35140",
    "0.56943",
    "0.90954",
    "0.85998",
    "0.86217",
    "0.12312",
    "0.67808",
    "0.70274",
    "0.07599",
    "0.19246",
    "0.02472",
    "0.43612",
    "0.74303",
    "0.52744",
    "0.69957",
    "0.81017",
    "0.61314",
    "0.87804",
    "0.45248",
    "0.57480",
    "0.43637",
    "0.99426",
    "0.03351",
    "0.48007",
    "0.96277",
    "0.62608",
    "0.19270",
    "0.27596",
    "0.94226",
    "0.52353",
    "0.68003",
    "0.71251",
    "0.12482",
    "0.43661",
    "0.24544",
    "0.53964",
    "0.26057",
    "0.11530",
    "0.63902",
    "0.50742",
    "0.09943",
    "0.30965",
    "0.61069",
    "0.36581",
    "0.39144",
    "0.76964",
    "0.91052",
    "0.86486",
    "0.88659",
    "0.24519",
    "0.28841",
    "0.75450",
    "0.33480",
    "0.48642",
    "0.49448",
    "0.78478",
    "0.48617",
    "0.24324",
    "0.27864",
    "0.70567",
    "0.09064",
    "0.26570",
    "0.39095",
    "0.26717",
    "0.89831",
    "0.30379",
    "0.58140",
    "0.21931",
    "0.65904",
    "0.10749",
    "0.59995",
    "0.31209",
    "0.12287",
    "0.42684",
    "0.19661",
    "0.29549",
    "0.03986",
    "0.01178",
    "0.12141",
    "0.91955",
    "0.15998",
    "0.61240",
    "0.12434",
    "0.93420",
    "0.23323",
    "0.97864",
    "0.95544",
    "0.08942",
    "0.00958",
    "0.86047",
    "0.36459",
    "0.13532",
    "0.23909",
    "0.00787",
    "0.10187",
    "0.82189",
    "0.67173",
    "0.17097",
    "0.91735",
    "0.89904",
    "0.05744",
    "0.09968",
    "0.56089",
    "0.11677",
    "0.14631",
    "0.54404",
    "0.78258",
    "0.22517",
    "0.68834",
    "0.25398",
    "0.33236",
    "0.97424",
    "0.43344",
    "0.97961",
    "0.96032",
    "0.11384",
    "0.13166",
    "0.47079",
    "0.41635",
    "0.39413",
    "0.53305",
    "0.47763",
    "0.45053",
    "0.56504",
    "0.38754",
    "0.75011",
    "0.81285",
    "0.37655",
    "0.44516",
    "0.03815",
    "0.25325",
    "0.57871",
    "0.45590",
    "0.09186",
    "0.52182",
    "0.92150",
    "0.16975",
    "0.66123",
    "0.36849",
    "0.15486",
    "0.33675",
    "0.49619",
    "0.54331",
    "0.02887",
    "0.70689",
    "0.34676",
    "0.79625",
    "0.29354",
    "0.03009",
    "0.96301",
    "0.87731",
    "0.69883",
    "0.05646",
    "0.09479",
    "0.53647",
    "0.99475",
    "0.53598",
    "0.49228",
    "0.52377",
    "0.93127",
    "0.21858",
    "0.90539",
    "0.58921"
  ]
}