{
  "metodo": "multiplicativo",
  "X0": 157753,
  "k": 189,
  "g": 12,
  "iteraciones": 200,
  "numeros": [
    "0.61074",
    "0.27375",
    "0.17509",
    "0.54921",
    "0.94286",
    "0.96532",
    "0.03834",
    "0.14676",
    "0.58730",
    "0.71917",
    "0.71429",
    "0.30696",
    "0.54432",
    "0.53553",
    "0.20244",
    "0.02955",
    "0.81392",
    "0.41441",
    "0.50330",
    "0.31477",
    "0.39585",
    "0.35580",
    "0.61661",
    "0.16239",
    "0.29035",
    "0.35971",
    "0.54237",
    "0.57265",
    "0.49744",
    "0.42613",
    "0.28059",
    "0.54530",
    "0.01685",
    "0.55507",
    "0.83150",
    "0.08034",
    "0.84908",
    "0.74652",
    "0.19463",
    "0.17802",
    "0.99365",
    "0.00024",
    "0.37045",
    "0.83834",
    "0.45055",
    "0.31673",
    "0.35873",
    "0.06081",
    "0.22002",
    "0.69573",
    "0.15946",
    "0.84615",
    "0.30208",
    "0.13700",
    "0.77289",
    "0.19365",
    "0.69670",
    "0.64103",
    "0.19853",
    "0.10379",
    "0.40366",
    "0.20733",
    "0.43687",
    "0.57656",
    "0.42320",
    "0.83639",
    "0.48767",
    "0.61172",
    "0.75531",
    "0.52772",
    "0.35092",
    "0.20928",
    "0.39976",
    "0.28156",
    "0.02662",
    "0.36947",
    "0.35678",
    "0.09792",
    "0.51502",
    "0.09206",
    "0.62637",
    "0.97705",
    "0.81587",
    "0.37729",
    "0.20830",
    "0.91844",
    "0.92918",
    "0.22491",
    "0.10281",
    "0.92234",
    "0.85495",
    "0.63516",
    "0.30989",
    "0.98877",
    "0.59316",
    "0.60781",
    "0.82955",
    "0.11746",
    "0.14383",
    "0.14286",
    "0.66154",
    "0.30891",
    "0.50720",
    "0.24054",
    "0.80611",
    "0.56288",
    "0.68303",
    "0.90085",
    "0.26300",
    "0.87937",
    "0.67131",
    "0.12332",
    "0.03248",
    "0.25812",
    "0.47204",
    "0.90867",
    "0.11453",
    "0.69963",
    "0.08523",
    "0.25617",
    "0.50916",
    "0.20342",
    "0.51111",
    "0.16630",
    "0.21612",
    "0.76996",
    "0.74945",
    "0.63907",
    "0.23565",
    "0.39878",
    "0.80024",
    "0.67424",
    "0.56777",
    "0.09011",
    "0.66349",
    "0.27179",
    "0.21221",
    "0.84420",
    "0.33919",
    "0.43199",
    "0.16923",
    "0.66056",
    "0.82759",
    "0.15458",
    "0.43883",
    "0.53944",
    "0.12821",
    "0.43980",
    "0.02076",
    "0.48083",
    "0.24151",
    "0.28742",
    "0.91551",
    "0.48474",
    "0.16728",
    "0.69768",
    "0.12234",
    "0.55116",
    "0.90574",
    "0.67033",
    "0.64200",
    "0.68010",
    "0.45641",
    "0.20537",
    "0.47399",
    "0.87155",
    "0.81978",
    "0.30305",
    "0.61856",
    "0.12527",
    "0.99560",
    "0.96337",
    "0.07546",
    "0.44176",
    "0.98388",
    "0.18584",
    "0.84518",
    "0.82076",
    "0.78462",
    "0.97118",
    "0.92723",
    "0.26203",
    "0.39780",
    "0.31868",
    "0.32161",
    "0.76606",
    "0.82369",
    "0.22882",
    "0.02857",
    "0.33236",
    "0.06178",
    "0.70159",
    "0.04811",
    "0.96142",
    "0.11258",
    "0.73675",
    "0.38022",
    "0.65275",
    "0.97607",
    "0.33431"
  ]
}