{
  "metodo": "multiplicativo",
  "X0": 82022,
  "k": 197,
  "g": 17,
  "iteraciones": 200,
  "numeros": [
    "0.35533",
    "0.77898",
    "0.56176",
    "0.13042",
    "0.18907",
    "0.92229",
    "0.13573",
    "0.58428",
    "0.73766",
    "0.23357",
    "0.26830",
    "0.17485",
    "0.43859",
    "0.40032",
    "0.89696",
    "0.08965",
    "0.72936",
    "0.11003",
    "0.95922",
    "0.51616",
    "0.04747",
    "0.05022",
    "0.39257",
    "0.64190",
    "0.83044",
    "0.90838",
    "0.13451",
    "0.65435",
    "0.51574",
    "0.37200",
    "0.12254",
    "0.74102",
    "0.54088",
    "0.12859",
    "0.29418",
    "0.08940",
    "0.34337",
    "0.86565",
    "0.58690",
    "0.88702",
    "0.36071",
    "0.27068",
    "0.93822",
    "0.32134",
    "0.03038",
    "0.03117",
    "0.28563",
    "0.57988",
    "0.78991",
    "0.83465",
    "0.56664",
    "0.85015",
    "0.07677",
    "0.36858",
    "0.71874",
    "0.31963",
    "0.32848",
    "0.32048",
    "0.67943",
    "0.17583",
    "0.98254",
    "0.37786",
    "0.38622",
    "0.60625",
    "0.47643",
    "0.22820",
    "0.77660",
    "0.79839",
    "0.24767",
    "0.55901",
    "0.78808",
    "0.93975",
    "0.73375",
    "0.05779",
    "0.35814",
    "0.21782",
    "0.37218",
    "0.41204",
    "0.42430",
    "0.82012",
    "0.60045",
    "0.30925",
    "0.92406",
    "0.93413",
    "0.85607",
    "0.43694",
    "0.79491",
    "0.74737",
    "0.57653",
    "0.48259",
    "0.97436",
    "0.44731",
    "0.19933",
    "0.13371",
    "0.39989",
    "0.22148",
    "0.16197",
    "0.07781",
    "0.00902",
    "0.25737",
    "0.90197",
    "0.00237",
    "0.73925",
    "0.74248",
    "0.85680",
    "0.59490",
    "0.52806",
    "0.86431",
    "0.46398",
    "0.54290",
    "0.31298",
    "0.81035",
    "0.16100",
    "0.53386",
    "0.03148",
    "0.76812",
    "0.38536",
    "0.25530",
    "0.62108",
    "0.92510",
    "0.57457",
    "0.39470",
    "0.01927",
    "0.46880",
    "0.16612",
    "0.63958",
    "0.16356",
    "0.58672",
    "0.59752",
    "0.67742",
    "0.99145",
    "0.46636",
    "0.30626",
    "0.19573",
    "0.44042",
    "0.29521",
    "0.72985",
    "0.88201",
    "0.44799",
    "0.26079",
    "0.30577",
    "0.42376",
    "0.95165",
    "0.55059",
    "0.47155",
    "0.50847",
    "0.88891",
    "0.35210",
    "0.66466",
    "0.82366",
    "0.19725",
    "0.85284",
    "0.32262",
    "0.05681",
    "0.81420",
    "0.24028",
    "0.88293",
    "0.89544",
    "0.67724",
    "0.70196",
    "0.78307",
    "0.02702",
    "0.72387",
    "0.42534",
    "0.46056",
    "0.13908",
    "0.89159",
    "0.59795",
    "0.35289",
    "0.91912",
    "0.11791",
    "0.40728",
    "0.89757",
    "0.05461",
    "0.34032",
    "0.04082",
    "0.53209",
    "0.23308",
    "0.49633",
    "0.68609",
    "0.69396",
    "0.14201",
    "0.52343",
    "0.53057",
    "0.82067",
    "0.46892",
    "0.35912",
    "0.76177",
    "0.34972",
    "0.90130",
    "0.94091",
    "0.56719",
    "0.71862",
    "0.12663",
    "0.20629",
    "0.13432",
    "0.36486",
    "0.83245",
    "0.09276",
    "0.65069"
  ]
}