{
  "metodo": "multiplicativo",
  "X0": 42562,
  "k": 44,
  "g": 13,
  "iteraciones": 200,
  "numeros": [
    "0.81382",
    "0.49835",
    "0.89000",
    "0.69173",
    "0.91930",
    "0.15065",
    "0.77671",
    "0.25027",
    "0.33720",
    "0.36552",
    "0.47589",
    "0.87144",
    "0.06764",
    "0.14284",
    "0.98767",
    "0.55500",
    "0.11061",
    "0.48272",
    "0.31181",
    "0.30106",
    "0.46612",
    "0.38506",
    "0.44854",
    "0.10963",
    "0.13405",
    "0.84996",
    "0.39775",
    "0.98083",
    "0.11452",
    "0.87730",
    "0.15944",
    "0.91442",
    "0.40752",
    "0.46710",
    "0.73373",
    "0.91051",
    "0.01294",
    "0.61946",
    "0.12038",
    "0.96911",
    "0.93102",
    "0.33427",
    "0.31962",
    "0.09010",
    "0.16140",
    "0.61165",
    "0.33134",
    "0.27372",
    "0.70443",
    "0.45147",
    "0.15554",
    "0.51984",
    "0.55988",
    "0.85386",
    "0.79233",
    "0.82847",
    "0.72787",
    "0.81870",
    "0.24148",
    "0.19949",
    "0.20828",
    "0.34599",
    "0.50324",
    "0.63313",
    "0.00122",
    "0.43584",
    "0.57746",
    "0.12917",
    "0.10670",
    "0.08815",
    "0.46417",
    "0.68783",
    "0.52472",
    "0.30302",
    "0.16335",
    "0.30888",
    "0.25516",
    "0.08033",
    "0.67513",
    "0.99255",
    "0.29813",
    "0.42022",
    "0.99939",
    "0.73862",
    "0.65364",
    "0.32255",
    "0.13600",
    "0.54719",
    "0.32157",
    "0.78745",
    "0.08522",
    "0.41826",
    "0.30204",
    "0.81480",
    "0.84703",
    "0.35185",
    "0.59504",
    "0.40459",
    "0.42119",
    "0.34794",
    "0.20046",
    "0.55695",
    "0.80796",
    "0.40654",
    "0.11842",
    "0.27176",
    "0.00708",
    "0.52765",
    "0.34892",
    "0.54914",
    "0.01880",
    "0.71127",
    "0.89195",
    "0.38896",
    "0.84312",
    "0.95739",
    "0.74741",
    "0.79136",
    "0.47979",
    "0.26590",
    "0.91539",
    "0.75620",
    "0.92907",
    "0.63704",
    "0.39580",
    "0.28348",
    "0.19070",
    "0.07057",
    "0.18874",
    "0.37334",
    "0.26492",
    "0.56672",
    "0.29423",
    "0.02564",
    "0.15163",
    "0.12526",
    "0.71225",
    "0.24051",
    "0.85093",
    "0.74643",
    "0.44268",
    "0.01782",
    "0.36259",
    "0.42998",
    "0.48565",
    "0.35771",
    "0.68685",
    "0.17605",
    "0.84117",
    "0.26004",
    "0.82359",
    "0.98474",
    "0.50910",
    "0.72494",
    "0.77280",
    "0.85582",
    "0.48956",
    "0.75229",
    "0.53449",
    "0.78940",
    "0.78257",
    "0.34208",
    "0.10866",
    "0.78550",
    "0.38799",
    "0.49445",
    "0.49542",
    "0.84410",
    "0.30595",
    "0.20925",
    "0.69466",
    "0.96521",
    "0.53644",
    "0.48663",
    "0.70639",
    "0.14870",
    "0.07936",
    "0.32646",
    "0.53058",
    "0.39482",
    "0.93493",
    "0.72885",
    "0.16726",
    "0.70346",
    "0.10280",
    "0.69369",
    "0.61653",
    "0.07447",
    "0.58332",
    "0.22097",
    "0.87828",
    "0.50812",
    "0.37627",
    "0.31083",
    "0.95251",
    "0.00415",
    "0.48175",
    "0.96325",
    "0.83921",
    "0.56281"
  ]
}