{
  "metodo": "multiplicativo",
  "X0": 91314,
  "k": 120,
  "g": 17,
  "iteraciones": 200,
  "numeros": [
    "0.28707",
    "0.01637",
    "0.79964",
    "0.64956",
    "0.81710",
    "0.49465",
    "0.33162",
    "0.01259",
    "0.14790",
    "0.72683",
    "0.38314",
    "0.72329",
    "0.96700",
    "0.15041",
    "0.14168",
    "0.71914",
    "0.96188",
    "0.20290",
    "0.79476",
    "0.93764",
    "0.82003",
    "0.32180",
    "0.52987",
    "0.31630",
    "0.22896",
    "0.94460",
    "0.53450",
    "0.79262",
    "0.87618",
    "0.50881",
    "0.99618",
    "0.30409",
    "0.44918",
    "0.45192",
    "0.10237",
    "0.78823",
    "0.63546",
    "0.21144",
    "0.04060",
    "0.18251",
    "0.12251",
    "0.22487",
    "0.99837",
    "0.42446",
    "0.59786",
    "0.92971",
    "0.16316",
    "0.45156",
    "0.74898",
    "0.76345",
    "0.72249",
    "0.20131",
    "0.26338",
    "0.16359",
    "0.86385",
    "0.61123",
    "0.82857",
    "0.56765",
    "0.77474",
    "0.61879",
    "0.13204",
    "0.41310",
    "0.64266",
    "0.16152",
    "0.86129",
    "0.13747",
    "0.65511",
    "0.17690",
    "0.70382",
    "0.17824",
    "0.99960",
    "0.60244",
    "0.34712",
    "0.97292",
    "0.86361",
    "0.37563",
    "0.47872",
    "0.95901",
    "0.43465",
    "0.43398",
    "0.78609",
    "0.57399",
    "0.90023",
    "0.71499",
    "0.95675",
    "0.25539",
    "0.44783",
    "0.15614",
    "0.67818",
    "0.44069",
    "0.26497",
    "0.69497",
    "0.63790",
    "0.56740",
    "0.53914",
    "0.26894",
    "0.52340",
    "0.07301",
    "0.45784",
    "0.81557",
    "0.02217",
    "0.39504",
    "0.20857",
    "0.27236",
    "0.82174",
    "0.97097",
    "0.97884",
    "0.57680",
    "0.60958",
    "0.23830",
    "0.95614",
    "0.66640",
    "0.07320",
    "0.63454",
    "0.32796",
    "0.47866",
    "0.90011",
    "0.59719",
    "0.28182",
    "0.95107",
    "0.77779",
    "0.56374",
    "0.00520",
    "0.02113",
    "0.39376",
    "0.97170",
    "0.68563",
    "0.62636",
    "0.43550",
    "0.25856",
    "0.51058",
    "0.70424",
    "0.59053",
    "0.86184",
    "0.66756",
    "0.19228",
    "0.54635",
    "0.21901",
    "0.34407",
    "0.02797",
    "0.99044",
    "0.76760",
    "0.72762",
    "0.14882",
    "0.61031",
    "0.94509",
    "0.00569",
    "0.49233",
    "0.09346",
    "0.18898",
    "0.36580",
    "0.99599",
    "0.12740",
    "0.93679",
    "0.99545",
    "0.59731",
    "0.39962",
    "0.62600",
    "0.08211",
    "0.23378",
    "0.59762",
    "0.69411",
    "0.81331",
    "0.84292",
    "0.40889",
    "0.57863",
    "0.37654",
    "0.36220",
    "0.52095",
    "0.71706",
    "0.95931",
    "0.72915",
    "0.62130",
    "0.54689",
    "0.74911",
    "0.88125",
    "0.39742",
    "0.50563",
    "0.93343",
    "0.75600",
    "0.53682",
    "0.03078",
    "0.69979",
    "0.29091",
    "0.72701",
    "0.55983",
    "0.23567",
    "0.42348",
    "0.65548",
    "0.53029",
    "0.72860",
    "0.09120",
    "0.00972",
    "0.37966",
    "0.36605",
    "0.23158",
    "0.47725",
    "0.54543",
    "0.33553",
    "0.78213"
  ]
}