{
  "metodo": "multiplicativo",
  "X0": 195228,
  "k": 68,
  "g": 13,
  "iteraciones": 200,
  "numeros": [
    "0.51715",
    "0.88243",
    "0.39604",
    "0.40190",
    "0.61873",
    "0.64021",
    "0.43511",
    "0.84727",
    "0.09523",
    "0.27298",
    "0.84922",
    "0.16750",
    "0.94689",
    "0.78086",
    "0.63826",
    "0.36284",
    "0.17336",
    "0.16359",
    "0.80234",
    "0.43316",
    "0.77500",
    "0.42144",
    "0.34135",
    "0.37846",
    "0.75156",
    "0.55427",
    "0.25540",
    "0.19875",
    "0.10304",
    "0.56208",
    "0.54450",
    "0.89415",
    "0.82969",
    "0.44488",
    "0.20852",
    "0.46441",
    "0.93127",
    "0.20266",
    "0.24759",
    "0.90978",
    "0.40776",
    "0.83555",
    "0.66170",
    "0.23001",
    "0.25931",
    "0.34330",
    "0.45074",
    "0.42534",
    "0.48590",
    "0.72616",
    "0.61482",
    "0.49567",
    "0.08741",
    "0.98401",
    "0.15383",
    "0.44097",
    "0.06397",
    "0.11671",
    "0.06788",
    "0.26126",
    "0.41558",
    "0.12453",
    "0.35698",
    "0.95666",
    "0.14211",
    "0.00733",
    "0.02100",
    "0.52692",
    "0.24368",
    "0.76523",
    "0.06007",
    "0.97229",
    "0.72030",
    "0.39800",
    "0.47418",
    "0.29252",
    "0.57185",
    "0.90587",
    "0.26322",
    "0.48785",
    "0.79844",
    "0.28861",
    "0.42730",
    "0.55817",
    "0.39995",
    "0.54645",
    "0.96643",
    "0.50348",
    "0.37651",
    "0.67928",
    "0.88048",
    "0.32377",
    "0.72812",
    "0.68710",
    "0.16945",
    "0.01905",
    "0.45465",
    "0.56989",
    "0.83360",
    "0.58943",
    "0.55622",
    "0.32768",
    "0.87267",
    "0.03467",
    "0.03272",
    "0.96057",
    "0.28666",
    "0.35502",
    "0.88439",
    "0.46832",
    "0.07569",
    "0.55036",
    "0.11085",
    "0.85118",
    "0.23978",
    "0.62068",
    "0.71249",
    "0.10890",
    "0.77890",
    "0.56599",
    "0.68905",
    "0.24173",
    "0.69296",
    "0.38628",
    "0.04053",
    "0.24954",
    "0.98205",
    "0.08155",
    "0.76718",
    "0.13234",
    "0.64607",
    "0.65194",
    "0.86876",
    "0.89025",
    "0.68514",
    "0.09718",
    "0.34526",
    "0.52301",
    "0.09913",
    "0.41753",
    "0.19680",
    "0.03077",
    "0.88829",
    "0.61287",
    "0.42339",
    "0.41362",
    "0.05225",
    "0.68319",
    "0.02491",
    "0.67147",
    "0.59138",
    "0.62849",
    "0.00147",
    "0.80430",
    "0.50543",
    "0.44879",
    "0.35307",
    "0.81211",
    "0.79453",
    "0.14406",
    "0.07960",
    "0.69491",
    "0.45855",
    "0.71444",
    "0.18117",
    "0.45269",
    "0.49762",
    "0.15969",
    "0.65780",
    "0.08546",
    "0.91173",
    "0.48004",
    "0.50934",
    "0.59333",
    "0.70077",
    "0.67538",
    "0.73593",
    "0.97619",
    "0.86485",
    "0.74570",
    "0.33744",
    "0.23392",
    "0.40386",
    "0.69100",
    "0.31400",
    "0.36674",
    "0.31791",
    "0.51129",
    "0.66561",
    "0.37456",
    "0.60701",
    "0.20657",
    "0.39214",
    "0.25736",
    "0.27103",
    "0.77695",
    "0.49371",
    "0.01514",
    "0.31010",
    "0.22220"
  ]
}