{
  "metodo": "multiplicativo",
  "X0": 7943,
  "k": 200,
  "g": 18,
  "iteraciones": 200,
  "numeros": [
    "0.63173",
    "0.91913",
    "0.19499",
    "0.95615",
    "0.60860",
    "0.79175",
    "0.74950",
    "0.93570",
    "0.79152",
    "0.38214",
    "0.33037",
    "0.23459",
    "0.50862",
    "0.33093",
    "0.14073",
    "0.86844",
    "0.83803",
    "0.02874",
    "0.13371",
    "0.60287",
    "0.60786",
    "0.61621",
    "0.01243",
    "0.95352",
    "0.39625",
    "0.98395",
    "0.23002",
    "0.18600",
    "0.53132",
    "0.77258",
    "0.98961",
    "0.31595",
    "0.09120",
    "0.37274",
    "0.24431",
    "0.10897",
    "0.90401",
    "0.92505",
    "0.69725",
    "0.08072",
    "0.54787",
    "0.32013",
    "0.80156",
    "0.49679",
    "0.35090",
    "0.19861",
    "0.76036",
    "0.37283",
    "0.39125",
    "0.95111",
    "0.52678",
    "0.47445",
    "0.49702",
    "0.71826",
    "0.80394",
    "0.31729",
    "0.24635",
    "0.39068",
    "0.04496",
    "0.16696",
    "0.96736",
    "0.60901",
    "0.45299",
    "0.03909",
    "0.73817",
    "0.76385",
    "0.98112",
    "0.69931",
    "0.38691",
    "0.99585",
    "0.33250",
    "0.66324",
    "0.49171",
    "0.19561",
    "0.96025",
    "0.19650",
    "0.38069",
    "0.00378",
    "0.06749",
    "0.31473",
    "0.13197",
    "0.81097",
    "0.60734",
    "0.78354",
    "0.57368",
    "0.75781",
    "0.28294",
    "0.11856",
    "0.28395",
    "0.73492",
    "0.54741",
    "0.58542",
    "0.59090",
    "0.38293",
    "0.60387",
    "0.19973",
    "0.57265",
    "0.09246",
    "0.40544",
    "0.72714",
    "0.05732",
    "0.00415",
    "0.65526",
    "0.68326",
    "0.62306",
    "0.00860",
    "0.80644",
    "0.33371",
    "0.59798",
    "0.74646",
    "0.06211",
    "0.69412",
    "0.06019",
    "0.60834",
    "0.37541",
    "0.53012",
    "0.83784",
    "0.73486",
    "0.44945",
    "0.35733",
    "0.50905",
    "0.01666",
    "0.73735",
    "0.44137",
    "0.40193",
    "0.09436",
    "0.44224",
    "0.79788",
    "0.59462",
    "0.35858",
    "0.51726",
    "0.19247",
    "0.91524",
    "0.94995",
    "0.66551",
    "0.14077",
    "0.94191",
    "0.75909",
    "0.34013",
    "0.90842",
    "0.00276",
    "0.42663",
    "0.74425",
    "0.51101",
    "0.17592",
    "0.34320",
    "0.83098",
    "0.71420",
    "0.28950",
    "0.64941",
    "0.30345",
    "0.03360",
    "0.92165",
    "0.23590",
    "0.61479",
    "0.73483",
    "0.40046",
    "0.74329",
    "0.96812",
    "0.83353",
    "0.80409",
    "0.56219",
    "0.31657",
    "0.09530",
    "0.96065",
    "0.83325",
    "0.36326",
    "0.03579",
    "0.44826",
    "0.44708",
    "0.56132",
    "0.92062",
    "0.59505",
    "0.04431",
    "0.11387",
    "0.76541",
    "0.47914",
    "0.01556",
    "0.97404",
    "0.33578",
    "0.92866",
    "0.50146",
    "0.84495",
    "0.14737",
    "0.52174",
    "0.39264",
    "0.17973",
    "0.46579",
    "0.58650",
    "0.32971",
    "0.18150",
    "0.30667",
    "0.20106",
    "0.70331",
    "0.80339",
    "0.43564",
    "0.19355",
    "0.65405",
    "0.74852",
    "0.36831"
  ]
}