{
  "metodo": "multiplicativo",
  "X0": 71896,
  "k": 88,
  "g": 18,
  "iteraciones": 200,
  "numeros": [
    "0.45139",
    "0.03232",
    "0.91355",
    "0.70249",
    "0.06125",
    "0.42539",
    "0.59763",
    "0.71665",
    "0.10080",
    "0.46689",
    "0.02390",
    "0.94175",
    "0.69504",
    "0.78183",
    "0.31735",
    "0.00278",
    "0.96897",
    "0.99521",
    "0.60300",
    "0.52475",
    "0.04758",
    "0.73203",
    "0.00583",
    "0.13266",
    "0.05588",
    "0.61728",
    "0.65085",
    "0.45151",
    "0.11887",
    "0.27597",
    "0.66306",
    "0.10629",
    "0.36154",
    "0.33310",
    "0.16745",
    "0.72202",
    "0.90891",
    "0.41367",
    "0.28903",
    "0.92368",
    "0.88596",
    "0.14267",
    "0.15280",
    "0.33627",
    "0.41770",
    "0.14511",
    "0.88376",
    "0.58481",
    "0.62912",
    "0.04599",
    "0.60691",
    "0.29428",
    "0.64524",
    "0.47031",
    "0.44724",
    "0.08969",
    "0.59104",
    "0.04306",
    "0.52976",
    "0.59604",
    "0.59152",
    "0.38925",
    "0.97947",
    "0.43833",
    "0.77170",
    "0.13388",
    "0.92136",
    "0.24155",
    "0.25656",
    "0.90195",
    "0.48044",
    "0.63071",
    "0.17111",
    "0.31845",
    "0.78171",
    "0.23081",
    "0.64035",
    "0.00839",
    "0.95017",
    "0.66684",
    "0.78928",
    "0.59677",
    "0.11081",
    "0.56381",
    "0.74289",
    "0.70859",
    "0.38864",
    "0.54672",
    "0.62619",
    "0.96885",
    "0.90866",
    "0.24057",
    "0.56418",
    "0.00253",
    "0.79587",
    "0.27036",
    "0.68186",
    "0.43466",
    "0.17526",
    "0.26108",
    "0.10422",
    "0.89023",
    "0.17185",
    "0.83774",
    "0.95627",
    "0.99424",
    "0.91062",
    "0.62534",
    "0.36301",
    "0.37168",
    "0.51657",
    "0.24887",
    "0.44943",
    "0.64755",
    "0.11472",
    "0.33334",
    "0.34055",
    "0.44687",
    "0.83005",
    "0.50376",
    "0.16135",
    "0.39462",
    "0.78757",
    "0.38510",
    "0.03683",
    "0.11581",
    "0.11227",
    "0.60239",
    "0.09201",
    "0.23544",
    "0.92917",
    "0.78061",
    "0.45188",
    "0.37851",
    "0.36325",
    "0.54477",
    "0.24143",
    "0.17001",
    "0.53952",
    "0.51987",
    "0.58567",
    "0.23496",
    "0.58298",
    "0.33090",
    "0.60959",
    "0.19833",
    "0.61862",
    "0.60288",
    "0.43820",
    "0.68515",
    "0.77146",
    "0.96079",
    "0.19650",
    "0.32041",
    "0.16647",
    "0.02963",
    "0.00949",
    "0.72910",
    "0.92868",
    "0.43442",
    "0.00217",
    "0.53623",
    "0.18308",
    "0.80014",
    "0.29953",
    "0.36679",
    "0.05466",
    "0.75180",
    "0.02658",
    "0.84580",
    "0.66843",
    "0.91440",
    "0.30832",
    "0.59824",
    "0.14938",
    "0.91294",
    "0.26975",
    "0.24912",
    "0.62253",
    "0.37241",
    "0.03586",
    "0.42343",
    "0.21286",
    "0.91782",
    "0.73166",
    "0.74619",
    "0.04538",
    "0.17416",
    "0.48215",
    "0.84238",
    "0.24509",
    "0.76645",
    "0.41232",
    "0.33701",
    "0.93698",
    "0.31967",
    "0.64719",
    "0.85508",
    "0.24606",
    "0.45883"
  ]
}