{
  "metodo": "multiplicativo",
  "X0": 182747,
  "k": 147,
  "g": 16,
  "iteraciones": 200,
  "numeros": [
    "0.21605",
    "0.15410",
    "0.99036",
    "0.59295",
    "0.26366",
    "0.37847",
    "0.96570",
    "0.47161",
    "0.96362",
    "0.02080",
    "0.56213",
    "0.86200",
    "0.00340",
    "0.01860",
    "0.96716",
    "0.20159",
    "0.07054",
    "0.30938",
    "0.36828",
    "0.92792",
    "0.85254",
    "0.83062",
    "0.95300",
    "0.47845",
    "0.03685",
    "0.51983",
    "0.90881",
    "0.29070",
    "0.31102",
    "0.31450",
    "0.42321",
    "0.80218",
    "0.36254",
    "0.15215",
    "0.68371",
    "0.45037",
    "0.87890",
    "0.97028",
    "0.87781",
    "0.67279",
    "0.54760",
    "0.70636",
    "0.19298",
    "0.90692",
    "0.05614",
    "0.29790",
    "0.81677",
    "0.59026",
    "0.09203",
    "0.68243",
    "0.93664",
    "0.16033",
    "0.34276",
    "0.79742",
    "0.74011",
    "0.05461",
    "0.49584",
    "0.58038",
    "0.41466",
    "0.71063",
    "0.23876",
    "0.96881",
    "0.14781",
    "0.56585",
    "0.25902",
    "0.90021",
    "0.12706",
    "0.05779",
    "0.24413",
    "0.31206",
    "0.53991",
    "0.62396",
    "0.88159",
    "0.14189",
    "0.57385",
    "0.70184",
    "0.85888",
    "0.32720",
    "0.41637",
    "0.72894",
    "0.86352",
    "0.80548",
    "0.25499",
    "0.14275",
    "0.58300",
    "0.51421",
    "0.27721",
    "0.38079",
    "0.70483",
    "0.39092",
    "0.67053",
    "0.88055",
    "0.91650",
    "0.37310",
    "0.62243",
    "0.07951",
    "0.90552",
    "0.39825",
    "0.32042",
    "0.41521",
    "0.35937",
    "0.40386",
    "0.95203",
    "0.32512",
    "0.96558",
    "0.32744",
    "0.70471",
    "0.24675",
    "0.41161",
    "0.10649",
    "0.76599",
    "0.61761",
    "0.38500",
    "0.67852",
    "0.32335",
    "0.87518",
    "0.57324",
    "0.98102",
    "0.56432",
    "0.45696",
    "0.66381",
    "0.95148",
    "0.67639",
    "0.80047",
    "0.34423",
    "0.52740",
    "0.84704",
    "0.34319",
    "0.30199",
    "0.64630",
    "0.26378",
    "0.52264",
    "0.22460",
    "0.24565",
    "0.11412",
    "0.77630",
    "0.79956",
    "0.26299",
    "0.58556",
    "0.54168",
    "0.71435",
    "0.63580",
    "0.86560",
    "0.25628",
    "0.65649",
    "0.30156",
    "0.14171",
    "0.35760",
    "0.31347",
    "0.19780",
    "0.60143",
    "0.28313",
    "0.37279",
    "0.26201",
    "0.43224",
    "0.47039",
    "0.52197",
    "0.43169",
    "0.82165",
    "0.35686",
    "0.44848",
    "0.64434",
    "0.95715",
    "0.38006",
    "0.83984",
    "0.83746",
    "0.02623",
    "0.97748",
    "0.38354",
    "0.94855",
    "0.21642",
    "0.58660",
    "0.76709",
    "0.91510",
    "0.71521",
    "0.64495",
    "0.67797",
    "0.67462",
    "0.71008",
    "0.59002",
    "0.80371",
    "0.16460",
    "0.38854",
    "0.85931",
    "0.83178",
    "0.32256",
    "0.93811",
    "0.89032",
    "0.44970",
    "0.08598",
    "0.54626",
    "0.12053",
    "0.34496",
    "0.39239",
    "0.40050",
    "0.98749",
    "0.20507",
    "0.17925",
    "0.68835",
    "0.92865"
  ]
}