{
  "metodo": "multiplicativo",
  "X0": 155030,
  "k": 55,
  "g": 19,
  "iteraciones": 200,
  "numeros": [
    "0.58484",
    "0.25160",
    "0.96127",
    "0.76487",
    "0.36871",
    "0.07576",
    "0.71145",
    "0.59636",
    "0.37817",
    "0.28566",
    "0.11691",
    "0.02452",
    "0.91009",
    "0.99067",
    "0.84952",
    "0.03373",
    "0.01135",
    "0.05018",
    "0.33114",
    "0.35838",
    "0.47882",
    "0.07356",
    "0.73367",
    "0.48283",
    "0.85937",
    "0.42018",
    "0.97897",
    "0.64146",
    "0.44989",
    "0.19941",
    "0.73892",
    "0.81865",
    "0.29724",
    "0.27064",
    "0.43539",
    "0.74876",
    "0.19830",
    "0.24324",
    "0.24026",
    "0.91618",
    "0.69995",
    "0.47657",
    "0.07541",
    "0.55528",
    "0.09906",
    "0.08003",
    "0.61270",
    "0.65043",
    "0.44250",
    "0.91298",
    "0.27401",
    "0.93602",
    "0.52716",
    "0.58479",
    "0.23123",
    "0.89641",
    "0.89990",
    "0.45485",
    "0.40622",
    "0.76597",
    "0.85760",
    "0.63252",
    "0.47085",
    "0.52910",
    "0.44714",
    "0.97719",
    "0.84701",
    "0.92015",
    "0.46539",
    "0.09822",
    "0.70657",
    "0.42350",
    "0.45923",
    "0.35499",
    "0.97140",
    "0.27354",
    "0.72552",
    "0.85689",
    "0.31338",
    "0.45463",
    "0.31115",
    "0.46327",
    "0.15438",
    "0.70115",
    "0.01300",
    "0.78352",
    "0.66629",
    "0.49748",
    "0.37793",
    "0.17701",
    "0.77096",
    "0.07798",
    "0.70282",
    "0.75313",
    "0.14029",
    "0.42704",
    "0.03454",
    "0.37123",
    "0.19613",
    "0.27903",
    "0.16998",
    "0.64070",
    "0.11038",
    "0.11833",
    "0.65600",
    "0.92091",
    "0.80490",
    "0.17930",
    "0.78949",
    "0.32124",
    "0.95157",
    "0.44633",
    "0.61731",
    "0.70106",
    "0.97226",
    "0.65379",
    "0.93634",
    "0.66975",
    "0.03885",
    "0.28605",
    "0.29345",
    "0.58668",
    "0.07321",
    "0.57750",
    "0.98553",
    "0.56123",
    "0.74722",
    "0.51249",
    "0.05944",
    "0.45277",
    "0.48275",
    "0.82542",
    "0.31207",
    "0.87068",
    "0.45169",
    "0.00065",
    "0.29028",
    "0.17433",
    "0.57589",
    "0.27256",
    "0.29095",
    "0.47310",
    "0.52725",
    "0.62553",
    "0.36096",
    "0.62636",
    "0.72763",
    "0.79393",
    "0.29718",
    "0.24348",
    "0.34890",
    "0.26213",
    "0.64648",
    "0.68385",
    "0.31295",
    "0.26451",
    "0.70575",
    "0.05684",
    "0.29165",
    "0.78544",
    "0.52185",
    "0.22181",
    "0.70688",
    "0.55931",
    "0.89166",
    "0.78816",
    "0.73050",
    "0.07048",
    "0.36206",
    "0.11525",
    "0.28439",
    "0.55333",
    "0.22992",
    "0.31245",
    "0.04043",
    "0.99223",
    "0.54211",
    "0.23915",
    "0.42050",
    "0.12156",
    "0.09552",
    "0.50471",
    "0.59646",
    "0.42570",
    "0.43701",
    "0.46852",
    "0.49020",
    "0.13902",
    "0.86346",
    "0.23994",
    "0.77359",
    "0.24589",
    "0.42175",
    "0.67836",
    "0.86850",
    "0.48069",
    "0.90875",
    "0.39314",
    "0.94681",
    "0.32780"
  ]
}