{
  "metodo": "multiplicativo",
  "X0": 149671,
  "k": 95,
  "g": 17,
  "iteraciones": 200,
  "numeros": [
    "0.55282",
    "0.90601",
    "0.08865",
    "0.81415",
    "0.81735",
    "0.26867",
    "0.53189",
    "0.89069",
    "0.36898",
    "0.27001",
    "0.55911",
    "0.71527",
    "0.17648",
    "0.00378",
    "0.88907",
    "0.13165",
    "0.70859",
    "0.06371",
    "0.74051",
    "0.48358",
    "0.93405",
    "0.54358",
    "0.83218",
    "0.61480",
    "0.32162",
    "0.03710",
    "0.38284",
    "0.86908",
    "0.84006",
    "0.63806",
    "0.11123",
    "0.09014",
    "0.95810",
    "0.94019",
    "0.23611",
    "0.62176",
    "0.64450",
    "0.03722",
    "0.47622",
    "0.30767",
    "0.36801",
    "0.52295",
    "0.05032",
    "0.49163",
    "0.09737",
    "0.49108",
    "0.67715",
    "0.01739",
    "0.30136",
    "0.53540",
    "0.57547",
    "0.22869",
    "0.94870",
    "0.74963",
    "0.46402",
    "0.96930",
    "0.50814",
    "0.72754",
    "0.56155",
    "0.58294",
    "0.94846",
    "0.56286",
    "0.58682",
    "0.91339",
    "0.73837",
    "0.84936",
    "0.75857",
    "0.30438",
    "0.84665",
    "0.68078",
    "0.79556",
    "0.59967",
    "0.74203",
    "0.65088",
    "0.91653",
    "0.14300",
    "0.39328",
    "0.85339",
    "0.84024",
    "0.77814",
    "0.26913",
    "0.88208",
    "0.78543",
    "0.84881",
    "0.33834",
    "0.83069",
    "0.47085",
    "0.19879",
    "0.06966",
    "0.29296",
    "0.11526",
    "0.17181",
    "0.43185",
    "0.36267",
    "0.43740",
    "0.61163",
    "0.89365",
    "0.63354",
    "0.65603",
    "0.86200",
    "0.42379",
    "0.19933",
    "0.48989",
    "0.76666",
    "0.49105",
    "0.65381",
    "0.15774",
    "0.66937",
    "0.06417",
    "0.09069",
    "0.37832",
    "0.41387",
    "0.61190",
    "0.10375",
    "0.37039",
    "0.34393",
    "0.10299",
    "0.78674",
    "0.85269",
    "0.30328",
    "0.00619",
    "0.73340",
    "0.04397",
    "0.63568",
    "0.29025",
    "0.03747",
    "0.66299",
    "0.18487",
    "0.42392",
    "0.29272",
    "0.92850",
    "0.29461",
    "0.37594",
    "0.59289",
    "0.55923",
    "0.80865",
    "0.61508",
    "0.53173",
    "0.77395",
    "0.07073",
    "0.11007",
    "0.20300",
    "0.29141",
    "0.92462",
    "0.32968",
    "0.20043",
    "0.33035",
    "0.71405",
    "0.24264",
    "0.61779",
    "0.60952",
    "0.28277",
    "0.31771",
    "0.04882",
    "0.34768",
    "0.97455",
    "0.52365",
    "0.58728",
    "0.26357",
    "0.63311",
    "0.32919",
    "0.82690",
    "0.57596",
    "0.60223",
    "0.70309",
    "0.86145",
    "0.00356",
    "0.72564",
    "0.11410",
    "0.28466",
    "0.76517",
    "0.34710",
    "0.53097",
    "0.19030",
    "0.57950",
    "0.31036",
    "0.42245",
    "0.17211",
    "0.66531",
    "0.95917",
    "0.75729",
    "0.32385",
    "0.74136",
    "0.13726",
    "0.00423",
    "0.23925",
    "0.02639",
    "0.18841",
    "0.13204",
    "0.01208",
    "0.23916",
    "0.95636",
    "0.60946",
    "0.23608",
    "0.59842",
    "0.78485",
    "0.40524",
    "0.00500",
    "0.82291",
    "0.51764"
  ]
}