{
  "metodo": "multiplicativo",
  "X0": 45719,
  "k": 194,
  "g": 12,
  "iteraciones": 200,
  "numeros": [
    "0.02418",
    "0.63272",
    "0.90916",
    "0.21270",
    "0.09060",
    "0.02711",
    "0.19414",
    "0.20098",
    "0.84469",
    "0.85934",
    "0.66691",
    "0.12674",
    "0.28596",
    "0.12869",
    "0.32698",
    "0.99023",
    "0.41490",
    "0.83590",
    "0.17460",
    "0.79096",
    "0.23126",
    "0.98046",
    "0.20977",
    "0.52918",
    "0.73529",
    "0.56239",
    "0.43248",
    "0.20488",
    "0.92674",
    "0.58193",
    "0.84274",
    "0.81832",
    "0.80562",
    "0.03883",
    "0.44029",
    "0.36899",
    "0.37192",
    "0.93358",
    "0.22540",
    "0.85739",
    "0.62589",
    "0.26545",
    "0.19805",
    "0.28303",
    "0.56728",
    "0.03492",
    "0.35824",
    "0.64640",
    "0.19609",
    "0.24200",
    "0.70598",
    "0.94725",
    "0.51258",
    "0.88669",
    "0.24103",
    "0.18535",
    "0.51648",
    "0.96874",
    "0.96386",
    "0.36117",
    "0.20781",
    "0.48816",
    "0.87399",
    "0.47448",
    "0.58681",
    "0.44518",
    "0.97167",
    "0.52527",
    "0.65324",
    "0.83980",
    "0.25665",
    "0.51355",
    "0.40708",
    "0.67179",
    "0.72943",
    "0.43932",
    "0.84860",
    "0.94139",
    "0.38950",
    "0.30256",
    "0.97753",
    "0.64835",
    "0.23712",
    "0.10330",
    "0.79389",
    "0.79292",
    "0.27228",
    "0.84176",
    "0.29768",
    "0.37485",
    "0.49499",
    "0.51746",
    "0.48913",
    "0.39438",
    "0.90525",
    "0.13065",
    "0.36801",
    "0.85153",
    "0.50281",
    "0.68156",
    "0.93455",
    "0.74603",
    "0.28791",
    "0.16972",
    "0.18828",
    "0.07790",
    "0.26056",
    "0.59560",
    "0.12967",
    "0.84762",
    "0.42076",
    "0.95897",
    "0.75873",
    "0.05446",
    "0.76850",
    "0.25958",
    "0.07497",
    "0.69915",
    "0.30354",
    "0.49792",
    "0.07888",
    "0.78120",
    "0.02613",
    "0.67375",
    "0.77045",
    "0.30061",
    "0.93651",
    "0.78706",
    "0.14921",
    "0.25763",
    "0.03394",
    "0.83785",
    "0.21563",
    "0.65226",
    "0.31917",
    "0.82613",
    "0.96972",
    "0.48425",
    "0.79194",
    "0.75189",
    "0.41099",
    "0.75385",
    "0.45201",
    "0.61514",
    "0.53993",
    "0.46081",
    "0.29963",
    "0.41587",
    "0.35629",
    "0.60537",
    "0.33480",
    "0.15409",
    "0.86032",
    "0.18730",
    "0.55751",
    "0.83004",
    "0.05153",
    "0.20684",
    "0.96777",
    "0.44322",
    "0.93065",
    "0.66398",
    "0.56532",
    "0.99414",
    "0.49695",
    "0.55849",
    "0.35043",
    "0.48230",
    "0.75092",
    "0.89060",
    "0.32308",
    "0.90818",
    "0.69231",
    "0.66007",
    "0.48327",
    "0.27131",
    "0.32112",
    "0.86716",
    "0.83101",
    "0.57216",
    "0.63761",
    "0.51160",
    "0.36606",
    "0.81050",
    "0.64151",
    "0.59365",
    "0.08864",
    "0.98632",
    "0.33284",
    "0.11306",
    "0.99902",
    "0.09939",
    "0.71184",
    "0.07009",
    "0.09646",
    "0.15018",
    "0.77827",
    "0.46471",
    "0.38168",
    "0.13846"
  ]
}