{
  "metodo": "multiplicativo",
  "X0": 2895,
  "k": 26,
  "g": 14,
  "iteraciones": 200,
  "numeros": [
    "0.63645",
    "0.55613",
    "0.44748",
    "0.30660",
    "0.30147",
    "0.20942",
    "0.60471",
    "0.79589",
    "0.51340",
    "0.34713",
    "0.93383",
    "0.89452",
    "0.52219",
    "0.21919",
    "0.68480",
    "0.85253",
    "0.57786",
    "0.07563",
    "0.10761",
    "0.91992",
    "0.93042",
    "0.16645",
    "0.45236",
    "0.34664",
    "0.82982",
    "0.74168",
    "0.96899",
    "0.38277",
    "0.52609",
    "0.05121",
    "0.90747",
    "0.27828",
    "0.26924",
    "0.34517",
    "0.51779",
    "0.28316",
    "0.30928",
    "0.87353",
    "0.04999",
    "0.64744",
    "0.89623",
    "0.88622",
    "0.75414",
    "0.62107",
    "0.27999",
    "0.63328",
    "0.88012",
    "0.45407",
    "0.71068",
    "0.36471",
    "0.67796",
    "0.39645",
    "0.43820",
    "0.33053",
    "0.39767",
    "0.69822",
    "0.71263",
    "0.78075",
    "0.28926",
    "0.60935",
    "0.78392",
    "0.96533",
    "0.60276",
    "0.37984",
    "0.90209",
    "0.13422",
    "0.58811",
    "0.25972",
    "0.31710",
    "0.53757",
    "0.49533",
    "0.49899",
    "0.27901",
    "0.42526",
    "0.57444",
    "0.34762",
    "0.03778",
    "0.04731",
    "0.07538",
    "0.05561",
    "0.84350",
    "0.65379",
    "0.24825",
    "0.87304",
    "0.94604",
    "0.49460",
    "0.34298",
    "0.04975",
    "0.59543",
    "0.81981",
    "0.60960",
    "0.83593",
    "0.04169",
    "0.87939",
    "0.29805",
    "0.48141",
    "0.53488",
    "0.92334",
    "0.65843",
    "0.23628",
    "0.32491",
    "0.20161",
    "0.94067",
    "0.35055",
    "0.66184",
    "0.96435",
    "0.39474",
    "0.07416",
    "0.79564",
    "0.46139",
    "0.27071",
    "0.65721",
    "0.97632",
    "0.94287",
    "0.81859",
    "0.34957",
    "0.45382",
    "0.65867",
    "0.28829",
    "0.40133",
    "0.47824",
    "0.85888",
    "0.92993",
    "0.06244",
    "0.29952",
    "0.79344",
    "0.99341",
    "0.58298",
    "0.16767",
    "0.71238",
    "0.72874",
    "0.21284",
    "0.33272",
    "0.86571",
    "0.38595",
    "0.20210",
    "0.04462",
    "0.50339",
    "0.21504",
    "0.80077",
    "0.55344",
    "0.87548",
    "0.46603",
    "0.25874",
    "0.10908",
    "0.23189",
    "0.38888",
    "0.82616",
    "0.96167",
    "0.82274",
    "0.23360",
    "0.75291",
    "0.36104",
    "0.89794",
    "0.25020",
    "0.28902",
    "0.55735",
    "0.70750",
    "0.68870",
    "0.68455",
    "0.80052",
    "0.50143",
    "0.79906",
    "0.18940",
    "0.34054",
    "0.52976",
    "0.83129",
    "0.05365",
    "0.42746",
    "0.04242",
    "0.03534",
    "0.52731",
    "0.31124",
    "0.28951",
    "0.66136",
    "0.86034",
    "0.24190",
    "0.52097",
    "0.95923",
    "0.30269",
    "0.46945",
    "0.98682",
    "0.17890",
    "0.10444",
    "0.24385",
    "0.93701",
    "0.57053",
    "0.51560",
    "0.81517",
    "0.62156",
    "0.38400",
    "0.78612",
    "0.43332",
    "0.29048",
    "0.86938",
    "0.16596",
    "0.34835",
    "0.19380",
    "0.27657",
    "0.90527"
  ]
}