{
  "metodo": "multiplicativo",
  "X0": 198979,
  "k": 10,
  "g": 15,
  "iteraciones": 200,
  "numeros": [
    "0.15036",
    "0.78063",
    "0.35179",
    "0.90100",
    "0.58251",
    "0.51158",
    "0.48314",
    "0.06552",
    "0.56932",
    "0.39097",
    "0.23167",
    "0.69103",
    "0.73583",
    "0.54381",
    "0.22239",
    "0.90246",
    "0.70702",
    "0.09507",
    "0.08029",
    "0.82482",
    "0.10788",
    "0.16977",
    "0.43040",
    "0.58312",
    "0.56346",
    "0.89294",
    "0.89770",
    "0.30235",
    "0.69872",
    "0.38951",
    "0.10715",
    "0.10752",
    "0.13865",
    "0.78454",
    "0.68383",
    "0.12363",
    "0.50829",
    "0.20298",
    "0.25266",
    "0.47569",
    "0.43260",
    "0.76989",
    "0.43870",
    "0.28867",
    "0.53661",
    "0.61022",
    "0.86694",
    "0.68761",
    "0.44530",
    "0.84899",
    "0.16233",
    "0.79748",
    "0.78368",
    "0.61119",
    "0.94995",
    "0.74328",
    "0.17673",
    "0.02182",
    "0.85473",
    "0.65001",
    "0.24949",
    "0.20591",
    "0.50169",
    "0.64269",
    "0.62694",
    "0.28843",
    "0.51585",
    "0.84631",
    "0.93408",
    "0.39439",
    "0.52220",
    "0.38585",
    "0.79589",
    "0.64879",
    "0.14573",
    "0.38633",
    "0.83740",
    "0.17661",
    "0.01144",
    "0.97278",
    "0.68358",
    "0.10288",
    "0.74438",
    "0.27012",
    "0.95947",
    "0.55260",
    "0.96948",
    "0.40342",
    "0.29002",
    "0.65075",
    "0.31175",
    "0.49767",
    "0.30027",
    "0.52232",
    "0.39622",
    "0.67785",
    "0.61522",
    "0.29234",
    "0.84790",
    "0.06894",
    "0.85986",
    "0.08579",
    "0.29173",
    "0.79601",
    "0.65917",
    "0.02768",
    "0.35276",
    "0.98401",
    "0.63817",
    "0.24302",
    "0.65600",
    "0.75793",
    "0.42186",
    "0.85681",
    "0.82641",
    "0.24277",
    "0.63524",
    "0.99402",
    "0.48900",
    "0.56359",
    "0.90332",
    "0.77966",
    "0.26878",
    "0.84533",
    "0.85107",
    "0.33872",
    "0.79077",
    "0.21299",
    "0.10349",
    "0.79626",
    "0.67992",
    "0.79162",
    "0.28562",
    "0.27720",
    "0.56127",
    "0.70617",
    "0.02243",
    "0.90661",
    "0.05979",
    "0.08164",
    "0.93896",
    "0.80944",
    "0.80053",
    "0.04306",
    "0.66015",
    "0.11069",
    "0.40843",
    "0.71545",
    "0.81103",
    "0.93542",
    "0.50853",
    "0.22373",
    "0.01657",
    "0.40855",
    "0.72582",
    "0.69298",
    "0.90185",
    "0.65514",
    "0.68529",
    "0.24815",
    "0.09177",
    "0.80016",
    "0.01193",
    "0.01425",
    "0.21140",
    "0.96863",
    "0.33079",
    "0.11631",
    "0.88574",
    "0.28550",
    "0.26682",
    "0.67931",
    "0.73974",
    "0.87585",
    "0.44505",
    "0.82824",
    "0.39842",
    "0.86462",
    "0.49046",
    "0.68810",
    "0.48680",
    "0.37681",
    "0.02805",
    "0.38389",
    "0.62987",
    "0.53746",
    "0.68285",
    "0.04062",
    "0.45262",
    "0.47154",
    "0.07981",
    "0.78332",
    "0.58007",
    "0.30406",
    "0.84399",
    "0.73693",
    "0.63720",
    "0.16001",
    "0.60033",
    "0.02646"
  ]
}