{
  "metodo": "multiplicativo",
  "X0": 117512,
  "k": 230,
  "g": 14,
  "iteraciones": 200,
  "numeros": [
    "0.01025",
    "0.91851",
    "0.55326",
    "0.69584",
    "0.75249",
    "0.25441",
    "0.35793",
    "0.34426",
    "0.11964",
    "0.71538",
    "0.78765",
    "0.11768",
    "0.11182",
    "0.30129",
    "0.84234",
    "0.01611",
    "0.72905",
    "0.01221",
    "0.52200",
    "0.03955",
    "0.97125",
    "0.84820",
    "0.82671",
    "0.18800",
    "0.83843",
    "0.80913",
    "0.75639",
    "0.46145",
    "0.33059",
    "0.89507",
    "0.31105",
    "0.85992",
    "0.44778",
    "0.10596",
    "0.49075",
    "0.38332",
    "0.18995",
    "0.44192",
    "0.29543",
    "0.03174",
    "0.55716",
    "0.90289",
    "0.72514",
    "0.80522",
    "0.54935",
    "0.48880",
    "0.77983",
    "0.70366",
    "0.16651",
    "0.19972",
    "0.45950",
    "0.72710",
    "0.40872",
    "0.03565",
    "0.76421",
    "0.87554",
    "0.27590",
    "0.99664",
    "0.69389",
    "0.14893",
    "0.76811",
    "0.08252",
    "0.24855",
    "0.54740",
    "0.88531",
    "0.29347",
    "0.42825",
    "0.07081",
    "0.62748",
    "0.62943",
    "0.23292",
    "0.71928",
    "0.99469",
    "0.09034",
    "0.66264",
    "0.49271",
    "0.98688",
    "0.67631",
    "0.71733",
    "0.39114",
    "0.60404",
    "0.38723",
    "0.39700",
    "0.41458",
    "0.84624",
    "0.22316",
    "0.70170",
    "0.56302",
    "0.71342",
    "0.18409",
    "0.63139",
    "0.83648",
    "0.20558",
    "0.27004",
    "0.18605",
    "0.23488",
    "0.32277",
    "0.48099",
    "0.36574",
    "0.75835",
    "0.06495",
    "0.81694",
    "0.17042",
    "0.40676",
    "0.43216",
    "0.27785",
    "0.60013",
    "0.18019",
    "0.42434",
    "0.86382",
    "0.65483",
    "0.07862",
    "0.04151",
    "0.57474",
    "0.33449",
    "0.10206",
    "0.28371",
    "0.41067",
    "0.63920",
    "0.25050",
    "0.15089",
    "0.37160",
    "0.56888",
    "0.52396",
    "0.64311",
    "0.45755",
    "0.12354",
    "0.92242",
    "0.76030",
    "0.66850",
    "0.30324",
    "0.44583",
    "0.50247",
    "0.00439",
    "0.10792",
    "0.09424",
    "0.86968",
    "0.46536",
    "0.53763",
    "0.86773",
    "0.86187",
    "0.05127",
    "0.59232",
    "0.76616",
    "0.47903",
    "0.76225",
    "0.27199",
    "0.78960",
    "0.72124",
    "0.59818",
    "0.57670",
    "0.93805",
    "0.58841",
    "0.55912",
    "0.50638",
    "0.21144",
    "0.08057",
    "0.64506",
    "0.06104",
    "0.60990",
    "0.19777",
    "0.85601",
    "0.24074",
    "0.13331",
    "0.94000",
    "0.19191",
    "0.04541",
    "0.78179",
    "0.30715",
    "0.65287",
    "0.47513",
    "0.55521",
    "0.29933",
    "0.23878",
    "0.52982",
    "0.45364",
    "0.91656",
    "0.94977",
    "0.20949",
    "0.47708",
    "0.15870",
    "0.78569",
    "0.51419",
    "0.62553",
    "0.02588",
    "0.74663",
    "0.44387",
    "0.89898",
    "0.51810",
    "0.83257",
    "0.99860",
    "0.29738",
    "0.63529",
    "0.04346",
    "0.17823",
    "0.82085",
    "0.37746",
    "0.37942",
    "0.98297",
    "0.46927"
  ]
}