{
  "metodo": "multiplicativo",
  "X0": 113478,
  "k": 291,
  "g": 15,
  "iteraciones": 200,
  "numeros": [
    "0.35102",
    "0.91379",
    "0.79586",
    "0.68868",
    "0.64302",
    "0.13153",
    "0.86129",
    "0.33613",
    "0.16938",
    "0.14618",
    "0.03607",
    "0.15546",
    "0.68014",
    "0.70772",
    "0.07025",
    "0.89669",
    "0.92526",
    "0.56612",
    "0.71383",
    "0.30976",
    "0.65474",
    "0.47139",
    "0.71676",
    "0.14472",
    "0.61861",
    "0.17353",
    "0.82907",
    "0.15155",
    "0.56685",
    "0.42256",
    "0.80074",
    "0.08026",
    "0.24946",
    "0.96847",
    "0.38179",
    "0.68087",
    "0.41646",
    "0.56124",
    "0.32221",
    "0.70333",
    "0.81784",
    "0.95090",
    "0.37202",
    "0.89767",
    "0.20356",
    "0.88742",
    "0.28120",
    "0.01386",
    "0.32368",
    "0.12079",
    "0.79977",
    "0.80197",
    "0.92819",
    "0.40107",
    "0.67769",
    "0.01190",
    "0.76705",
    "0.47823",
    "0.66500",
    "0.39375",
    "0.59029",
    "0.10224",
    "0.51167",
    "0.69747",
    "0.14789",
    "0.02313",
    "0.96774",
    "0.67306",
    "0.18989",
    "0.99094",
    "0.78317",
    "0.07050",
    "0.46626",
    "0.75558",
    "0.70797",
    "0.63985",
    "0.72701",
    "0.06708",
    "0.49214",
    "0.13105",
    "0.72213",
    "0.67550",
    "0.88571",
    "0.29414",
    "0.20161",
    "0.33076",
    "0.63863",
    "0.87912",
    "0.91549",
    "0.78292",
    "0.50093",
    "0.63594",
    "0.61373",
    "0.78195",
    "0.22260",
    "0.31465",
    "0.04633",
    "0.07782",
    "0.55367",
    "0.66524",
    "0.96335",
    "0.42061",
    "0.24409",
    "0.43770",
    "0.11469",
    "0.56026",
    "0.04389",
    "0.38203",
    "0.25043",
    "0.24677",
    "0.70309",
    "0.24824",
    "0.12055",
    "0.23017",
    "0.97165",
    "0.78634",
    "0.47505",
    "0.26044",
    "0.59957",
    "0.74630",
    "0.06391",
    "0.08759",
    "0.33686",
    "0.87814",
    "0.63717",
    "0.46162",
    "0.93356",
    "0.93185",
    "0.94479",
    "0.13251",
    "0.13959",
    "0.65743",
    "0.73678",
    "0.85031",
    "0.70504",
    "0.80490",
    "0.76315",
    "0.36494",
    "0.37983",
    "0.12421",
    "0.77389",
    "0.42647",
    "0.91403",
    "0.36543",
    "0.51900",
    "0.78488",
    "0.05756",
    "0.27851",
    "0.74850",
    "0.19013",
    "0.56050",
    "0.61348",
    "0.21235",
    "0.39228",
    "0.17280",
    "0.12030",
    "0.66060",
    "0.14130",
    "0.64449",
    "0.54903",
    "0.84323",
    "0.18720",
    "0.72555",
    "0.64962",
    "0.51021",
    "0.27998",
    "0.16596",
    "0.17206",
    "0.41157",
    "0.16962",
    "0.71578",
    "0.86642",
    "0.29731",
    "0.60616",
    "0.12494",
    "0.48262",
    "0.91745",
    "0.33955",
    "0.14350",
    "0.77071",
    "0.02191",
    "0.11982",
    "0.52144",
    "0.48067",
    "0.36079",
    "0.69698",
    "0.00873",
    "0.36250",
    "0.68404",
    "0.82101",
    "0.35542",
    "0.16620",
    "0.74166",
    "0.24189",
    "0.31147",
    "0.64180",
    "0.28364",
    "0.70968",
    "0.62691",
    "0.53926"
  ]
}