{
  "metodo": "multiplicativo",
  "X0": 98340,
  "k": 295,
  "g": 19,
  "iteraciones": 200,
  "numeros": [
    "0.59989",
    "0.74378",
    "0.04453",
    "0.32002",
    "0.83537",
    "0.63892",
    "0.05442",
    "0.70442",
    "0.93998",
    "0.05164",
    "0.13657",
    "0.99702",
    "0.94499",
    "0.88819",
    "0.57224",
    "0.35407",
    "0.38163",
    "0.55482",
    "0.14268",
    "0.43183",
    "0.28117",
    "0.95777",
    "0.12913",
    "0.38654",
    "0.17484",
    "0.50330",
    "0.31284",
    "0.87446",
    "0.09391",
    "0.09766",
    "0.97508",
    "0.05183",
    "0.56962",
    "0.14710",
    "0.89707",
    "0.57490",
    "0.63322",
    "0.55787",
    "0.36009",
    "0.59992",
    "0.81596",
    "0.73622",
    "0.14536",
    "0.78315",
    "0.14909",
    "0.58839",
    "0.53416",
    "0.28083",
    "0.16386",
    "0.52064",
    "0.30772",
    "0.74922",
    "0.89152",
    "0.43922",
    "0.74729",
    "0.34455",
    "0.86332",
    "0.75038",
    "0.63413",
    "0.72309",
    "0.11051",
    "0.36036",
    "0.24949",
    "0.04108",
    "0.16435",
    "0.67542",
    "0.37461",
    "0.95478",
    "0.05607",
    "0.60182",
    "0.29075",
    "0.62043",
    "0.31693",
    "0.54579",
    "0.77915",
    "0.69428",
    "0.97819",
    "0.41358",
    "0.12107",
    "0.33259",
    "0.57108",
    "0.61146",
    "0.09776",
    "0.19160",
    "0.12687",
    "0.04566",
    "0.99046",
    "0.42756",
    "0.17680",
    "0.12244",
    "0.58042",
    "0.69673",
    "0.75211",
    "0.74806",
    "0.14890",
    "0.15534",
    "0.38407",
    "0.32874",
    "0.47715",
    "0.45966",
    "0.10392",
    "0.77076",
    "0.84641",
    "0.76594",
    "0.44291",
    "0.48036",
    "0.03794",
    "0.73042",
    "0.43229",
    "0.36378",
    "0.33299",
    "0.50935",
    "0.60331",
    "0.82728",
    "0.51280",
    "0.75898",
    "0.98722",
    "0.77711",
    "0.85862",
    "0.63557",
    "0.11527",
    "0.61952",
    "0.15171",
    "0.79536",
    "0.01871",
    "0.26075",
    "0.67332",
    "0.39460",
    "0.22880",
    "0.10706",
    "0.20469",
    "0.08955",
    "0.77677",
    "0.06471",
    "0.02708",
    "0.03645",
    "0.19389",
    "0.53993",
    "0.92173",
    "0.89155",
    "0.51139",
    "0.43897",
    "0.16990",
    "0.81111",
    "0.26054",
    "0.16810",
    "0.55283",
    "0.45136",
    "0.47257",
    "0.63355",
    "0.35178",
    "0.96858",
    "0.67875",
    "0.24159",
    "0.34800",
    "0.01899",
    "0.91032",
    "0.89845",
    "0.82273",
    "0.75886",
    "0.69853",
    "0.01038",
    "0.55723",
    "0.84443",
    "0.07462",
    "0.48365",
    "0.83274",
    "0.43195",
    "0.56986",
    "0.72450",
    "0.43052",
    "0.17768",
    "0.21549",
    "0.63917",
    "0.63181",
    "0.23786",
    "0.54276",
    "0.63392",
    "0.21787",
    "0.26875",
    "0.58293",
    "0.61500",
    "0.46995",
    "0.42658",
    "0.86723",
    "0.98866",
    "0.16929",
    "0.36762",
    "0.42692",
    "0.66114",
    "0.59715",
    "0.24812",
    "0.79325",
    "0.03870",
    "0.53477",
    "0.72431",
    "0.99748",
    "0.02760",
    "0.26341",
    "0.95246"
  ]
}