{
  "metodo": "multiplicativo",
  "X0": 99449,
  "k": 25,
  "g": 17,
  "iteraciones": 200,
  "numeros": [
    "0.54081",
    "0.86598",
    "0.52476",
    "0.57527",
    "0.92912",
    "0.46864",
    "0.07029",
    "0.40937",
    "0.92094",
    "0.79201",
    "0.35997",
    "0.79231",
    "0.42253",
    "0.61732",
    "0.55003",
    "0.75532",
    "0.84013",
    "0.22584",
    "0.29673",
    "0.82966",
    "0.07999",
    "0.39881",
    "0.75633",
    "0.04658",
    "0.54838",
    "0.41749",
    "0.58506",
    "0.93733",
    "0.15153",
    "0.06312",
    "0.93919",
    "0.53315",
    "0.29569",
    "0.61696",
    "0.47496",
    "0.36531",
    "0.88713",
    "0.86024",
    "0.34861",
    "0.46504",
    "0.33207",
    "0.07423",
    "0.21641",
    "0.36360",
    "0.53679",
    "0.04017",
    "0.23460",
    "0.09223",
    "0.90752",
    "0.03931",
    "0.05943",
    "0.18220",
    "0.35050",
    "0.85292",
    "0.84715",
    "0.66475",
    "0.27201",
    "0.76222",
    "0.25401",
    "0.07111",
    "0.57829",
    "0.54847",
    "0.43626",
    "0.43257",
    "0.67558",
    "0.49293",
    "0.05015",
    "0.28034",
    "0.47013",
    "0.37684",
    "0.25193",
    "0.64570",
    "0.36821",
    "0.48146",
    "0.69786",
    "0.05988",
    "0.27604",
    "0.58802",
    "0.54417",
    "0.55415",
    "0.59990",
    "0.97780",
    "0.44712",
    "0.65974",
    "0.24601",
    "0.43202",
    "0.56297",
    "0.40791",
    "0.62065",
    "0.23194",
    "0.54795",
    "0.32991",
    "0.63005",
    "0.15882",
    "0.55833",
    "0.45698",
    "0.68046",
    "0.49391",
    "0.25035",
    "0.32038",
    "0.67814",
    "0.01844",
    "0.78026",
    "0.95137",
    "0.02934",
    "0.01368",
    "0.80430",
    "0.88118",
    "0.64030",
    "0.26087",
    "0.47874",
    "0.14106",
    "0.91728",
    "0.04127",
    "0.45982",
    "0.26228",
    "0.76652",
    "0.13612",
    "0.90379",
    "0.27607",
    "0.59428",
    "0.82667",
    "0.46690",
    "0.71370",
    "0.30680",
    "0.89418",
    "0.30540",
    "0.60640",
    "0.31034",
    "0.61989",
    "0.07554",
    "0.48542",
    "0.51115",
    "0.78505",
    "0.93358",
    "0.38203",
    "0.31547",
    "0.67091",
    "0.53575",
    "0.82747",
    "0.62956",
    "0.05872",
    "0.03831",
    "0.85298",
    "0.85966",
    "0.22975",
    "0.09751",
    "0.98982",
    "0.91203",
    "0.96522",
    "0.86961",
    "0.26924",
    "0.19291",
    "0.54640",
    "0.01084",
    "0.22248",
    "0.60856",
    "0.75453",
    "0.67747",
    "0.88081",
    "0.56523",
    "0.87086",
    "0.52574",
    "0.77547",
    "0.96916",
    "0.67665",
    "0.71190",
    "0.93770",
    "0.22660",
    "0.45314",
    "0.89220",
    "0.89876",
    "0.24381",
    "0.98158",
    "0.22288",
    "0.68989",
    "0.42704",
    "0.54322",
    "0.36021",
    "0.84236",
    "0.68254",
    "0.91933",
    "0.46043",
    "0.38740",
    "0.41655",
    "0.39112",
    "0.17979",
    "0.85628",
    "0.53532",
    "0.73988",
    "0.67454",
    "0.28022",
    "0.44511",
    "0.24684",
    "0.60093",
    "0.19050",
    "0.05216",
    "0.69325",
    "0.11521",
    "0.61836"
  ]
}