{
  "metodo": "multiplicativo",
  "X0": 60233,
  "k": 142,
  "g": 19,
  "iteraciones": 200,
  "numeros": [
    "0.08416",
    "0.02857",
    "0.59422",
    "0.00194",
    "0.21328",
    "0.35434",
    "0.30366",
    "0.47542",
    "0.45422",
    "0.26264",
    "0.66789",
    "0.05876",
    "0.04916",
    "0.08939",
    "0.99159",
    "0.40041",
    "0.86529",
    "0.29553",
    "0.20445",
    "0.27379",
    "0.39480",
    "0.46701",
    "0.86116",
    "0.57735",
    "0.75488",
    "0.31476",
    "0.14140",
    "0.33452",
    "0.68771",
    "0.67472",
    "0.84986",
    "0.69374",
    "0.56048",
    "0.50782",
    "0.41624",
    "0.92846",
    "0.36538",
    "0.90000",
    "0.89521",
    "0.43709",
    "0.71960",
    "0.06220",
    "0.96647",
    "0.74309",
    "0.86532",
    "0.33036",
    "0.93470",
    "0.49489",
    "0.66973",
    "0.16541",
    "0.72959",
    "0.46593",
    "0.62503",
    "0.15329",
    "0.90583",
    "0.55464",
    "0.84838",
    "0.00495",
    "0.64311",
    "0.78447",
    "0.08200",
    "0.55631",
    "0.74610",
    "0.30385",
    "0.69305",
    "0.76831",
    "0.64451",
    "0.38622",
    "0.67373",
    "0.72690",
    "0.39302",
    "0.43001",
    "0.64123",
    "0.64301",
    "0.67131",
    "0.95867",
    "0.83773",
    "0.85257",
    "0.78407",
    "0.62062",
    "0.13043",
    "0.81653",
    "0.66099",
    "0.18932",
    "0.01150",
    "0.12082",
    "0.85676",
    "0.56319",
    "0.59814",
    "0.47638",
    "0.55107",
    "0.76567",
    "0.63253",
    "0.71915",
    "0.54859",
    "0.94521",
    "0.48187",
    "0.81006",
    "0.27903",
    "0.37523",
    "0.13833",
    "0.83506",
    "0.79707",
    "0.45418",
    "0.21911",
    "0.00507",
    "0.78239",
    "0.70549",
    "0.96640",
    "0.65604",
    "0.53968",
    "0.77761",
    "0.24737",
    "0.24890",
    "0.99864",
    "0.44396",
    "0.55423",
    "0.36960",
    "0.71394",
    "0.60298",
    "0.00414",
    "0.72907",
    "0.86528",
    "0.27812",
    "0.33932",
    "0.16324",
    "0.25733",
    "0.61782",
    "0.92694",
    "0.63306",
    "0.31980",
    "0.89550",
    "0.75918",
    "0.22446",
    "0.10737",
    "0.50960",
    "0.45324",
    "0.14838",
    "0.29972",
    "0.98357",
    "0.25131",
    "0.74076",
    "0.20155",
    "0.96584",
    "0.02056",
    "0.46253",
    "0.74253",
    "0.22985",
    "0.25320",
    "0.89963",
    "0.47737",
    "0.67403",
    "0.06640",
    "0.76300",
    "0.58573",
    "0.32183",
    "0.20236",
    "0.88858",
    "0.87233",
    "0.32167",
    "0.02825",
    "0.23731",
    "0.76683",
    "0.94701",
    "0.53628",
    "0.89511",
    "0.32392",
    "0.59627",
    "0.34362",
    "0.07294",
    "0.22331",
    "0.79290",
    "0.69247",
    "0.10672",
    "0.76966",
    "0.18532",
    "0.45001",
    "0.45740",
    "0.89268",
    "0.54698",
    "0.10842",
    "0.71091",
    "0.14704",
    "0.77632",
    "0.78491",
    "0.57819",
    "0.71244",
    "0.89678",
    "0.22164",
    "0.89518",
    "0.39356",
    "0.05678",
    "0.78582",
    "0.62281",
    "0.62010",
    "0.52977",
    "0.46963",
    "0.84702",
    "0.44673",
    "0.71419"
  ]
}