{
  "metodo": "multiplicativo",
  "X0": 116382,
  "k": 181,
  "g": 13,
  "iteraciones": 200,
  "numeros": [
    "0.46173",
    "0.80649",
    "0.69418",
    "0.51544",
    "0.84849",
    "0.70883",
    "0.79966",
    "0.76157",
    "0.42266",
    "0.04859",
    "0.59260",
    "0.94518",
    "0.18435",
    "0.82603",
    "0.07301",
    "0.06617",
    "0.13356",
    "0.04078",
    "0.24100",
    "0.12477",
    "0.27030",
    "0.69320",
    "0.09645",
    "0.12086",
    "0.59455",
    "0.78305",
    "0.63948",
    "0.05445",
    "0.10621",
    "0.31034",
    "0.86998",
    "0.92565",
    "0.80552",
    "0.27518",
    "0.78794",
    "0.73422",
    "0.69222",
    "0.67757",
    "0.39336",
    "0.48028",
    "0.76645",
    "0.51740",
    "0.68636",
    "0.16384",
    "0.02808",
    "0.79477",
    "0.66683",
    "0.78501",
    "0.47735",
    "0.50958",
    "0.33476",
    "0.34355",
    "0.11403",
    "0.66195",
    "0.69027",
    "0.83970",
    "0.93835",
    "0.25174",
    "0.73324",
    "0.27323",
    "0.95007",
    "0.27909",
    "0.46368",
    "0.64437",
    "0.14919",
    "0.74399",
    "0.88170",
    "0.95300",
    "0.53595",
    "0.64632",
    "0.98718",
    "0.19900",
    "0.11012",
    "0.98620",
    "0.78012",
    "0.38262",
    "0.87193",
    "0.76352",
    "0.26053",
    "0.50372",
    "0.82115",
    "0.97839",
    "0.42852",
    "0.56232",
    "0.95788",
    "0.63069",
    "0.28397",
    "0.55842",
    "0.28202",
    "0.72055",
    "0.82701",
    "0.49200",
    "0.79380",
    "0.24783",
    "0.05738",
    "0.36308",
    "0.49298",
    "0.21267",
    "0.97546",
    "0.17165",
    "0.37969",
    "0.61507",
    "0.58088",
    "0.91784",
    "0.45391",
    "0.45489",
    "0.87389",
    "0.60139",
    "0.71566",
    "0.73227",
    "0.85435",
    "0.22244",
    "0.16482",
    "0.44708",
    "0.52228",
    "0.78110",
    "0.80161",
    "0.59944",
    "0.87779",
    "0.27713",
    "0.62581",
    "0.18923",
    "0.92077",
    "0.71078",
    "0.63753",
    "0.21658",
    "0.65120",
    "0.08180",
    "0.83677",
    "0.68148",
    "0.06910",
    "0.39043",
    "0.22342",
    "0.58381",
    "0.17458",
    "0.63655",
    "0.79770",
    "0.92370",
    "0.96765",
    "0.82017",
    "0.55939",
    "0.70101",
    "0.44805",
    "0.94128",
    "0.50861",
    "0.91588",
    "0.61604",
    "0.99988",
    "0.64534",
    "0.56818",
    "0.47149",
    "0.99597",
    "0.96960",
    "0.65804",
    "0.01441",
    "0.92956",
    "0.48126",
    "0.18533",
    "0.24490",
    "0.80063",
    "0.18044",
    "0.15016",
    "0.16286",
    "0.60921",
    "0.06715",
    "0.55256",
    "0.76840",
    "0.35527",
    "0.14137",
    "0.39238",
    "0.06129",
    "0.03882",
    "0.40313",
    "0.66976",
    "0.04175",
    "0.65999",
    "0.85240",
    "0.38457",
    "0.70980",
    "0.21853",
    "0.48907",
    "0.53693",
    "0.06519",
    "0.71469",
    "0.31327",
    "0.12672",
    "0.10817",
    "0.14821",
    "0.32499",
    "0.15407",
    "0.83873",
    "0.51935",
    "0.52423",
    "0.61897",
    "0.25662",
    "0.82798",
    "0.91100",
    "0.52130",
    "0.36210",
    "0.07398"
  ]
}