{
  "metodo": "multiplicativo",
  "X0": 120512,
  "k": 119,
  "g": 17,
  "iteraciones": 200,
  "numeros": [
    "0.89796",
    "0.33740",
    "0.89405",
    "0.59913",
    "0.35889",
    "0.45459",
    "0.04248",
    "0.65381",
    "0.69483",
    "0.94678",
    "0.06592",
    "0.08350",
    "0.90577",
    "0.81397",
    "0.96436",
    "0.88819",
    "0.99171",
    "0.05615",
    "0.73780",
    "0.06787",
    "0.95264",
    "0.67334",
    "0.38623",
    "0.62256",
    "0.78858",
    "0.66553",
    "0.90967",
    "0.55225",
    "0.49952",
    "0.03272",
    "0.30811",
    "0.85694",
    "0.08545",
    "0.77491",
    "0.58155",
    "0.53663",
    "0.54639",
    "0.89210",
    "0.72999",
    "0.59131",
    "0.88233",
    "0.38428",
    "0.75342",
    "0.02100",
    "0.09326",
    "0.25147",
    "0.65186",
    "0.82569",
    "0.17920",
    "0.49366",
    "0.42530",
    "0.00537",
    "0.14014",
    "0.11084",
    "0.07373",
    "0.56006",
    "0.97608",
    "0.10303",
    "0.59717",
    "0.48975",
    "0.68702",
    "0.47022",
    "0.99561",
    "0.79444",
    "0.27295",
    "0.21240",
    "0.26905",
    "0.47412",
    "0.73389",
    "0.32959",
    "0.41748",
    "0.52881",
    "0.06982",
    "0.82178",
    "0.44092",
    "0.95850",
    "0.28076",
    "0.68897",
    "0.33936",
    "0.76319",
    "0.36670",
    "0.93116",
    "0.11279",
    "0.94288",
    "0.32764",
    "0.54834",
    "0.76124",
    "0.49756",
    "0.16358",
    "0.54053",
    "0.28467",
    "0.42725",
    "0.87452",
    "0.90772",
    "0.68311",
    "0.73194",
    "0.46045",
    "0.64991",
    "0.95655",
    "0.41162",
    "0.92139",
    "0.76710",
    "0.10498",
    "0.46631",
    "0.25733",
    "0.25928",
    "0.12842",
    "0.89600",
    "0.46827",
    "0.12647",
    "0.02686",
    "0.70069",
    "0.55420",
    "0.36866",
    "0.80030",
    "0.88038",
    "0.51514",
    "0.98585",
    "0.44873",
    "0.43506",
    "0.35108",
    "0.97803",
    "0.97218",
    "0.36475",
    "0.06201",
    "0.34522",
    "0.37061",
    "0.66944",
    "0.64795",
    "0.08740",
    "0.64405",
    "0.34912",
    "0.10889",
    "0.20459",
    "0.79249",
    "0.40381",
    "0.44483",
    "0.69678",
    "0.81592",
    "0.83350",
    "0.65577",
    "0.56397",
    "0.71436",
    "0.63819",
    "0.74170",
    "0.80616",
    "0.48780",
    "0.81788",
    "0.70264",
    "0.42334",
    "0.13623",
    "0.37256",
    "0.53858",
    "0.41553",
    "0.65967",
    "0.30225",
    "0.24951",
    "0.78272",
    "0.05811",
    "0.60694",
    "0.83546",
    "0.52491",
    "0.33155",
    "0.28662",
    "0.29639",
    "0.64209",
    "0.47998",
    "0.34131",
    "0.63233",
    "0.13428",
    "0.50342",
    "0.77100",
    "0.84327",
    "0.00146",
    "0.40186",
    "0.57569",
    "0.92921",
    "0.24365",
    "0.17529",
    "0.75538",
    "0.89014",
    "0.86085",
    "0.82374",
    "0.31006",
    "0.72608",
    "0.85303",
    "0.34717",
    "0.23975",
    "0.43702",
    "0.22022",
    "0.74561",
    "0.54444",
    "0.02295",
    "0.96241",
    "0.01904",
    "0.22412",
    "0.48389",
    "0.07959",
    "0.16748",
    "0.27881"
  ]
}