{
  "metodo": "multiplicativo",
  "X0": 186137,
  "k": 89,
  "g": 11,
  "iteraciones": 200,
  "numeros": [
    "0.12750",
    "0.37567",
    "0.22521",
    "0.39521",
    "0.22912",
    "0.19590",
    "0.38935",
    "0.02785",
    "0.95603",
    "0.14118",
    "0.17831",
    "0.78603",
    "0.30728",
    "0.21153",
    "0.59257",
    "0.66878",
    "0.28383",
    "0.40694",
    "0.63166",
    "0.67660",
    "0.88569",
    "0.72741",
    "0.29555",
    "0.80948",
    "0.11187",
    "0.17245",
    "0.58476",
    "0.06693",
    "0.96385",
    "0.74304",
    "0.49878",
    "0.44993",
    "0.44016",
    "0.43820",
    "0.03762",
    "0.95799",
    "0.54177",
    "0.25843",
    "0.20176",
    "0.59062",
    "0.26820",
    "0.20371",
    "0.99121",
    "0.34831",
    "0.61993",
    "0.27406",
    "0.40498",
    "0.23107",
    "0.59648",
    "0.46947",
    "0.44406",
    "0.23889",
    "0.19785",
    "0.78994",
    "0.10796",
    "0.37176",
    "0.42452",
    "0.23498",
    "0.39717",
    "0.62970",
    "0.27601",
    "0.80557",
    "0.31119",
    "0.01221",
    "0.75281",
    "0.50073",
    "0.85051",
    "0.52027",
    "0.85442",
    "0.32096",
    "0.01417",
    "0.15291",
    "0.58085",
    "0.26624",
    "0.80362",
    "0.91109",
    "0.93258",
    "0.33659",
    "0.21739",
    "0.79384",
    "0.90914",
    "0.53200",
    "0.25647",
    "0.80166",
    "0.51050",
    "0.85247",
    "0.92086",
    "0.93454",
    "0.73718",
    "0.29751",
    "0.20957",
    "0.19199",
    "0.58867",
    "0.86810",
    "0.12360",
    "0.57499",
    "0.06497",
    "0.56326",
    "0.66292",
    "0.08256",
    "0.16659",
    "0.38349",
    "0.82706",
    "0.71568",
    "0.89350",
    "0.32877",
    "0.61602",
    "0.47338",
    "0.24475",
    "0.39912",
    "0.02980",
    "0.35613",
    "0.22130",
    "0.59453",
    "0.06888",
    "0.36395",
    "0.82316",
    "0.91500",
    "0.73327",
    "0.49682",
    "0.04934",
    "0.36004",
    "0.02198",
    "0.75476",
    "0.90132",
    "0.93063",
    "0.93649",
    "0.13727",
    "0.37763",
    "0.62579",
    "0.47533",
    "0.64533",
    "0.47924",
    "0.44602",
    "0.63947",
    "0.27797",
    "0.20567",
    "0.39130",
    "0.42843",
    "0.03566",
    "0.55740",
    "0.46165",
    "0.84270",
    "0.91891",
    "0.53395",
    "0.65706",
    "0.88178",
    "0.92672",
    "0.13532",
    "0.97753",
    "0.54568",
    "0.05911",
    "0.36199",
    "0.42257",
    "0.83488",
    "0.31705",
    "0.21348",
    "0.99316",
    "0.74890",
    "0.70005",
    "0.69028",
    "0.68832",
    "0.28774",
    "0.20762",
    "0.79189",
    "0.50855",
    "0.45188",
    "0.84074",
    "0.51832",
    "0.45383",
    "0.24084",
    "0.59844",
    "0.87005",
    "0.52418",
    "0.65511",
    "0.48119",
    "0.84660",
    "0.71959",
    "0.69419",
    "0.48901",
    "0.44797",
    "0.03957",
    "0.35809",
    "0.62189",
    "0.67465",
    "0.48510",
    "0.64729",
    "0.87982",
    "0.52614",
    "0.05520",
    "0.56131",
    "0.26234",
    "0.00244",
    "0.75085",
    "0.10015",
    "0.77040",
    "0.10405",
    "0.57108",
    "0.26429",
    "0.40303"
  ]
}