{
  "metodo": "multiplicativo",
  "X0": 127797,
  "k": 34,
  "g": 11,
  "iteraciones": 200,
  "numeros": [
    "0.04348",
    "0.03762",
    "0.41475",
    "0.83097",
    "0.06693",
    "0.53004",
    "0.75085",
    "0.88569",
    "0.21544",
    "0.64729",
    "0.21153",
    "0.56522",
    "0.48901",
    "0.38935",
    "0.79775",
    "0.87005",
    "0.88764",
    "0.75672",
    "0.50855",
    "0.79971",
    "0.41085",
    "0.74890",
    "0.34441",
    "0.35418",
    "0.05911",
    "0.36590",
    "0.30532",
    "0.53395",
    "0.83293",
    "0.60821",
    "0.39130",
    "0.33854",
    "0.73131",
    "0.47533",
    "0.60234",
    "0.76844",
    "0.75476",
    "0.96776",
    "0.93845",
    "0.82316",
    "0.90327",
    "0.08451",
    "0.39912",
    "0.50269",
    "0.17636",
    "0.82706",
    "0.98534",
    "0.80752",
    "0.57499",
    "0.19394",
    "0.69614",
    "0.73718",
    "0.09819",
    "0.18613",
    "0.53200",
    "0.29165",
    "0.74695",
    "0.80362",
    "0.49292",
    "0.47142",
    "0.52027",
    "0.04543",
    "0.57890",
    "0.27601",
    "0.41866",
    "0.91304",
    "0.78994",
    "0.70591",
    "0.44211",
    "0.40498",
    "0.12555",
    "0.76063",
    "0.59062",
    "0.52223",
    "0.58671",
    "0.44016",
    "0.86419",
    "0.26429",
    "0.17245",
    "0.74499",
    "0.26234",
    "0.63166",
    "0.88373",
    "0.67465",
    "0.78603",
    "0.62384",
    "0.71959",
    "0.22912",
    "0.43429",
    "0.24084",
    "0.68051",
    "0.40889",
    "0.20762",
    "0.48315",
    "0.76649",
    "0.21348",
    "0.10601",
    "0.35027",
    "0.97753",
    "0.64338",
    "0.12946",
    "0.84270",
    "0.31314",
    "0.69809",
    "0.27797",
    "0.95994",
    "0.77430",
    "0.37763",
    "0.55154",
    "0.70200",
    "0.36004",
    "0.68246",
    "0.95017",
    "0.06888",
    "0.07084",
    "0.61212",
    "0.47338",
    "0.06106",
    "0.90718",
    "0.16659",
    "0.12164",
    "0.67855",
    "0.86810",
    "0.34636",
    "0.89546",
    "0.92086",
    "0.95408",
    "0.15095",
    "0.79384",
    "0.78798",
    "0.16463",
    "0.58085",
    "0.81729",
    "0.27992",
    "0.50073",
    "0.63556",
    "0.96580",
    "0.39717",
    "0.96190",
    "0.31510",
    "0.23889",
    "0.13923",
    "0.54763",
    "0.61993",
    "0.63752",
    "0.50660",
    "0.25843",
    "0.54958",
    "0.16072",
    "0.49878",
    "0.09428",
    "0.10405",
    "0.80948",
    "0.11578",
    "0.05520",
    "0.28383",
    "0.58280",
    "0.35809",
    "0.14118",
    "0.08842",
    "0.48119",
    "0.22521",
    "0.35222",
    "0.51832",
    "0.50464",
    "0.71764",
    "0.68832",
    "0.57303",
    "0.65315",
    "0.83488",
    "0.14900",
    "0.25256",
    "0.92672",
    "0.57694",
    "0.73522",
    "0.55740",
    "0.32487",
    "0.94431",
    "0.44602",
    "0.48705",
    "0.84856",
    "0.93649",
    "0.28188",
    "0.04152",
    "0.49682",
    "0.55349",
    "0.24279",
    "0.22130",
    "0.27015",
    "0.79580",
    "0.32877",
    "0.02589",
    "0.16854",
    "0.66292",
    "0.53981",
    "0.45579",
    "0.19199",
    "0.15486",
    "0.87592",
    "0.51050"
  ]
}