{
  "metodo": "multiplicativo",
  "X0": 57348,
  "k": 232,
  "g": 11,
  "iteraciones": 200,
  "numeros": [
    "0.63508",
    "0.29897",
    "0.11920",
    "0.72106",
    "0.22863",
    "0.26771",
    "0.96336",
    "0.93991",
    "0.32242",
    "0.73669",
    "0.30679",
    "0.65852",
    "0.91646",
    "0.70542",
    "0.15046",
    "0.87738",
    "0.00977",
    "0.17391",
    "0.49438",
    "0.59599",
    "0.60381",
    "0.14265",
    "0.33806",
    "0.81485",
    "0.69761",
    "0.61163",
    "0.68197",
    "0.53346",
    "0.29116",
    "0.58036",
    "0.52565",
    "0.75232",
    "0.38495",
    "0.04885",
    "0.86957",
    "0.47093",
    "0.97899",
    "0.01759",
    "0.71324",
    "0.68979",
    "0.07230",
    "0.48657",
    "0.05667",
    "0.40840",
    "0.66634",
    "0.45530",
    "0.90083",
    "0.62726",
    "0.76014",
    "0.92428",
    "0.24426",
    "0.34587",
    "0.35369",
    "0.89301",
    "0.08793",
    "0.56473",
    "0.44748",
    "0.36150",
    "0.43185",
    "0.28334",
    "0.04104",
    "0.33024",
    "0.27553",
    "0.50220",
    "0.13483",
    "0.79922",
    "0.61944",
    "0.22081",
    "0.72887",
    "0.76795",
    "0.46312",
    "0.43967",
    "0.82267",
    "0.23644",
    "0.80703",
    "0.15828",
    "0.41622",
    "0.20518",
    "0.65071",
    "0.37714",
    "0.51001",
    "0.67416",
    "0.99463",
    "0.09575",
    "0.10357",
    "0.64289",
    "0.83830",
    "0.31461",
    "0.19736",
    "0.11138",
    "0.18173",
    "0.03322",
    "0.79140",
    "0.08012",
    "0.02540",
    "0.25208",
    "0.88520",
    "0.54910",
    "0.36932",
    "0.97118",
    "0.47875",
    "0.51783",
    "0.21299",
    "0.18955",
    "0.57255",
    "0.98681",
    "0.55691",
    "0.90865",
    "0.16610",
    "0.95554",
    "0.40059",
    "0.12702",
    "0.25989",
    "0.42404",
    "0.74450",
    "0.84612",
    "0.85393",
    "0.39277",
    "0.58818",
    "0.06448",
    "0.94773",
    "0.86175",
    "0.93210",
    "0.78359",
    "0.54128",
    "0.83048",
    "0.77577",
    "0.00195",
    "0.63508",
    "0.29897",
    "0.11920",
    "0.72106",
    "0.22863",
    "0.26771",
    "0.96336",
    "0.93991",
    "0.32242",
    "0.73669",
    "0.30679",
    "0.65852",
    "0.91646",
    "0.70542",
    "0.15046",
    "0.87738",
    "0.00977",
    "0.17391",
    "0.49438",
    "0.59599",
    "0.60381",
    "0.14265",
    "0.33806",
    "0.81485",
    "0.69761",
    "0.61163",
    "0.68197",
    "0.53346",
    "0.29116",
    "0.58036",
    "0.52565",
    "0.75232",
    "0.38495",
    "0.04885",
    "0.86957",
    "0.47093",
    "0.97899",
    "0.01759",
    "0.71324",
    "0.68979",
    "0.07230",
    "0.48657",
    "0.05667",
    "0.40840",
    "0.66634",
    "0.45530",
    "0.90083",
    "0.62726",
    "0.76014",
    "0.92428",
    "0.24426",
    "0.34587",
    "0.35369",
    "0.89301",
    "0.08793",
    "0.56473",
    "0.44748",
    "0.36150",
    "0.43185",
    "0.28334",
    "0.04104",
    "0.33024",
    "0.27553",
    "0.50220",
    "0.13483",
    "0.79922",
    "0.61944",
    "0.22081",
    "0.72887",
    "0.76795",
    "0.46312",
    "0.43967"
  ]
}