{
  "metodo": "multiplicativo",
  "X0": 108668,
  "k": 254,
  "g": 17,
  "iteraciones": 200,
  "numeros": [
    "0.81772",
    "0.69260",
    "0.81895",
    "0.17917",
    "0.96665",
    "0.05441",
    "0.83897",
    "0.95896",
    "0.38901",
    "0.40842",
    "0.94492",
    "0.79343",
    "0.20981",
    "0.37961",
    "0.26181",
    "0.30759",
    "0.55405",
    "0.59299",
    "0.91465",
    "0.12644",
    "0.54673",
    "0.67356",
    "0.02841",
    "0.87498",
    "0.31284",
    "0.24631",
    "0.72812",
    "0.17819",
    "0.97739",
    "0.93626",
    "0.13876",
    "0.66111",
    "0.66538",
    "0.36838",
    "0.38535",
    "0.94871",
    "0.50180",
    "0.16770",
    "0.59287",
    "0.66599",
    "0.61167",
    "0.95921",
    "0.88633",
    "0.43796",
    "0.11997",
    "0.36789",
    "0.39072",
    "0.88962",
    "0.15170",
    "0.01877",
    "0.23105",
    "0.64597",
    "0.83189",
    "0.53684",
    "0.53232",
    "0.33200",
    "0.28549",
    "0.54709",
    "0.41953",
    "0.57273",
    "0.63755",
    "0.67454",
    "0.01767",
    "0.99314",
    "0.01303",
    "0.54416",
    "0.45176",
    "0.21823",
    "0.53696",
    "0.78098",
    "0.84678",
    "0.87302",
    "0.33432",
    "0.00998",
    "0.32773",
    "0.58249",
    "0.53012",
    "0.85618",
    "0.01962",
    "0.97166",
    "0.24936",
    "0.94456",
    "0.04746",
    "0.66550",
    "0.61704",
    "0.90012",
    "0.53623",
    "0.28903",
    "0.75815",
    "0.34787",
    "0.61094",
    "0.46726",
    "0.79771",
    "0.91282",
    "0.39658",
    "0.82517",
    "0.86069",
    "0.21994",
    "0.01816",
    "0.98777",
    "0.07211",
    "0.89426",
    "0.60068",
    "0.58005",
    "0.55698",
    "0.56076",
    "0.26914",
    "0.22702",
    "0.44028",
    "0.84446",
    "0.14853",
    "0.55368",
    "0.84702",
    "0.37033",
    "0.36386",
    "0.18503",
    "0.90220",
    "0.76340",
    "0.04013",
    "0.74607",
    "0.73081",
    "0.64866",
    "0.30234",
    "0.86179",
    "0.45786",
    "0.65110",
    "0.27548",
    "0.15720",
    "0.20835",
    "0.39572",
    "0.08456",
    "0.25730",
    "0.10727",
    "0.50754",
    "0.85459",
    "0.78708",
    "0.27963",
    "0.61155",
    "0.71055",
    "0.37155",
    "0.85044",
    "0.33274",
    "0.77744",
    "0.63572",
    "0.94468",
    "0.29611",
    "0.18027",
    "0.20456",
    "0.68735",
    "0.12668",
    "0.04404",
    "0.70310",
    "0.20346",
    "0.44944",
    "0.49375",
    "0.75632",
    "0.61802",
    "0.88938",
    "0.65439",
    "0.98923",
    "0.05600",
    "0.07150",
    "0.65098",
    "0.02683",
    "0.64243",
    "0.62082",
    "0.60849",
    "0.49411",
    "0.50229",
    "0.16232",
    "0.65195",
    "0.01608",
    "0.76060",
    "0.32102",
    "0.90635",
    "0.21774",
    "0.54233",
    "0.72190",
    "0.49668",
    "0.72410",
    "0.97251",
    "0.98997",
    "0.54795",
    "0.16013",
    "0.17612",
    "0.75022",
    "0.18515",
    "0.15085",
    "0.27817",
    "0.62766",
    "0.53330",
    "0.32126",
    "0.40366",
    "0.24729",
    "0.71738",
    "0.29636",
    "0.67759",
    "0.23410",
    "0.86240",
    "0.70115"
  ]
}