{
  "metodo": "multiplicativo",
  "X0": 92073,
  "k": 161,
  "g": 17,
  "iteraciones": 200,
  "numeros": [
    "0.28239",
    "0.12611",
    "0.05540",
    "0.62837",
    "0.47538",
    "0.66627",
    "0.48375",
    "0.47810",
    "0.17814",
    "0.33338",
    "0.06248",
    "0.78291",
    "0.29692",
    "0.90871",
    "0.94786",
    "0.57405",
    "0.23796",
    "0.67347",
    "0.79613",
    "0.38276",
    "0.90752",
    "0.40895",
    "0.76353",
    "0.24030",
    "0.71184",
    "0.39637",
    "0.50633",
    "0.67793",
    "0.55717",
    "0.41700",
    "0.18076",
    "0.72688",
    "0.84978",
    "0.75209",
    "0.44310",
    "0.91841",
    "0.49589",
    "0.18287",
    "0.44957",
    "0.28376",
    "0.90178",
    "0.99062",
    "0.85643",
    "0.35420",
    "0.97368",
    "0.95656",
    "0.81993",
    "0.16096",
    "0.11784",
    "0.36195",
    "0.99632",
    "0.23530",
    "0.24052",
    "0.98805",
    "0.54185",
    "0.60847",
    "0.74797",
    "0.11610",
    "0.11277",
    "0.81172",
    "0.54643",
    "0.52736",
    "0.86534",
    "0.87630",
    "0.04215",
    "0.50306",
    "0.45579",
    "0.33345",
    "0.14140",
    "0.82448",
    "0.04038",
    "0.21443",
    "0.25041",
    "0.77284",
    "0.27537",
    "0.05048",
    "0.27543",
    "0.12940",
    "0.31700",
    "0.87288",
    "0.62272",
    "0.17542",
    "0.82152",
    "0.21284",
    "0.19853",
    "0.69215",
    "0.94517",
    "0.10163",
    "0.40910",
    "0.96083",
    "0.34422",
    "0.07050",
    "0.16068",
    "0.76271",
    "0.17491",
    "0.15070",
    "0.85954",
    "0.37904",
    "0.09348",
    "0.87349",
    "0.41191",
    "0.59108",
    "0.25620",
    "0.27009",
    "0.22404",
    "0.68007",
    "0.31932",
    "0.87178",
    "0.20219",
    "0.42726",
    "0.43907",
    "0.70979",
    "0.75261",
    "0.11390",
    "0.27171",
    "0.31538",
    "0.78154",
    "0.52125",
    "0.97350",
    "0.71980",
    "0.69523",
    "0.93056",
    "0.20066",
    "0.45430",
    "0.39994",
    "0.12306",
    "0.10948",
    "0.55012",
    "0.30192",
    "0.38002",
    "0.35618",
    "0.53852",
    "0.30741",
    "0.48268",
    "0.09702",
    "0.45076",
    "0.82268",
    "0.71229",
    "0.98827",
    "0.81807",
    "0.75395",
    "0.85011",
    "0.18614",
    "0.67170",
    "0.50749",
    "0.17738",
    "0.34690",
    "0.54292",
    "0.98955",
    "0.47535",
    "0.62681",
    "0.46296",
    "0.60637",
    "0.02528",
    "0.68211",
    "0.96309",
    "0.26420",
    "0.60841",
    "0.66905",
    "0.07453",
    "0.36930",
    "0.50599",
    "0.24388",
    "0.32856",
    "0.82793",
    "0.49928",
    "0.56285",
    "0.75642",
    "0.04630",
    "0.86952",
    "0.28221",
    "0.88936",
    "0.93071",
    "0.39796",
    "0.55821",
    "0.75862",
    "0.88737",
    "0.36586",
    "0.04710",
    "0.89546",
    "0.82255",
    "0.55446",
    "0.90514",
    "0.33113",
    "0.14250",
    "0.24500",
    "0.78856",
    "0.59687",
    "0.75346",
    "0.21876",
    "0.85362",
    "0.72395",
    "0.06168",
    "0.75697",
    "0.75657",
    "0.24360",
    "0.97343",
    "0.64088",
    "0.65367",
    "0.18708"
  ]
}