{
  "metodo": "multiplicativo",
  "X0": 50881,
  "k": 242,
  "g": 15,
  "iteraciones": 200,
  "numeros": [
    "0.91668",
    "0.23026",
    "0.92523",
    "0.81597",
    "0.75604",
    "0.41923",
    "0.70598",
    "0.27445",
    "0.69695",
    "0.74102",
    "0.27580",
    "0.30326",
    "0.61443",
    "0.57060",
    "0.50969",
    "0.27738",
    "0.38347",
    "0.28300",
    "0.28263",
    "0.57183",
    "0.87909",
    "0.25321",
    "0.46965",
    "0.56157",
    "0.97626",
    "0.85626",
    "0.94574",
    "0.62163",
    "0.54997",
    "0.46709",
    "0.58586",
    "0.12699",
    "0.47526",
    "0.46074",
    "0.26505",
    "0.45268",
    "0.62712",
    "0.21220",
    "0.85833",
    "0.97369",
    "0.88055",
    "0.09647",
    "0.24064",
    "0.06497",
    "0.11051",
    "0.48857",
    "0.28703",
    "0.10160",
    "0.19205",
    "0.76348",
    "0.87249",
    "0.45854",
    "0.00015",
    "0.29618",
    "0.87201",
    "0.51079",
    "0.40983",
    "0.46171",
    "0.16056",
    "0.63335",
    "0.29606",
    "0.63506",
    "0.61321",
    "0.20121",
    "0.53386",
    "0.19120",
    "0.10489",
    "0.58940",
    "0.99823",
    "0.50517",
    "0.51067",
    "0.17289",
    "0.56413",
    "0.95196",
    "0.70550",
    "0.32670",
    "0.10660",
    "0.90655",
    "0.56438",
    "0.42582",
    "0.50066",
    "0.74395",
    "0.96234",
    "0.84527",
    "0.62127",
    "0.83917",
    "0.77435",
    "0.96002",
    "0.34342",
    "0.56719",
    "0.87542",
    "0.14505",
    "0.54216",
    "0.30302",
    "0.14054",
    "0.77544",
    "0.09244",
    "0.42167",
    "0.44475",
    "0.22611",
    "0.86932",
    "0.29814",
    "0.66301",
    "0.87213",
    "0.74773",
    "0.30741",
    "0.67034",
    "0.08841",
    "0.60271",
    "0.82452",
    "0.34172",
    "0.25004",
    "0.30924",
    "0.22440",
    "0.55217",
    "0.73199",
    "0.74236",
    "0.88214",
    "0.17667",
    "0.90924",
    "0.77703",
    "0.17264",
    "0.09024",
    "0.15677",
    "0.28825",
    "0.47099",
    "0.16788",
    "0.84967",
    "0.15104",
    "0.15213",
    "0.28459",
    "0.36283",
    "0.24039",
    "0.59111",
    "0.31535",
    "0.07132",
    "0.43132",
    "0.16288",
    "0.13517",
    "0.35014",
    "0.59880",
    "0.24247",
    "0.61907",
    "0.57427",
    "0.61785",
    "0.20487",
    "0.64202",
    "0.11869",
    "0.36344",
    "0.42509",
    "0.07901",
    "0.35844",
    "0.71062",
    "0.27812",
    "0.80511",
    "0.66851",
    "0.53435",
    "0.13895",
    "0.69524",
    "0.42387",
    "0.70965",
    "0.38261",
    "0.62444",
    "0.99957",
    "0.11148",
    "0.38408",
    "0.46770",
    "0.77056",
    "0.61492",
    "0.51836",
    "0.10001",
    "0.11185",
    "0.09488",
    "0.16044",
    "0.39640",
    "0.39848",
    "0.42644",
    "0.68535",
    "0.23185",
    "0.00540",
    "0.48454",
    "0.46806",
    "0.48137",
    "0.30766",
    "0.14420",
    "0.88360",
    "0.01993",
    "0.68023",
    "0.28043",
    "0.30692",
    "0.72259",
    "0.49809",
    "0.76824",
    "0.11307",
    "0.46428",
    "0.13627",
    "0.48259",
    "0.67705",
    "0.12003",
    "0.96979"
  ]
}