{
  "metodo": "multiplicativo",
  "X0": 57861,
  "k": 143,
  "g": 16,
  "iteraciones": 200,
  "numeros": [
    "0.43923",
    "0.66867",
    "0.28505",
    "0.52181",
    "0.55373",
    "0.23140",
    "0.87808",
    "0.89902",
    "0.95340",
    "0.43868",
    "0.03749",
    "0.07698",
    "0.45071",
    "0.85299",
    "0.07582",
    "0.11824",
    "0.85818",
    "0.03682",
    "0.30556",
    "0.08528",
    "0.98831",
    "0.55270",
    "0.03920",
    "0.04060",
    "0.65359",
    "0.96310",
    "0.58926",
    "0.04671",
    "0.66653",
    "0.83053",
    "0.26821",
    "0.16609",
    "0.83963",
    "0.71749",
    "0.38857",
    "0.46126",
    "0.98538",
    "0.18648",
    "0.26284",
    "0.99472",
    "0.91629",
    "0.80002",
    "0.20351",
    "0.82895",
    "0.44485",
    "0.12056",
    "0.52309",
    "0.02644",
    "0.38357",
    "0.71066",
    "0.53408",
    "0.64974",
    "0.54495",
    "0.13277",
    "0.54897",
    "0.76132",
    "0.74148",
    "0.94943",
    "0.88028",
    "0.42367",
    "0.78567",
    "0.72311",
    "0.84048",
    "0.69931",
    "0.49001",
    "0.01631",
    "0.74209",
    "0.65072",
    "0.66702",
    "0.39156",
    "0.89761",
    "0.34041",
    "0.12917",
    "0.41134",
    "0.61953",
    "0.83090",
    "0.68899",
    "0.63815",
    "0.22036",
    "0.18465",
    "0.15895",
    "0.63449",
    "0.01259",
    "0.46419",
    "0.35158",
    "0.96286",
    "0.30874",
    "0.73202",
    "0.07936",
    "0.18575",
    "0.42129",
    "0.05061",
    "0.15480",
    "0.86569",
    "0.66275",
    "0.48251",
    "0.39040",
    "0.56515",
    "0.34560",
    "0.09017",
    "0.59866",
    "0.84665",
    "0.78238",
    "0.93613",
    "0.59207",
    "0.27266",
    "0.28554",
    "0.08284",
    "0.18312",
    "0.40572",
    "0.16762",
    "0.59286",
    "0.18434",
    "0.80832",
    "0.74112",
    "0.52865",
    "0.40822",
    "0.04292",
    "0.31850",
    "0.95273",
    "0.66726",
    "0.67208",
    "0.21230",
    "0.92758",
    "0.77395",
    "0.25826",
    "0.73501",
    "0.51571",
    "0.54079",
    "0.36397",
    "0.19911",
    "0.77963",
    "0.78030",
    "0.55172",
    "0.91714",
    "0.78183",
    "0.30495",
    "0.38399",
    "0.20156",
    "0.58480",
    "0.92728",
    "0.42330",
    "0.36489",
    "0.25106",
    "0.45974",
    "0.23214",
    "0.71963",
    "0.84311",
    "0.71487",
    "0.37301",
    "0.57827",
    "0.42342",
    "0.50515",
    "0.40841",
    "0.25332",
    "0.05452",
    "0.64309",
    "0.90085",
    "0.05727",
    "0.79892",
    "0.94119",
    "0.41280",
    "0.30263",
    "0.71908",
    "0.21193",
    "0.50680",
    "0.30190",
    "0.87753",
    "0.26784",
    "0.74533",
    "0.36757",
    "0.33675",
    "0.92142",
    "0.69088",
    "0.81216",
    "0.15926",
    "0.98514",
    "0.90597",
    "0.94815",
    "0.40755",
    "0.27150",
    "0.95309",
    "0.08803",
    "0.14412",
    "0.59304",
    "0.39474",
    "0.54434",
    "0.43148",
    "0.76223",
    "0.79342",
    "0.62954",
    "0.33211",
    "0.59158",
    "0.71164",
    "0.65615",
    "0.90854",
    "0.89358",
    "0.71188",
    "0.93668",
    "0.22322"
  ]
}