{
  "metodo": "multiplicativo",
  "X0": 169619,
  "k": 6,
  "g": 16,
  "iteraciones": 200,
  "numeros": [
    "0.17357",
    "0.19915",
    "0.55456",
    "0.39117",
    "0.73144",
    "0.76580",
    "0.58703",
    "0.11211",
    "0.94165",
    "0.90668",
    "0.05309",
    "0.81353",
    "0.11669",
    "0.18425",
    "0.76526",
    "0.55792",
    "0.56909",
    "0.16106",
    "0.53600",
    "0.40777",
    "0.61132",
    "0.39959",
    "0.17784",
    "0.42559",
    "0.55590",
    "0.46233",
    "0.50329",
    "0.67388",
    "0.71533",
    "0.91180",
    "0.32482",
    "0.21514",
    "0.40209",
    "0.31048",
    "0.45495",
    "0.11186",
    "0.92871",
    "0.22087",
    "0.70617",
    "0.42657",
    "0.60766",
    "0.20549",
    "0.89099",
    "0.22173",
    "0.75146",
    "0.82684",
    "0.82190",
    "0.55987",
    "0.67260",
    "0.64739",
    "0.31139",
    "0.50347",
    "0.68359",
    "0.22966",
    "0.17198",
    "0.11504",
    "0.09691",
    "0.13616",
    "0.21617",
    "0.45708",
    "0.22509",
    "0.92938",
    "0.25646",
    "0.59210",
    "0.38061",
    "0.17180",
    "0.10533",
    "0.58257",
    "0.87597",
    "0.42596",
    "0.57531",
    "0.49102",
    "0.02367",
    "0.25432",
    "0.47887",
    "0.37993",
    "0.13622",
    "0.21941",
    "0.62853",
    "0.31182",
    "0.52612",
    "0.88373",
    "0.83679",
    "0.34917",
    "0.50585",
    "0.80975",
    "0.91614",
    "0.55450",
    "0.38793",
    "0.55999",
    "0.67907",
    "0.99030",
    "0.48486",
    "0.69696",
    "0.93811",
    "0.71905",
    "0.10912",
    "0.78314",
    "0.50573",
    "0.80328",
    "0.57324",
    "0.38103",
    "0.19445",
    "0.30547",
    "0.18968",
    "0.05315",
    "0.81677",
    "0.28814",
    "0.27098",
    "0.36199",
    "0.18517",
    "0.81378",
    "0.12963",
    "0.87005",
    "0.11217",
    "0.94488",
    "0.07811",
    "0.13982",
    "0.41027",
    "0.74395",
    "0.42895",
    "0.73382",
    "0.89197",
    "0.27349",
    "0.49462",
    "0.21453",
    "0.36974",
    "0.59600",
    "0.58764",
    "0.14446",
    "0.65612",
    "0.77398",
    "0.02049",
    "0.08611",
    "0.56359",
    "0.86993",
    "0.10570",
    "0.60198",
    "0.90466",
    "0.94635",
    "0.15575",
    "0.25457",
    "0.49181",
    "0.06572",
    "0.48315",
    "0.60638",
    "0.13756",
    "0.29058",
    "0.40038",
    "0.21990",
    "0.65441",
    "0.68341",
    "0.21996",
    "0.65765",
    "0.85486",
    "0.30669",
    "0.25438",
    "0.48211",
    "0.55138",
    "0.22295",
    "0.81616",
    "0.25579",
    "0.55651",
    "0.49468",
    "0.21776",
    "0.54119",
    "0.68273",
    "0.18437",
    "0.77173",
    "0.90082",
    "0.74255",
    "0.35454",
    "0.79052",
    "0.89715",
    "0.54846",
    "0.06767",
    "0.58666",
    "0.09270",
    "0.91296",
    "0.38628",
    "0.47265",
    "0.04997",
    "0.64855",
    "0.37285",
    "0.76098",
    "0.33147",
    "0.56774",
    "0.08989",
    "0.76416",
    "0.49969",
    "0.48302",
    "0.59991",
    "0.79467",
    "0.11711",
    "0.20690",
    "0.96539",
    "0.16503",
    "0.74627",
    "0.55187",
    "0.24883"
  ]
}