{
  "metodo": "multiplicativo",
  "X0": 45030,
  "k": 21,
  "g": 11,
  "iteraciones": 200,
  "numeros": [
    "0.80410",
    "0.04201",
    "0.26478",
    "0.78456",
    "0.66341",
    "0.71422",
    "0.49927",
    "0.33122",
    "0.27259",
    "0.13581",
    "0.48363",
    "0.62824",
    "0.63214",
    "0.30777",
    "0.21788",
    "0.67513",
    "0.74157",
    "0.22960",
    "0.70249",
    "0.47191",
    "0.60088",
    "0.90181",
    "0.93698",
    "0.01856",
    "0.21006",
    "0.32340",
    "0.92135",
    "0.31558",
    "0.56961",
    "0.49536",
    "0.65559",
    "0.36248",
    "0.67904",
    "0.41720",
    "0.13972",
    "0.15926",
    "0.53835",
    "0.08891",
    "0.37421",
    "0.70640",
    "0.14753",
    "0.51099",
    "0.35857",
    "0.00293",
    "0.50708",
    "0.68295",
    "0.09282",
    "0.04983",
    "0.61651",
    "0.60479",
    "0.57743",
    "0.84709",
    "0.47582",
    "0.27650",
    "0.81192",
    "0.39375",
    "0.08500",
    "0.69858",
    "0.79629",
    "0.69077",
    "0.44455",
    "0.87054",
    "0.53053",
    "0.73766",
    "0.55398",
    "0.79238",
    "0.01466",
    "0.53444",
    "0.41329",
    "0.46409",
    "0.24915",
    "0.08109",
    "0.02247",
    "0.88617",
    "0.23351",
    "0.37811",
    "0.38202",
    "0.05765",
    "0.96825",
    "0.42501",
    "0.49145",
    "0.97997",
    "0.45237",
    "0.22179",
    "0.35076",
    "0.65169",
    "0.68686",
    "0.76893",
    "0.96043",
    "0.07328",
    "0.67123",
    "0.06546",
    "0.31949",
    "0.24524",
    "0.40547",
    "0.11236",
    "0.42892",
    "0.16707",
    "0.89008",
    "0.90962",
    "0.28823",
    "0.83928",
    "0.12408",
    "0.45628",
    "0.89790",
    "0.26087",
    "0.10845",
    "0.75330",
    "0.25696",
    "0.43283",
    "0.84319",
    "0.80020",
    "0.36639",
    "0.35467",
    "0.32731",
    "0.59697",
    "0.22570",
    "0.02638",
    "0.56180",
    "0.14362",
    "0.83537",
    "0.44846",
    "0.54617",
    "0.44064",
    "0.19443",
    "0.62042",
    "0.28041",
    "0.48754",
    "0.30386",
    "0.54226",
    "0.76502",
    "0.28432",
    "0.16317",
    "0.21397",
    "0.99951",
    "0.83146",
    "0.77284",
    "0.63605",
    "0.98388",
    "0.12799",
    "0.13190",
    "0.80801",
    "0.71812",
    "0.17489",
    "0.24133",
    "0.72985",
    "0.20225",
    "0.97215",
    "0.10064",
    "0.40156",
    "0.43674",
    "0.51881",
    "0.71031",
    "0.82364",
    "0.42110",
    "0.81583",
    "0.06937",
    "0.99560",
    "0.15535",
    "0.86273",
    "0.17880",
    "0.91744",
    "0.63996",
    "0.65950",
    "0.03810",
    "0.58915",
    "0.87445",
    "0.20616",
    "0.64778",
    "0.01075",
    "0.85882",
    "0.50318",
    "0.00684",
    "0.18271",
    "0.59306",
    "0.55007",
    "0.11627",
    "0.10454",
    "0.07719",
    "0.34685",
    "0.97606",
    "0.77675",
    "0.31168",
    "0.89399",
    "0.58525",
    "0.19834",
    "0.29604",
    "0.19052",
    "0.94480",
    "0.37030",
    "0.03029",
    "0.23742",
    "0.05374",
    "0.29213",
    "0.51490",
    "0.03420",
    "0.91353",
    "0.96434",
    "0.74939",
    "0.58134"
  ]
}