{
  "metodo": "multiplicativo",
  "X0": 167859,
  "k": 201,
  "g": 11,
  "iteraciones": 200,
  "numeros": [
    "0.35515",
    "0.58378",
    "0.17929",
    "0.04836",
    "0.97264",
    "0.10699",
    "0.48412",
    "0.50953",
    "0.46458",
    "0.00537",
    "0.66390",
    "0.34538",
    "0.83195",
    "0.27894",
    "0.71861",
    "0.55642",
    "0.07377",
    "0.92770",
    "0.64827",
    "0.14216",
    "0.19101",
    "0.95115",
    "0.45286",
    "0.10308",
    "0.18319",
    "0.34929",
    "0.13239",
    "0.43918",
    "0.05032",
    "0.12262",
    "0.68735",
    "0.14998",
    "0.79287",
    "0.27113",
    "0.11676",
    "0.23596",
    "0.40987",
    "0.79482",
    "0.42159",
    "0.69712",
    "0.90230",
    "0.69321",
    "0.60137",
    "0.53298",
    "0.26917",
    "0.96678",
    "0.65608",
    "0.74402",
    "0.51148",
    "0.61505",
    "0.58574",
    "0.32975",
    "0.62872",
    "0.63850",
    "0.39033",
    "0.29067",
    "0.62091",
    "0.03664",
    "0.06986",
    "0.62677",
    "0.48803",
    "0.81045",
    "0.62482",
    "0.33757",
    "0.23009",
    "0.95896",
    "0.05423",
    "0.42355",
    "0.84758",
    "0.48217",
    "0.35906",
    "0.88471",
    "0.33952",
    "0.38056",
    "0.53884",
    "0.72057",
    "0.70689",
    "0.65413",
    "0.59355",
    "0.93161",
    "0.94919",
    "0.30239",
    "0.52320",
    "0.51734",
    "0.06595",
    "0.32584",
    "0.32780",
    "0.47826",
    "0.05813",
    "0.72447",
    "0.00733",
    "0.81436",
    "0.92574",
    "0.49780",
    "0.56229",
    "0.52516",
    "0.66781",
    "0.64631",
    "0.99218",
    "0.61114",
    "0.28481",
    "0.16952",
    "0.29653",
    "0.07181",
    "0.77723",
    "0.06790",
    "0.47631",
    "0.90816",
    "0.14411",
    "0.34148",
    "0.53102",
    "0.11871",
    "0.38642",
    "0.99023",
    "0.46067",
    "0.70493",
    "0.50366",
    "0.01319",
    "0.26527",
    "0.66585",
    "0.49585",
    "0.41182",
    "0.94529",
    "0.00147",
    "0.36297",
    "0.18515",
    "0.49976",
    "0.71275",
    "0.10503",
    "0.33366",
    "0.92965",
    "0.79873",
    "0.72252",
    "0.85735",
    "0.23400",
    "0.25940",
    "0.21446",
    "0.75574",
    "0.41378",
    "0.09526",
    "0.58183",
    "0.02882",
    "0.46849",
    "0.30630",
    "0.82413",
    "0.67758",
    "0.39814",
    "0.89253",
    "0.94138",
    "0.70103",
    "0.20274",
    "0.85344",
    "0.93356",
    "0.09917",
    "0.88276",
    "0.18906",
    "0.80068",
    "0.87298",
    "0.43723",
    "0.90034",
    "0.54275",
    "0.02101",
    "0.86712",
    "0.98632",
    "0.15975",
    "0.54470",
    "0.17147",
    "0.44700",
    "0.65217",
    "0.44309",
    "0.35125",
    "0.28285",
    "0.01905",
    "0.71666",
    "0.40596",
    "0.49389",
    "0.26136",
    "0.36492",
    "0.33561",
    "0.07963",
    "0.37860",
    "0.38837",
    "0.14021",
    "0.04055",
    "0.37079",
    "0.78701",
    "0.82022",
    "0.37665",
    "0.23791",
    "0.56033",
    "0.37469",
    "0.08745",
    "0.98046",
    "0.70884",
    "0.80459",
    "0.17342",
    "0.59746",
    "0.23205",
    "0.10894",
    "0.63459"
  ]
}