{
  "metodo": "multiplicativo",
  "X0": 59031,
  "k": 5,
  "g": 18,
  "iteraciones": 200,
  "numeros": [
    "0.13334",
    "0.00042",
    "0.01905",
    "0.85745",
    "0.58519",
    "0.33337",
    "0.00166",
    "0.07467",
    "0.36027",
    "0.21222",
    "0.54970",
    "0.73624",
    "0.13047",
    "0.87134",
    "0.21003",
    "0.45151",
    "0.31767",
    "0.29510",
    "0.27955",
    "0.57986",
    "0.09373",
    "0.21789",
    "0.80513",
    "0.23068",
    "0.38054",
    "0.12408",
    "0.58363",
    "0.26333",
    "0.84996",
    "0.24804",
    "0.16194",
    "0.28720",
    "0.92387",
    "0.57416",
    "0.83693",
    "0.66165",
    "0.77415",
    "0.83679",
    "0.65547",
    "0.49606",
    "0.32268",
    "0.52032",
    "0.41444",
    "0.64981",
    "0.24131",
    "0.85913",
    "0.66072",
    "0.73227",
    "0.95195",
    "0.83758",
    "0.69118",
    "0.10281",
    "0.62645",
    "0.19006",
    "0.55269",
    "0.87082",
    "0.18669",
    "0.40094",
    "0.04213",
    "0.89566",
    "0.30455",
    "0.70459",
    "0.70637",
    "0.78671",
    "0.40190",
    "0.08538",
    "0.84230",
    "0.90335",
    "0.65062",
    "0.27771",
    "0.49678",
    "0.35495",
    "0.97258",
    "0.76593",
    "0.46669",
    "0.00088",
    "0.03965",
    "0.78442",
    "0.29890",
    "0.45053",
    "0.27372",
    "0.31756",
    "0.29030",
    "0.06326",
    "0.84666",
    "0.09973",
    "0.48775",
    "0.94846",
    "0.68034",
    "0.61529",
    "0.68812",
    "0.96548",
    "0.44664",
    "0.09863",
    "0.43831",
    "0.72372",
    "0.56743",
    "0.53412",
    "0.03517",
    "0.58255",
    "0.21458",
    "0.65613",
    "0.52559",
    "0.65134",
    "0.30998",
    "0.94904",
    "0.70644",
    "0.78946",
    "0.52550",
    "0.64722",
    "0.12458",
    "0.60629",
    "0.28300",
    "0.73505",
    "0.07692",
    "0.46121",
    "0.75438",
    "0.94690",
    "0.61030",
    "0.46359",
    "0.86150",
    "0.76715",
    "0.52162",
    "0.47281",
    "0.27623",
    "0.43017",
    "0.35774",
    "0.09823",
    "0.42045",
    "0.92035",
    "0.41554",
    "0.69925",
    "0.46605",
    "0.97205",
    "0.74190",
    "0.38522",
    "0.33488",
    "0.06964",
    "0.13368",
    "0.01553",
    "0.69884",
    "0.44751",
    "0.13777",
    "0.19955",
    "0.97978",
    "0.09002",
    "0.05104",
    "0.29666",
    "0.34959",
    "0.73157",
    "0.92036",
    "0.41623",
    "0.73015",
    "0.85651",
    "0.54262",
    "0.41763",
    "0.79332",
    "0.69922",
    "0.46467",
    "0.91025",
    "0.96098",
    "0.24408",
    "0.98341",
    "0.25345",
    "0.40501",
    "0.22546",
    "0.14570",
    "0.55661",
    "0.04728",
    "0.12774",
    "0.74843",
    "0.67911",
    "0.55968",
    "0.18530",
    "0.33845",
    "0.23031",
    "0.36406",
    "0.38250",
    "0.21266",
    "0.56961",
    "0.63231",
    "0.45373",
    "0.41792",
    "0.80637",
    "0.28630",
    "0.88336",
    "0.75111",
    "0.79996",
    "0.99791",
    "0.90576",
    "0.75911",
    "0.15976",
    "0.18901",
    "0.50531",
    "0.73878",
    "0.24514",
    "0.03148",
    "0.41638",
    "0.73701",
    "0.16549"
  ]
}