{
  "metodo": "multiplicativo",
  "X0": 164890,
  "k": 10,
  "g": 14,
  "iteraciones": 200,
  "numeros": [
    "0.44742",
    "0.02796",
    "0.37612",
    "0.96844",
    "0.31264",
    "0.57291",
    "0.69450",
    "0.02893",
    "0.45913",
    "0.02405",
    "0.04407",
    "0.74577",
    "0.38686",
    "0.88152",
    "0.92498",
    "0.61881",
    "0.59586",
    "0.64518",
    "0.83709",
    "0.14808",
    "0.58610",
    "0.81511",
    "0.28041",
    "0.83367",
    "0.85760",
    "0.89129",
    "0.75505",
    "0.17543",
    "0.91033",
    "0.37368",
    "0.76091",
    "0.67350",
    "0.24428",
    "0.76238",
    "0.79802",
    "0.82781",
    "0.35952",
    "0.55728",
    "0.36636",
    "0.13831",
    "0.75603",
    "0.25844",
    "0.96600",
    "0.10511",
    "0.93377",
    "0.36587",
    "0.09681",
    "0.22816",
    "0.39272",
    "0.37954",
    "0.25893",
    "0.00745",
    "0.63297",
    "0.79949",
    "0.95233",
    "0.94305",
    "0.15443",
    "0.12562",
    "0.67692",
    "0.53482",
    "0.45718",
    "0.85808",
    "0.93280",
    "0.28285",
    "0.04114",
    "0.49673",
    "0.21986",
    "0.68718",
    "0.40640",
    "0.54166",
    "0.03821",
    "0.24770",
    "0.05286",
    "0.49283",
    "0.88787",
    "0.46451",
    "0.48062",
    "0.85027",
    "0.26869",
    "0.83758",
    "0.18959",
    "0.11390",
    "0.68083",
    "0.86687",
    "0.67985",
    "0.78386",
    "0.62418",
    "0.05237",
    "0.45132",
    "0.36001",
    "0.59879",
    "0.89422",
    "0.00403",
    "0.34243",
    "0.10462",
    "0.89227",
    "0.83806",
    "0.23109",
    "0.64176",
    "0.54654",
    "0.45327",
    "0.52603",
    "0.71013",
    "0.35708",
    "0.34975",
    "0.72722",
    "0.80974",
    "0.82390",
    "0.02747",
    "0.33462",
    "0.44058",
    "0.44693",
    "0.98651",
    "0.84832",
    "0.10267",
    "0.72624",
    "0.72673",
    "0.76824",
    "0.29604",
    "0.16175",
    "0.74821",
    "0.59440",
    "0.52066",
    "0.25356",
    "0.55094",
    "0.82683",
    "0.27651",
    "0.50162",
    "0.63493",
    "0.96551",
    "0.06360",
    "0.40591",
    "0.50015",
    "0.51041",
    "0.38198",
    "0.46646",
    "0.64665",
    "0.96161",
    "0.73161",
    "0.18324",
    "0.57438",
    "0.81902",
    "0.61246",
    "0.05628",
    "0.78337",
    "0.58268",
    "0.52457",
    "0.58561",
    "0.77361",
    "0.75261",
    "0.96795",
    "0.27113",
    "0.04505",
    "0.82879",
    "0.44253",
    "0.61295",
    "0.09778",
    "0.31118",
    "0.44839",
    "0.11097",
    "0.43179",
    "0.69987",
    "0.48550",
    "0.26527",
    "0.54703",
    "0.49478",
    "0.05384",
    "0.57584",
    "0.94354",
    "0.19593",
    "0.65348",
    "0.54264",
    "0.12122",
    "0.30336",
    "0.78435",
    "0.66569",
    "0.58024",
    "0.31704",
    "0.94647",
    "0.44497",
    "0.82048",
    "0.73698",
    "0.63981",
    "0.38052",
    "0.34194",
    "0.06311",
    "0.36440",
    "0.97235",
    "0.64469",
    "0.79558",
    "0.62028",
    "0.72038",
    "0.22865",
    "0.43423",
    "0.90740",
    "0.12464",
    "0.59391",
    "0.47916",
    "0.72575",
    "0.68522"
  ]
}