{
  "metodo": "multiplicativo",
  "X0": 56546,
  "k": 217,
  "g": 16,
  "iteraciones": 200,
  "numeros": [
    "0.17569",
    "0.87578",
    "0.70329",
    "0.40629",
    "0.33439",
    "0.15750",
    "0.20963",
    "0.95756",
    "0.09464",
    "0.75956",
    "0.38004",
    "0.64164",
    "0.08145",
    "0.80693",
    "0.83952",
    "0.58354",
    "0.91984",
    "0.42460",
    "0.21305",
    "0.90825",
    "0.23478",
    "0.73759",
    "0.12564",
    "0.74076",
    "0.65129",
    "0.87089",
    "0.20230",
    "0.20609",
    "0.79435",
    "0.94951",
    "0.06802",
    "0.42924",
    "0.28898",
    "0.09842",
    "0.34781",
    "0.53519",
    "0.76017",
    "0.44266",
    "0.66667",
    "0.64897",
    "0.83293",
    "0.10721",
    "0.64958",
    "0.89555",
    "0.13223",
    "0.21707",
    "0.92155",
    "0.39994",
    "0.28312",
    "0.89726",
    "0.10758",
    "0.28714",
    "0.91057",
    "0.27274",
    "0.83268",
    "0.68217",
    "0.63957",
    "0.46854",
    "0.72184",
    "0.71000",
    "0.09512",
    "0.60966",
    "0.40006",
    "0.49564",
    "0.90227",
    "0.82109",
    "0.49235",
    "0.16410",
    "0.68595",
    "0.22782",
    "0.62370",
    "0.84038",
    "0.07120",
    "0.95488",
    "0.41910",
    "0.64945",
    "0.68302",
    "0.12723",
    "0.50358",
    "0.71635",
    "0.14640",
    "0.86992",
    "0.50211",
    "0.16605",
    "0.08634",
    "0.30790",
    "0.03970",
    "0.12357",
    "0.12784",
    "0.56620",
    "0.74137",
    "0.71391",
    "0.89592",
    "0.76982",
    "0.23209",
    "0.06204",
    "0.01553",
    "0.04373",
    "0.13687",
    "0.29300",
    "0.11173",
    "0.51298",
    "0.08072",
    "0.53178",
    "0.80949",
    "0.30253",
    "0.68864",
    "0.90336",
    "0.73381",
    "0.53739",
    "0.58561",
    "0.53275",
    "0.50968",
    "0.34257",
    "0.39664",
    "0.54496",
    "0.76213",
    "0.84306",
    "0.74675",
    "0.06497",
    "0.11612",
    "0.16385",
    "0.26090",
    "0.21781",
    "0.19669",
    "0.42997",
    "0.56413",
    "0.12845",
    "0.62882",
    "0.76640",
    "0.28141",
    "0.92192",
    "0.03751",
    "0.29813",
    "0.03775",
    "0.72319",
    "0.04776",
    "0.15018",
    "0.45817",
    "0.65727",
    "0.28458",
    "0.44755",
    "0.16764",
    "0.84916",
    "0.37296",
    "0.31522",
    "0.79118",
    "0.42387",
    "0.93791",
    "0.87822",
    "0.95378",
    "0.50639",
    "0.60441",
    "0.26151",
    "0.28043",
    "0.22171",
    "0.99748",
    "0.59013",
    "0.39615",
    "0.69487",
    "0.74211",
    "0.98906",
    "0.92595",
    "0.05081",
    "0.46329",
    "0.58329",
    "0.49479",
    "0.41459",
    "0.78605",
    "0.49784",
    "0.72770",
    "0.91118",
    "0.33536",
    "0.85771",
    "0.24967",
    "0.66557",
    "0.73625",
    "0.78788",
    "0.68571",
    "0.80278",
    "0.61369",
    "0.41337",
    "0.66081",
    "0.44779",
    "0.59269",
    "0.85917",
    "0.79997",
    "0.72563",
    "0.29825",
    "0.25028",
    "0.72819",
    "0.76127",
    "0.35538",
    "0.71171",
    "0.07047",
    "0.67973",
    "0.38907",
    "0.36844",
    "0.45182",
    "0.60600"
  ]
}