{
  "metodo": "multiplicativo",
  "X0": 62658,
  "k": 263,
  "g": 11,
  "iteraciones": 200,
  "numeros": [
    "0.27846",
    "0.97802",
    "0.63019",
    "0.42306",
    "0.79433",
    "0.43087",
    "0.27064",
    "0.50122",
    "0.55984",
    "0.13385",
    "0.16121",
    "0.82951",
    "0.57548",
    "0.08696",
    "0.30191",
    "0.40743",
    "0.84123",
    "0.29018",
    "0.69272",
    "0.23547",
    "0.35662",
    "0.74353",
    "0.33317",
    "0.31363",
    "0.12213",
    "0.44651",
    "0.22374",
    "0.64191",
    "0.13776",
    "0.39961",
    "0.36444",
    "0.21983",
    "0.40352",
    "0.60283",
    "0.75525",
    "0.04787",
    "0.91939",
    "0.05569",
    "0.39570",
    "0.12604",
    "0.68490",
    "0.75916",
    "0.28627",
    "0.45432",
    "0.70054",
    "0.71226",
    "0.42697",
    "0.03224",
    "0.96629",
    "0.91549",
    "0.81778",
    "0.86077",
    "0.48168",
    "0.36834",
    "0.45823",
    "0.93894",
    "0.24719",
    "0.07132",
    "0.34880",
    "0.26673",
    "0.26282",
    "0.02443",
    "0.48950",
    "0.84514",
    "0.52858",
    "0.22765",
    "0.88031",
    "0.67318",
    "0.04397",
    "0.68100",
    "0.52076",
    "0.75134",
    "0.80997",
    "0.38398",
    "0.41133",
    "0.07914",
    "0.82560",
    "0.33708",
    "0.55203",
    "0.65755",
    "0.09086",
    "0.54030",
    "0.94284",
    "0.48559",
    "0.60674",
    "0.99365",
    "0.58329",
    "0.56375",
    "0.37225",
    "0.69663",
    "0.47386",
    "0.89204",
    "0.38788",
    "0.64973",
    "0.61456",
    "0.46996",
    "0.65364",
    "0.85296",
    "0.00489",
    "0.29800",
    "0.16903",
    "0.30581",
    "0.64582",
    "0.37616",
    "0.93503",
    "0.00879",
    "0.53639",
    "0.70445",
    "0.95066",
    "0.96238",
    "0.67709",
    "0.28236",
    "0.21593",
    "0.16512",
    "0.06742",
    "0.11041",
    "0.73180",
    "0.61847",
    "0.70835",
    "0.18857",
    "0.49731",
    "0.32145",
    "0.59893",
    "0.51685",
    "0.51295",
    "0.27455",
    "0.73962",
    "0.09477",
    "0.77870",
    "0.47777",
    "0.12995",
    "0.92330",
    "0.29409",
    "0.93112",
    "0.77088",
    "0.00098",
    "0.05960",
    "0.63410",
    "0.66146",
    "0.32926",
    "0.07523",
    "0.58720",
    "0.80215",
    "0.90767",
    "0.34099",
    "0.79043",
    "0.19248",
    "0.73571",
    "0.85686",
    "0.24328",
    "0.83341",
    "0.81387",
    "0.62237",
    "0.94675",
    "0.72399",
    "0.14167",
    "0.63801",
    "0.89985",
    "0.86468",
    "0.72008",
    "0.90376",
    "0.10259",
    "0.25501",
    "0.54812",
    "0.41915",
    "0.55594",
    "0.89595",
    "0.62628",
    "0.18466",
    "0.25892",
    "0.78652",
    "0.95457",
    "0.20029",
    "0.21202",
    "0.92721",
    "0.53249",
    "0.46605",
    "0.41524",
    "0.31754",
    "0.36053",
    "0.98192",
    "0.86859",
    "0.95848",
    "0.43869",
    "0.74744",
    "0.57157",
    "0.84905",
    "0.76698",
    "0.76307",
    "0.52467",
    "0.98974",
    "0.34489",
    "0.02833",
    "0.72789",
    "0.38007",
    "0.17294",
    "0.54421",
    "0.18075",
    "0.02052",
    "0.25110"
  ]
}