{
  "metodo": "multiplicativo",
  "X0": 41021,
  "k": 216,
  "g": 19,
  "iteraciones": 200,
  "numeros": [
    "0.59226",
    "0.38059",
    "0.56984",
    "0.53512",
    "0.36298",
    "0.04084",
    "0.77929",
    "0.49835",
    "0.63419",
    "0.04728",
    "0.93843",
    "0.30386",
    "0.58557",
    "0.79835",
    "0.53948",
    "0.91259",
    "0.52182",
    "0.31748",
    "0.19960",
    "0.91049",
    "0.87262",
    "0.25312",
    "0.66100",
    "0.50848",
    "0.19266",
    "0.87870",
    "0.79085",
    "0.54251",
    "0.16162",
    "0.09266",
    "0.58135",
    "0.47351",
    "0.58420",
    "0.41844",
    "0.14968",
    "0.38742",
    "0.39008",
    "0.00447",
    "0.73803",
    "0.99517",
    "0.63394",
    "0.62419",
    "0.71358",
    "0.63272",
    "0.49549",
    "0.67604",
    "0.56853",
    "0.26098",
    "0.27939",
    "0.18345",
    "0.92006",
    "0.46591",
    "0.41535",
    "0.79487",
    "0.51036",
    "0.45843",
    "0.45804",
    "0.78373",
    "0.20662",
    "0.07449",
    "0.08716",
    "0.04847",
    "0.00102",
    "0.77502",
    "0.10739",
    "0.11253",
    "0.01076",
    "0.64596",
    "0.44843",
    "0.12434",
    "0.47801",
    "0.39825",
    "0.16495",
    "0.85734",
    "0.76998",
    "0.36782",
    "0.43665",
    "0.70997",
    "0.37883",
    "0.51562",
    "0.56821",
    "0.70567",
    "0.92177",
    "0.42758",
    "0.98932",
    "0.49287",
    "0.14098",
    "0.31463",
    "0.25467",
    "0.34501",
    "0.90364",
    "0.01272",
    "0.04395",
    "0.16053",
    "0.20195",
    "0.98278",
    "0.16184",
    "0.46287",
    "0.15309",
    "0.31076",
    "0.53803",
    "0.40046",
    "0.99926",
    "0.70758",
    "0.22721",
    "0.74675",
    "0.10762",
    "0.50918",
    "0.40906",
    "0.90016",
    "0.97039",
    "0.67651",
    "0.38828",
    "0.88414",
    "0.20473",
    "0.79550",
    "0.59455",
    "0.34712",
    "0.55284",
    "0.07708",
    "0.58255",
    "0.56254",
    "0.88192",
    "0.35720",
    "0.03198",
    "0.42884",
    "0.18413",
    "0.09680",
    "0.74753",
    "0.46946",
    "0.57668",
    "0.38180",
    "0.65888",
    "0.83284",
    "0.30175",
    "0.92315",
    "0.82071",
    "0.29240",
    "0.72652",
    "0.05679",
    "0.41272",
    "0.24659",
    "0.34319",
    "0.74365",
    "0.73960",
    "0.71885",
    "0.76894",
    "0.56967",
    "0.23102",
    "0.35762",
    "0.74596",
    "0.74578",
    "0.44168",
    "0.43632",
    "0.14144",
    "0.10794",
    "0.05127",
    "0.85340",
    "0.94756",
    "0.11706",
    "0.86447",
    "0.13230",
    "0.28151",
    "0.85910",
    "0.81098",
    "0.42146",
    "0.38549",
    "0.04498",
    "0.94547",
    "0.49430",
    "0.62667",
    "0.01064",
    "0.44763",
    "0.74928",
    "0.49724",
    "0.71704",
    "0.62216",
    "0.20982",
    "0.61440",
    "0.75009",
    "0.89875",
    "0.52436",
    "0.72032",
    "0.32073",
    "0.83207",
    "0.96635",
    "0.68221",
    "0.26492",
    "0.10181",
    "0.43421",
    "0.49224",
    "0.04357",
    "0.51267",
    "0.45140",
    "0.26760",
    "0.74264",
    "0.99433",
    "0.16633",
    "0.25048",
    "0.07305"
  ]
}