{
  "metodo": "multiplicativo",
  "X0": 71477,
  "k": 119,
  "g": 15,
  "iteraciones": 200,
  "numeros": [
    "0.50884",
    "0.94037",
    "0.90362",
    "0.74041",
    "0.55034",
    "0.65960",
    "0.21464",
    "0.40104",
    "0.78716",
    "0.29289",
    "0.28349",
    "0.28825",
    "0.84429",
    "0.96527",
    "0.73516",
    "0.52702",
    "0.34672",
    "0.80169",
    "0.19462",
    "0.24235",
    "0.91949",
    "0.92718",
    "0.28690",
    "0.55925",
    "0.18754",
    "0.46672",
    "0.63701",
    "0.60271",
    "0.77593",
    "0.54534",
    "0.86993",
    "0.49773",
    "0.30961",
    "0.28800",
    "0.61064",
    "0.36930",
    "0.41362",
    "0.81976",
    "0.48418",
    "0.34245",
    "0.71294",
    "0.26554",
    "0.11551",
    "0.54216",
    "0.83258",
    "0.75042",
    "0.12967",
    "0.09342",
    "0.39750",
    "0.39933",
    "0.15165",
    "0.12125",
    "0.03275",
    "0.33732",
    "0.80645",
    "0.75066",
    "0.36332",
    "0.68938",
    "0.71905",
    "0.10660",
    "0.01419",
    "0.58049",
    "0.51445",
    "0.31413",
    "0.61040",
    "0.13565",
    "0.81768",
    "0.49821",
    "0.77691",
    "0.47990",
    "0.25370",
    "0.78387",
    "0.13871",
    "0.73821",
    "0.44755",
    "0.29606",
    "0.32084",
    "0.03555",
    "0.02420",
    "0.15983",
    "0.94830",
    "0.49699",
    "0.60869",
    "0.50017",
    "0.64605",
    "0.24747",
    "0.82598",
    "0.44206",
    "0.03909",
    "0.41203",
    "0.30107",
    "0.11051",
    "0.75249",
    "0.11563",
    "0.65899",
    "0.63054",
    "0.41118",
    "0.48332",
    "0.52470",
    "0.12711",
    "0.64019",
    "0.64006",
    "0.52324",
    "0.72527",
    "0.06449",
    "0.71087",
    "0.27958",
    "0.54997",
    "0.30912",
    "0.82073",
    "0.41874",
    "0.72625",
    "0.99908",
    "0.09464",
    "0.56572",
    "0.37907",
    "0.75933",
    "0.65764",
    "0.34550",
    "0.63347",
    "0.21488",
    "0.63469",
    "0.38310",
    "0.61443",
    "0.99078",
    "0.15079",
    "0.30351",
    "0.44694",
    "0.71197",
    "0.33097",
    "0.73174",
    "0.25602",
    "0.00345",
    "0.30021",
    "0.29276",
    "0.16666",
    "0.49028",
    "0.18351",
    "0.61162",
    "0.30387",
    "0.79742",
    "0.10587",
    "0.31327",
    "0.79266",
    "0.54985",
    "0.19230",
    "0.02274",
    "0.75799",
    "0.37260",
    "0.56780",
    "0.36503",
    "0.32487",
    "0.89068",
    "0.35734",
    "0.96515",
    "0.61834",
    "0.72906",
    "0.68596",
    "0.44804",
    "0.76336",
    "0.51274",
    "0.67864",
    "0.43876",
    "0.88495",
    "0.86676",
    "0.46037",
    "0.56230",
    "0.10807",
    "0.41606",
    "0.15616",
    "0.44365",
    "0.55779",
    "0.78570",
    "0.89105",
    "0.70782",
    "0.35905",
    "0.60063",
    "0.78997",
    "0.97980",
    "0.63689",
    "0.48589",
    "0.97797",
    "0.88458",
    "0.51628",
    "0.06644",
    "0.58000",
    "0.04715",
    "0.12223",
    "0.96735",
    "0.72112",
    "0.09256",
    "0.57976",
    "0.81353",
    "0.52629",
    "0.64580",
    "0.01382",
    "0.23002",
    "0.12052",
    "0.33183",
    "0.54949"
  ]
}