{
  "metodo": "multiplicativo",
  "X0": 5086,
  "k": 141,
  "g": 12,
  "iteraciones": 200,
  "numeros": [
    "0.84542",
    "0.62857",
    "0.99780",
    "0.23394",
    "0.99389",
    "0.80830",
    "0.58364",
    "0.10110",
    "0.51722",
    "0.86300",
    "0.54457",
    "0.84347",
    "0.41563",
    "0.79267",
    "0.88059",
    "0.46056",
    "0.68913",
    "0.59731",
    "0.59145",
    "0.95287",
    "0.33748",
    "0.27692",
    "0.67741",
    "0.31990",
    "0.36093",
    "0.83175",
    "0.13822",
    "0.56215",
    "0.75946",
    "0.26129",
    "0.97436",
    "0.67937",
    "0.53284",
    "0.56606",
    "0.18510",
    "0.67155",
    "0.68132",
    "0.74579",
    "0.77118",
    "0.53871",
    "0.20464",
    "0.80049",
    "0.73211",
    "0.28083",
    "0.10305",
    "0.73016",
    "0.06789",
    "0.89817",
    "0.37656",
    "0.53480",
    "0.77900",
    "0.39023",
    "0.02491",
    "0.21441",
    "0.86496",
    "0.75751",
    "0.04835",
    "0.76923",
    "0.32576",
    "0.99976",
    "0.44689",
    "0.19878",
    "0.16166",
    "0.11673",
    "0.22027",
    "0.50354",
    "0.37265",
    "0.10891",
    "0.36874",
    "0.68327",
    "0.95873",
    "0.97631",
    "0.89231",
    "0.73797",
    "0.91966",
    "0.71844",
    "0.79072",
    "0.66764",
    "0.25543",
    "0.33553",
    "0.06398",
    "0.47228",
    "0.96654",
    "0.82784",
    "0.71258",
    "0.15189",
    "0.05226",
    "0.19487",
    "0.73602",
    "0.70672",
    "0.51331",
    "0.43712",
    "0.13431",
    "0.13626",
    "0.34921",
    "0.55433",
    "0.90794",
    "0.44103",
    "0.56020",
    "0.54652",
    "0.05617",
    "0.62076",
    "0.14603",
    "0.41368",
    "0.57973",
    "0.67546",
    "0.10696",
    "0.15580",
    "0.47814",
    "0.60513",
    "0.44298",
    "0.77314",
    "0.75165",
    "0.40977",
    "0.15385",
    "0.26520",
    "0.40000",
    "0.08938",
    "0.23980",
    "0.63248",
    "0.42344",
    "0.64420",
    "0.70085",
    "0.87473",
    "0.82198",
    "0.07375",
    "0.53675",
    "0.99194",
    "0.59536",
    "0.37851",
    "0.74774",
    "0.98413",
    "0.74383",
    "0.55824",
    "0.33358",
    "0.85128",
    "0.26716",
    "0.61294",
    "0.29451",
    "0.59341",
    "0.16557",
    "0.54261",
    "0.63053",
    "0.21050",
    "0.43907",
    "0.34725",
    "0.34139",
    "0.70281",
    "0.08742",
    "0.02686",
    "0.42735",
    "0.06984",
    "0.11087",
    "0.58168",
    "0.88840",
    "0.31209",
    "0.50940",
    "0.01123",
    "0.72430",
    "0.42930",
    "0.28278",
    "0.31600",
    "0.93529",
    "0.42149",
    "0.43126",
    "0.49573",
    "0.52112",
    "0.28864",
    "0.95482",
    "0.55043",
    "0.48205",
    "0.03077",
    "0.85324",
    "0.48010",
    "0.81807",
    "0.64811",
    "0.12650",
    "0.28474",
    "0.52894",
    "0.14017",
    "0.77509",
    "0.96459",
    "0.61490",
    "0.50745",
    "0.79853",
    "0.51917",
    "0.07570",
    "0.74969",
    "0.19683",
    "0.94896",
    "0.91184",
    "0.86691",
    "0.97045",
    "0.25348",
    "0.12259",
    "0.85910",
    "0.11868",
    "0.43321",
    "0.70867",
    "0.72625"
  ]
}