{
  "metodo": "multiplicativo",
  "X0": 77863,
  "k": 83,
  "g": 19,
  "iteraciones": 200,
  "numeros": [
    "0.35445",
    "0.12848",
    "0.95118",
    "0.33781",
    "0.99651",
    "0.66617",
    "0.66526",
    "0.05787",
    "0.71816",
    "0.44946",
    "0.68940",
    "0.20714",
    "0.57409",
    "0.06430",
    "0.01578",
    "0.55904",
    "0.99398",
    "0.97162",
    "0.01160",
    "0.76201",
    "0.78252",
    "0.50735",
    "0.41904",
    "0.33949",
    "0.11941",
    "0.88245",
    "0.35529",
    "0.68993",
    "0.55932",
    "0.18283",
    "0.31254",
    "0.08674",
    "0.03194",
    "0.36944",
    "0.15797",
    "0.67839",
    "0.84197",
    "0.27823",
    "0.13376",
    "0.48830",
    "0.66909",
    "0.62012",
    "0.85712",
    "0.41490",
    "0.56798",
    "0.98105",
    "0.32023",
    "0.23164",
    "0.96835",
    "0.82196",
    "0.89027",
    "0.58696",
    "0.67486",
    "0.47879",
    "0.30942",
    "0.00429",
    "0.86721",
    "0.16247",
    "0.69489",
    "0.88206",
    "0.10009",
    "0.95895",
    "0.53886",
    "0.49373",
    "0.30318",
    "0.82916",
    "0.70850",
    "0.98772",
    "0.78118",
    "0.60904",
    "0.44602",
    "0.38747",
    "0.21377",
    "0.00952",
    "0.36860",
    "0.59141",
    "0.65563",
    "0.61655",
    "0.46842",
    "0.37300",
    "0.53646",
    "0.89105",
    "0.11268",
    "0.38066",
    "0.66094",
    "0.16897",
    "0.04355",
    "0.13783",
    "0.20876",
    "0.66125",
    "0.37824",
    "0.04295",
    "0.73461",
    "0.45383",
    "0.60892",
    "0.36946",
    "0.16817",
    "0.50763",
    "0.60279",
    "0.26579",
    "0.81414",
    "0.65860",
    "0.60203",
    "0.75539",
    "0.35219",
    "0.61768",
    "0.22382",
    "0.73668",
    "0.83703",
    "0.97079",
    "0.46036",
    "0.98311",
    "0.69833",
    "0.17889",
    "0.67884",
    "0.14311",
    "0.74078",
    "0.57791",
    "0.62144",
    "0.74013",
    "0.14406",
    "0.37878",
    "0.40534",
    "0.17259",
    "0.46288",
    "0.66745",
    "0.52274",
    "0.71394",
    "0.62691",
    "0.40485",
    "0.84083",
    "0.51262",
    "0.94085",
    "0.42691",
    "0.60178",
    "0.59206",
    "0.08437",
    "0.44458",
    "0.42280",
    "0.85069",
    "0.11217",
    "0.04379",
    "0.29606",
    "0.06196",
    "0.45394",
    "0.68549",
    "0.58875",
    "0.87431",
    "0.91436",
    "0.70560",
    "0.04307",
    "0.81117",
    "0.67312",
    "0.31506",
    "0.77619",
    "0.27098",
    "0.28490",
    "0.59982",
    "0.28031",
    "0.52718",
    "0.67940",
    "0.52081",
    "0.42261",
    "0.72819",
    "0.16131",
    "0.91397",
    "0.44529",
    "0.89748",
    "0.41030",
    "0.49023",
    "0.96552",
    "0.93346",
    "0.48107",
    "0.83554",
    "0.97550",
    "0.60957",
    "0.80331",
    "0.41083",
    "0.84241",
    "0.57426",
    "0.18169",
    "0.55203",
    "0.30845",
    "0.35097",
    "0.79592",
    "0.47009",
    "0.49079",
    "0.33812",
    "0.20067",
    "0.25094",
    "0.88163",
    "0.80916",
    "0.32564",
    "0.85553",
    "0.34815",
    "0.91252",
    "0.47552",
    "0.11978",
    "0.13254",
    "0.67165"
  ]
}