{
  "metodo": "multiplicativo",
  "X0": 49938,
  "k": 6,
  "g": 18,
  "iteraciones": 200,
  "numeros": [
    "0.09641",
    "0.10987",
    "0.82316",
    "0.62739",
    "0.25156",
    "0.33289",
    "0.64335",
    "0.09748",
    "0.16648",
    "0.82350",
    "0.64518",
    "0.19453",
    "0.30991",
    "0.42542",
    "0.54740",
    "0.01228",
    "0.65061",
    "0.48243",
    "0.56877",
    "0.14448",
    "0.65733",
    "0.83827",
    "0.42802",
    "0.68489",
    "0.29881",
    "0.83668",
    "0.34391",
    "0.22724",
    "0.04380",
    "0.32142",
    "0.03519",
    "0.86531",
    "0.86106",
    "0.63624",
    "0.72062",
    "0.19282",
    "0.21934",
    "0.62489",
    "0.11894",
    "0.30354",
    "0.08738",
    "0.63111",
    "0.44889",
    "0.79121",
    "0.93394",
    "0.49867",
    "0.42924",
    "0.74958",
    "0.72776",
    "0.57130",
    "0.27873",
    "0.77241",
    "0.93760",
    "0.69276",
    "0.71611",
    "0.95344",
    "0.53221",
    "0.20680",
    "0.96012",
    "0.88642",
    "0.98033",
    "0.95716",
    "0.72953",
    "0.66511",
    "0.25071",
    "0.28761",
    "0.24308",
    "0.88325",
    "0.81211",
    "0.04188",
    "0.21952",
    "0.63459",
    "0.63328",
    "0.56373",
    "0.87760",
    "0.51289",
    "0.18296",
    "0.69691",
    "0.93608",
    "0.61189",
    "0.42991",
    "0.78517",
    "0.61369",
    "0.52534",
    "0.84288",
    "0.67225",
    "0.62919",
    "0.34699",
    "0.39060",
    "0.70191",
    "0.20133",
    "0.67060",
    "0.54185",
    "0.71791",
    "0.04887",
    "0.58991",
    "0.26536",
    "0.06397",
    "0.39054",
    "0.69868",
    "0.02988",
    "0.58387",
    "0.94511",
    "0.09065",
    "0.80418",
    "0.62135",
    "0.93132",
    "0.35957",
    "0.05698",
    "0.02015",
    "0.06791",
    "0.59919",
    "0.75706",
    "0.12403",
    "0.57365",
    "0.40327",
    "0.37315",
    "0.77674",
    "0.16728",
    "0.86555",
    "0.87400",
    "0.32203",
    "0.06754",
    "0.57978",
    "0.72837",
    "0.60365",
    "0.99321",
    "0.63972",
    "0.90501",
    "0.96534",
    "0.16300",
    "0.63911",
    "0.87266",
    "0.25086",
    "0.29569",
    "0.67170",
    "0.60008",
    "0.80397",
    "0.61003",
    "0.33125",
    "0.55601",
    "0.46839",
    "0.82475",
    "0.71150",
    "0.70921",
    "0.58790",
    "0.15861",
    "0.40620",
    "0.52842",
    "0.00623",
    "0.33036",
    "0.50910",
    "0.98240",
    "0.06715",
    "0.55876",
    "0.61396",
    "0.53990",
    "0.61439",
    "0.56254",
    "0.81452",
    "0.16966",
    "0.99171",
    "0.56047",
    "0.70454",
    "0.34043",
    "0.04285",
    "0.27128",
    "0.37776",
    "0.02097",
    "0.11158",
    "0.91374",
    "0.42793",
    "0.68003",
    "0.04163",
    "0.20658",
    "0.94880",
    "0.28636",
    "0.17677",
    "0.36857",
    "0.53413",
    "0.30869",
    "0.36073",
    "0.11845",
    "0.27766",
    "0.71580",
    "0.93727",
    "0.67497",
    "0.77314",
    "0.97642",
    "0.75013",
    "0.75688",
    "0.11433",
    "0.05930",
    "0.14307",
    "0.58293",
    "0.89497",
    "0.43321",
    "0.95985",
    "0.87187",
    "0.20881"
  ]
}