{
  "metodo": "multiplicativo",
  "X0": 32517,
  "k": 172,
  "g": 14,
  "iteraciones": 200,
  "numeros": [
    "0.84337",
    "0.62876",
    "0.26668",
    "0.26106",
    "0.50644",
    "0.35042",
    "0.90637",
    "0.61558",
    "0.06012",
    "0.02521",
    "0.81163",
    "0.79821",
    "0.25447",
    "0.40316",
    "0.73253",
    "0.55893",
    "0.83947",
    "0.23421",
    "0.41903",
    "0.64781",
    "0.56504",
    "0.26839",
    "0.62119",
    "0.81481",
    "0.18122",
    "0.25569",
    "0.08893",
    "0.80992",
    "0.43808",
    "0.94616",
    "0.57236",
    "0.38314",
    "0.08552",
    "0.08967",
    "0.82140",
    "0.28450",
    "0.87365",
    "0.43637",
    "0.58603",
    "0.26399",
    "0.55234",
    "0.73619",
    "0.61631",
    "0.07160",
    "0.87170",
    "0.73912",
    "0.66221",
    "0.45736",
    "0.58164",
    "0.19514",
    "0.47372",
    "0.17121",
    "0.43222",
    "0.85436",
    "0.80089",
    "0.96325",
    "0.17341",
    "0.46664",
    "0.39364",
    "0.58335",
    "0.55527",
    "0.78209",
    "0.00201",
    "0.78160",
    "0.32772",
    "0.55063",
    "0.37606",
    "0.30794",
    "0.24080",
    "0.52231",
    "0.26570",
    "0.91247",
    "0.04450",
    "0.44711",
    "0.42099",
    "0.34505",
    "0.48886",
    "0.07502",
    "0.59189",
    "0.35580",
    "0.32381",
    "0.15608",
    "0.52841",
    "0.69468",
    "0.29940",
    "0.44027",
    "0.98059",
    "0.11164",
    "0.16560",
    "0.67759",
    "0.69835",
    "0.35677",
    "0.67247",
    "0.61802",
    "0.43173",
    "0.18000",
    "0.56992",
    "0.01154",
    "0.93078",
    "0.33138",
    "0.60801",
    "0.60825",
    "0.94543",
    "0.56089",
    "0.53671",
    "0.15803",
    "0.22566",
    "0.61851",
    "0.10602",
    "0.41097",
    "0.52158",
    "0.25423",
    "0.06598",
    "0.11701",
    "0.58310",
    "0.21809",
    "0.16658",
    "0.02619",
    "0.16023",
    "0.26009",
    "0.15779",
    "0.88854",
    "0.00299",
    "0.13020",
    "0.78966",
    "0.45395",
    "0.86144",
    "0.57847",
    "0.81212",
    "0.47250",
    "0.48544",
    "0.35482",
    "0.97522",
    "0.69420",
    "0.62510",
    "0.20930",
    "0.02887",
    "0.86901",
    "0.03034",
    "0.89196",
    "0.72325",
    "0.74693",
    "0.45126",
    "0.15266",
    "0.80822",
    "0.07795",
    "0.63780",
    "0.74156",
    "0.03375",
    "0.61216",
    "0.33993",
    "0.40853",
    "0.14997",
    "0.09943",
    "0.30770",
    "0.90368",
    "0.90685",
    "0.28987",
    "0.29109",
    "0.97693",
    "0.05426",
    "0.93347",
    "0.04010",
    "0.37826",
    "0.34237",
    "0.78014",
    "0.30477",
    "0.85778",
    "0.52109",
    "0.57993",
    "0.83507",
    "0.16535",
    "0.34041",
    "0.08283",
    "0.38094",
    "0.05109",
    "0.55039",
    "0.03888",
    "0.69249",
    "0.26497",
    "0.90099",
    "0.19807",
    "0.51962",
    "0.55698",
    "0.14216",
    "0.31038",
    "0.61240",
    "0.67710",
    "0.02399",
    "0.12580",
    "0.72081",
    "0.37533",
    "0.29647",
    "0.39437",
    "0.59482",
    "0.40170",
    "0.70958",
    "0.86608",
    "0.98450",
    "0.50620"
  ]
}