{
  "metodo": "multiplicativo",
  "X0": 18282,
  "k": 115,
  "g": 11,
  "iteraciones": 200,
  "numeros": [
    "0.25110",
    "0.15340",
    "0.82169",
    "0.69272",
    "0.45432",
    "0.04397",
    "0.64973",
    "0.70835",
    "0.90767",
    "0.18466",
    "0.72789",
    "0.97411",
    "0.61065",
    "0.57548",
    "0.05569",
    "0.48950",
    "0.56375",
    "0.21593",
    "0.63410",
    "0.25501",
    "0.76698",
    "0.10650",
    "0.46214",
    "0.27064",
    "0.21983",
    "0.24719",
    "0.54030",
    "0.53639",
    "0.92330",
    "0.63801",
    "0.86859",
    "0.05178",
    "0.87640",
    "0.27846",
    "0.44651",
    "0.81778",
    "0.07914",
    "0.16903",
    "0.27455",
    "0.83341",
    "0.53249",
    "0.30972",
    "0.35271",
    "0.09868",
    "0.23547",
    "0.70054",
    "0.68100",
    "0.61456",
    "0.18857",
    "0.34099",
    "0.25892",
    "0.38007",
    "0.39179",
    "0.23156",
    "0.08696",
    "0.39570",
    "0.84514",
    "0.37225",
    "0.16512",
    "0.66146",
    "0.54812",
    "0.76307",
    "0.49340",
    "0.17684",
    "0.50122",
    "0.40352",
    "0.07132",
    "0.94284",
    "0.70445",
    "0.29409",
    "0.89985",
    "0.95848",
    "0.15730",
    "0.43478",
    "0.97802",
    "0.22374",
    "0.86077",
    "0.82560",
    "0.30581",
    "0.73962",
    "0.81387",
    "0.46605",
    "0.88422",
    "0.50513",
    "0.01661",
    "0.35662",
    "0.71226",
    "0.52076",
    "0.46996",
    "0.49731",
    "0.79043",
    "0.78652",
    "0.17294",
    "0.88813",
    "0.11822",
    "0.30191",
    "0.12604",
    "0.52858",
    "0.69663",
    "0.06742",
    "0.32926",
    "0.41915",
    "0.52467",
    "0.08305",
    "0.78261",
    "0.55984",
    "0.60283",
    "0.34880",
    "0.48559",
    "0.95066",
    "0.93112",
    "0.86468",
    "0.43869",
    "0.59111",
    "0.50904",
    "0.63019",
    "0.64191",
    "0.48168",
    "0.33708",
    "0.64582",
    "0.09477",
    "0.62237",
    "0.41524",
    "0.91158",
    "0.79824",
    "0.01270",
    "0.74353",
    "0.42697",
    "0.75134",
    "0.65364",
    "0.32145",
    "0.19248",
    "0.95457",
    "0.54421",
    "0.14949",
    "0.20811",
    "0.40743",
    "0.68490",
    "0.22765",
    "0.47386",
    "0.11041",
    "0.07523",
    "0.55594",
    "0.98974",
    "0.06351",
    "0.71617",
    "0.13385",
    "0.75525",
    "0.26673",
    "0.60674",
    "0.96238",
    "0.77088",
    "0.72008",
    "0.74744",
    "0.04006",
    "0.03615",
    "0.42306",
    "0.13776",
    "0.36834",
    "0.55203",
    "0.37616",
    "0.77870",
    "0.94675",
    "0.31754",
    "0.57938",
    "0.66927",
    "0.77479",
    "0.33317",
    "0.03224",
    "0.80997",
    "0.85296",
    "0.59893",
    "0.73571",
    "0.20029",
    "0.18075",
    "0.11431",
    "0.68881",
    "0.84123",
    "0.75916",
    "0.88031",
    "0.89204",
    "0.73180",
    "0.58720",
    "0.89595",
    "0.34489",
    "0.87250",
    "0.66536",
    "0.16121",
    "0.04787",
    "0.26282",
    "0.99365",
    "0.67709",
    "0.00098",
    "0.90376",
    "0.57157",
    "0.44260",
    "0.20420",
    "0.79433",
    "0.39961",
    "0.45823"
  ]
}