{
  "metodo": "multiplicativo",
  "X0": 162003,
  "k": 173,
  "g": 11,
  "iteraciones": 200,
  "numeros": [
    "0.10503",
    "0.81827",
    "0.02296",
    "0.87689",
    "0.40987",
    "0.02882",
    "0.01514",
    "0.02491",
    "0.58964",
    "0.61505",
    "0.88276",
    "0.54861",
    "0.64436",
    "0.57596",
    "0.62482",
    "0.44700",
    "0.57401",
    "0.91207",
    "0.24182",
    "0.72057",
    "0.37860",
    "0.62286",
    "0.73425",
    "0.36883",
    "0.05813",
    "0.70884",
    "0.10112",
    "0.39228",
    "0.61309",
    "0.16952",
    "0.34343",
    "0.79091",
    "0.04250",
    "0.00537",
    "0.46067",
    "0.56424",
    "0.34734",
    "0.21641",
    "0.45286",
    "0.71275",
    "0.52711",
    "0.80264",
    "0.31998",
    "0.23596",
    "0.58183",
    "0.76356",
    "0.06204",
    "0.13434",
    "0.51148",
    "0.09917",
    "0.67953",
    "0.40791",
    "0.31607",
    "0.81045",
    "0.17147",
    "0.05618",
    "0.99609",
    "0.89643",
    "0.53884",
    "0.07963",
    "0.55056",
    "0.35711",
    "0.78114",
    "0.47826",
    "0.98046",
    "0.19297",
    "0.89839",
    "0.25159",
    "0.28481",
    "0.40401",
    "0.89057",
    "0.40010",
    "0.46458",
    "0.99023",
    "0.75769",
    "0.92379",
    "0.51930",
    "0.95115",
    "0.49976",
    "0.82218",
    "0.44895",
    "0.28676",
    "0.11676",
    "0.09526",
    "0.25354",
    "0.99805",
    "0.60918",
    "0.74402",
    "0.93356",
    "0.08354",
    "0.97655",
    "0.76746",
    "0.48803",
    "0.54470",
    "0.21837",
    "0.16561",
    "0.91793",
    "0.38056",
    "0.33561",
    "0.93942",
    "0.22228",
    "0.59160",
    "0.32780",
    "0.08745",
    "0.40205",
    "0.17733",
    "0.19492",
    "0.61114",
    "0.45677",
    "0.13825",
    "0.93747",
    "0.50953",
    "0.38642",
    "0.47435",
    "0.55447",
    "0.78310",
    "0.19101",
    "0.18515",
    "0.04641",
    "0.43136",
    "0.87103",
    "0.27113",
    "0.41378",
    "0.45481",
    "0.42550",
    "0.73229",
    "0.65608",
    "0.85344",
    "0.85540",
    "0.56815",
    "0.77333",
    "0.62677",
    "0.15975",
    "0.77919",
    "0.76551",
    "0.77528",
    "0.33952",
    "0.36492",
    "0.63263",
    "0.29849",
    "0.39424",
    "0.32584",
    "0.37469",
    "0.19687",
    "0.32389",
    "0.66194",
    "0.99218",
    "0.47044",
    "0.12848",
    "0.37274",
    "0.48412",
    "0.11871",
    "0.80850",
    "0.45872",
    "0.85149",
    "0.14216",
    "0.36297",
    "0.91988",
    "0.09331",
    "0.54079",
    "0.79287",
    "0.75574",
    "0.21055",
    "0.31412",
    "0.09722",
    "0.96678",
    "0.20274",
    "0.46263",
    "0.27699",
    "0.55252",
    "0.06986",
    "0.98632",
    "0.33170",
    "0.51343",
    "0.81241",
    "0.88471",
    "0.26136",
    "0.84954",
    "0.42941",
    "0.15779",
    "0.06595",
    "0.56033",
    "0.92184",
    "0.80655",
    "0.74597",
    "0.64631",
    "0.28872",
    "0.83000",
    "0.30044",
    "0.10699",
    "0.53102",
    "0.22814",
    "0.73034",
    "0.94333",
    "0.64827",
    "0.00147",
    "0.03468",
    "0.15388",
    "0.64045",
    "0.14998"
  ]
}