{
  "metodo": "multiplicativo",
  "X0": 114380,
  "k": 147,
  "g": 14,
  "iteraciones": 200,
  "numeros": [
    "0.79863",
    "0.12769",
    "0.79668",
    "0.82110",
    "0.65409",
    "0.43631",
    "0.24586",
    "0.34841",
    "0.44705",
    "0.93243",
    "0.13258",
    "0.56327",
    "0.17750",
    "0.61600",
    "0.45681",
    "0.46560",
    "0.84551",
    "0.48709",
    "0.21852",
    "0.05542",
    "0.45096",
    "0.54569",
    "0.41775",
    "0.33278",
    "0.99396",
    "0.79180",
    "0.05445",
    "0.29763",
    "0.47439",
    "0.22536",
    "0.12867",
    "0.95001",
    "0.89239",
    "0.84649",
    "0.64042",
    "0.28981",
    "0.24782",
    "0.65507",
    "0.58964",
    "0.31716",
    "0.54080",
    "0.65116",
    "0.97638",
    "0.03198",
    "0.77129",
    "0.83477",
    "0.80059",
    "0.43435",
    "0.93927",
    "0.20582",
    "0.06226",
    "0.52420",
    "0.04468",
    "0.76445",
    "0.76152",
    "0.30153",
    "0.08765",
    "0.51053",
    "0.89825",
    "0.76640",
    "0.06812",
    "0.44412",
    "0.47244",
    "0.91876",
    "0.98614",
    "0.56522",
    "0.48416",
    "0.75859",
    "0.84160",
    "0.87383",
    "0.93341",
    "0.28591",
    "0.63456",
    "0.36990",
    "0.82012",
    "0.50076",
    "0.36501",
    "0.05347",
    "0.14430",
    "0.40310",
    "0.03296",
    "0.92462",
    "0.90606",
    "0.99298",
    "0.63847",
    "0.98321",
    "0.10523",
    "0.27028",
    "0.18141",
    "0.22926",
    "0.74199",
    "0.23512",
    "0.66191",
    "0.66288",
    "0.81621",
    "0.88751",
    "0.07984",
    "0.28395",
    "0.32790",
    "0.22731",
    "0.43533",
    "0.09253",
    "0.27712",
    "0.25465",
    "0.72832",
    "0.08863",
    "0.66386",
    "0.96954",
    "0.95880",
    "0.27223",
    "0.48807",
    "0.37185",
    "0.12672",
    "0.64335",
    "0.74980",
    "0.46170",
    "0.23219",
    "0.20192",
    "0.44900",
    "0.23903",
    "0.27516",
    "0.94806",
    "0.58573",
    "0.70390",
    "0.25563",
    "0.88165",
    "0.15992",
    "0.85625",
    "0.17359",
    "0.00269",
    "0.17164",
    "0.69609",
    "0.02905",
    "0.31130",
    "0.62089",
    "0.22340",
    "0.82207",
    "0.80742",
    "0.50760",
    "0.43826",
    "0.55252",
    "0.49100",
    "0.83184",
    "0.34060",
    "0.22047",
    "0.36208",
    "0.59354",
    "0.93048",
    "0.82598",
    "0.42068",
    "0.79277",
    "0.20778",
    "0.36892",
    "0.66679",
    "0.42947",
    "0.17262",
    "0.84942",
    "0.10035",
    "0.50369",
    "0.82500",
    "0.26735",
    "0.72148",
    "0.01538",
    "0.16480",
    "0.62284",
    "0.53006",
    "0.96466",
    "0.19215",
    "0.91583",
    "0.52616",
    "0.35134",
    "0.90704",
    "0.14625",
    "0.70976",
    "0.17555",
    "0.30935",
    "0.31423",
    "0.08082",
    "0.43728",
    "0.39919",
    "0.41970",
    "0.63944",
    "0.13648",
    "0.17652",
    "0.46267",
    "0.38552",
    "0.27321",
    "0.64140",
    "0.44314",
    "0.31911",
    "0.84746",
    "0.79375",
    "0.36111",
    "0.44021",
    "0.85918",
    "0.63358",
    "0.21657",
    "0.74883",
    "0.30837",
    "0.16090"
  ]
}