{
  "metodo": "multiplicativo",
  "X0": 28254,
  "k": 229,
  "g": 17,
  "iteraciones": 200,
  "numeros": [
    "0.98540",
    "0.17491",
    "0.31243",
    "0.92236",
    "0.35332",
    "0.04381",
    "0.47527",
    "0.06273",
    "0.23296",
    "0.94006",
    "0.86858",
    "0.57421",
    "0.81182",
    "0.30113",
    "0.17986",
    "0.39427",
    "0.27739",
    "0.56456",
    "0.09660",
    "0.46044",
    "0.81719",
    "0.16783",
    "0.30632",
    "0.71020",
    "0.61870",
    "0.54845",
    "0.49651",
    "0.08104",
    "0.86944",
    "0.14391",
    "0.35466",
    "0.51049",
    "0.75689",
    "0.39171",
    "0.56829",
    "0.93603",
    "0.46856",
    "0.72936",
    "0.82488",
    "0.29515",
    "0.19194",
    "0.59435",
    "0.81194",
    "0.52538",
    "0.11455",
    "0.42418",
    "0.21697",
    "0.56420",
    "0.42388",
    "0.65636",
    "0.72747",
    "0.34911",
    "0.30742",
    "0.72838",
    "0.03093",
    "0.81762",
    "0.95269",
    "0.07774",
    "0.81487",
    "0.90722",
    "0.54717",
    "0.14195",
    "0.76678",
    "0.55541",
    "0.27837",
    "0.35851",
    "0.57415",
    "0.69970",
    "0.33379",
    "0.16490",
    "0.92449",
    "0.27757",
    "0.90093",
    "0.99865",
    "0.50530",
    "0.22655",
    "0.16728",
    "0.29723",
    "0.00407",
    "0.48412",
    "0.32036",
    "0.49816",
    "0.10832",
    "0.98779",
    "0.54766",
    "0.03893",
    "0.50554",
    "0.67504",
    "0.03667",
    "0.35704",
    "0.88323",
    "0.48339",
    "0.97491",
    "0.89001",
    "0.92889",
    "0.35033",
    "0.54985",
    "0.07530",
    "0.33000",
    "0.21337",
    "0.94903",
    "0.35045",
    "0.77410",
    "0.00999",
    "0.35991",
    "0.15294",
    "0.94866",
    "0.67772",
    "0.97002",
    "0.92028",
    "0.54119",
    "0.15404",
    "0.96685",
    "0.08995",
    "0.23918",
    "0.37645",
    "0.53789",
    "0.09947",
    "0.73015",
    "0.28246",
    "0.87066",
    "0.38634",
    "0.70159",
    "0.80956",
    "0.15263",
    "0.38805",
    "0.84099",
    "0.89526",
    "0.57134",
    "0.54210",
    "0.83587",
    "0.47704",
    "0.31426",
    "0.28600",
    "0.37371",
    "0.49242",
    "0.56890",
    "0.05724",
    "0.14201",
    "0.87890",
    "0.52275",
    "0.29332",
    "0.82830",
    "0.57396",
    "0.36333",
    "0.43175",
    "0.12004",
    "0.51513",
    "0.27812",
    "0.91003",
    "0.70476",
    "0.63988",
    "0.45464",
    "0.16564",
    "0.26995",
    "0.88573",
    "0.08037",
    "0.63610",
    "0.50310",
    "0.19017",
    "0.34282",
    "0.75890",
    "0.09172",
    "0.49071",
    "0.42949",
    "0.97155",
    "0.72332",
    "0.72484",
    "0.52788",
    "0.71154",
    "0.08537",
    "0.83007",
    "0.82549",
    "0.41637",
    "0.86541",
    "0.74389",
    "0.50982",
    "0.52355",
    "0.75091",
    "0.40380",
    "0.76836",
    "0.47057",
    "0.42937",
    "0.74730",
    "0.78863",
    "0.69494",
    "0.58831",
    "0.71190",
    "0.75811",
    "0.63414",
    "0.91521",
    "0.23509",
    "0.86431",
    "0.72570",
    "0.09758",
    "0.25438",
    "0.29473",
    "0.40709",
    "0.82293",
    "0.70727"
  ]
}