{
  "metodo": "multiplicativo",
  "X0": 78203,
  "k": 53,
  "g": 15,
  "iteraciones": 200,
  "numeros": [
    "0.83691",
    "0.02304",
    "0.88452",
    "0.44664",
    "0.60204",
    "0.26670",
    "0.41136",
    "0.46764",
    "0.60936",
    "0.40880",
    "0.36790",
    "0.82458",
    "0.73388",
    "0.82434",
    "0.62914",
    "0.89245",
    "0.85058",
    "0.88830",
    "0.07004",
    "0.04624",
    "0.83447",
    "0.97571",
    "0.56566",
    "0.66100",
    "0.56053",
    "0.46153",
    "0.99097",
    "0.11167",
    "0.90381",
    "0.72082",
    "0.22092",
    "0.77331",
    "0.73925",
    "0.12851",
    "0.13059",
    "0.02084",
    "0.94189",
    "0.05966",
    "0.59496",
    "0.22935",
    "0.38670",
    "0.88928",
    "0.48900",
    "0.77380",
    "0.94873",
    "0.99231",
    "0.68773",
    "0.02915",
    "0.50291",
    "0.74377",
    "0.06613",
    "0.37046",
    "0.92431",
    "0.51866",
    "0.49925",
    "0.17270",
    "0.08786",
    "0.69201",
    "0.86206",
    "0.81091",
    "0.86865",
    "0.63878",
    "0.02951",
    "0.66002",
    "0.14158",
    "0.73400",
    "0.87671",
    "0.09507",
    "0.78173",
    "0.35264",
    "0.27854",
    "0.49107",
    "0.66405",
    "0.86975",
    "0.11008",
    "0.22300",
    "0.66356",
    "0.66027",
    "0.24631",
    "0.66588",
    "0.65526",
    "0.09922",
    "0.56224",
    "0.19468",
    "0.51415",
    "0.56163",
    "0.93286",
    "0.18442",
    "0.11521",
    "0.42247",
    "0.23313",
    "0.01010",
    "0.33348",
    "0.05673",
    "0.33811",
    "0.04672",
    "0.04392",
    "0.83947",
    "0.12278",
    "0.66930",
    "0.12156",
    "0.14560",
    "0.46214",
    "0.25278",
    "0.44139",
    "0.35020",
    "0.23118",
    "0.17222",
    "0.87841",
    "0.82824",
    "0.30491",
    "0.80261",
    "0.30760",
    "0.95471",
    "0.55834",
    "0.51891",
    "0.60399",
    "0.10459",
    "0.86645",
    "0.69616",
    "0.64257",
    "0.65294",
    "0.10422",
    "0.70934",
    "0.29832",
    "0.97473",
    "0.14670",
    "0.93347",
    "0.44627",
    "0.44493",
    "0.86889",
    "0.74352",
    "0.96142",
    "0.43858",
    "0.14573",
    "0.51451",
    "0.71874",
    "0.33067",
    "0.85229",
    "0.62145",
    "0.59325",
    "0.49620",
    "0.86352",
    "0.43931",
    "0.45994",
    "0.31016",
    "0.05441",
    "0.34312",
    "0.19382",
    "0.14756",
    "0.30003",
    "0.70788",
    "0.66991",
    "0.38340",
    "0.47533",
    "0.90857",
    "0.76318",
    "0.39268",
    "0.45531",
    "0.32017",
    "0.34861",
    "0.55040",
    "0.11496",
    "0.31773",
    "0.30125",
    "0.23154",
    "0.32933",
    "0.27622",
    "0.49608",
    "0.81115",
    "0.97339",
    "0.57067",
    "0.80810",
    "0.66417",
    "0.92212",
    "0.57604",
    "0.11228",
    "0.16562",
    "0.05051",
    "0.66735",
    "0.28367",
    "0.69054",
    "0.23362",
    "0.21958",
    "0.19724",
    "0.61388",
    "0.34642",
    "0.60778",
    "0.72802",
    "0.31065",
    "0.26389",
    "0.20688",
    "0.75097",
    "0.15586",
    "0.86108",
    "0.39195",
    "0.14109",
    "0.52452",
    "0.01291",
    "0.53795"
  ]
}