{
  "metodo": "multiplicativo",
  "X0": 16631,
  "k": 75,
  "g": 12,
  "iteraciones": 200,
  "numeros": [
    "0.48327",
    "0.30842",
    "0.55165",
    "0.66593",
    "0.79194",
    "0.00757",
    "0.57900",
    "0.20879",
    "0.28791",
    "0.14432",
    "0.29377",
    "0.68938",
    "0.97167",
    "0.71868",
    "0.69621",
    "0.10720",
    "0.84274",
    "0.73040",
    "0.78608",
    "0.46276",
    "0.90134",
    "0.17949",
    "0.56337",
    "0.75580",
    "0.14725",
    "0.06618",
    "0.02808",
    "0.98632",
    "0.58095",
    "0.39048",
    "0.18046",
    "0.15409",
    "0.20195",
    "0.15214",
    "0.02027",
    "0.25958",
    "0.01050",
    "0.35140",
    "0.54774",
    "0.30256",
    "0.00659",
    "0.98828",
    "0.76264",
    "0.28303",
    "0.19023",
    "0.06227",
    "0.66496",
    "0.20098",
    "0.56142",
    "0.57411",
    "0.25470",
    "0.05641",
    "0.11990",
    "0.52332",
    "0.53211",
    "0.84957",
    "0.86618",
    "0.91013",
    "0.49695",
    "0.57998",
    "0.79976",
    "0.73431",
    "0.14921",
    "0.24786",
    "0.92088",
    "0.99609",
    "0.48913",
    "0.85348",
    "0.22930",
    "0.69524",
    "0.51648",
    "0.39634",
    "0.72552",
    "0.83199",
    "0.23126",
    "0.87692",
    "0.40904",
    "0.40611",
    "0.63370",
    "0.29475",
    "0.28010",
    "0.41783",
    "0.72357",
    "0.65031",
    "0.33871",
    "0.86716",
    "0.50085",
    "0.94335",
    "0.58486",
    "0.75385",
    "0.96581",
    "0.17363",
    "0.01832",
    "0.07790",
    "0.11795",
    "0.34164",
    "0.63956",
    "0.83980",
    "0.95800",
    "0.44713",
    "0.44811",
    "0.03883",
    "0.48523",
    "0.49011",
    "0.44420",
    "0.67570",
    "0.70012",
    "0.47057",
    "0.62784",
    "0.74994",
    "0.60244",
    "0.38852",
    "0.99902",
    "0.26154",
    "0.19219",
    "0.24396",
    "0.55751",
    "0.21074",
    "0.46960",
    "0.03687",
    "0.30354",
    "0.59756",
    "0.43443",
    "0.76752",
    "0.23712",
    "0.42173",
    "0.08669",
    "0.43541",
    "0.35824",
    "0.68352",
    "0.42662",
    "0.04078",
    "0.66691",
    "0.38266",
    "0.45397",
    "0.58388",
    "0.16288",
    "0.51941",
    "0.16874",
    "0.06422",
    "0.84664",
    "0.09353",
    "0.57118",
    "0.48230",
    "0.71770",
    "0.10525",
    "0.66105",
    "0.83785",
    "0.77631",
    "0.55458",
    "0.43834",
    "0.13065",
    "0.02222",
    "0.44127",
    "0.90330",
    "0.36117",
    "0.45592",
    "0.76557",
    "0.05543",
    "0.52918",
    "0.07692",
    "0.52723",
    "0.89548",
    "0.63468",
    "0.88571",
    "0.72650",
    "0.42271",
    "0.67766",
    "0.88181",
    "0.36313",
    "0.63761",
    "0.65812",
    "0.06520",
    "0.43736",
    "0.53993",
    "0.57607",
    "0.43639",
    "0.94921",
    "0.12967",
    "0.43150",
    "0.99512",
    "0.89841",
    "0.40708",
    "0.22442",
    "0.74115",
    "0.28498",
    "0.37192",
    "0.95507",
    "0.67473",
    "0.10916",
    "0.02418",
    "0.62295",
    "0.79585",
    "0.37094",
    "0.36410",
    "0.22833",
    "0.10427",
    "0.07009",
    "0.39145",
    "0.77143"
  ]
}