{
  "metodo": "multiplicativo",
  "X0": 1096,
  "k": 166,
  "g": 17,
  "iteraciones": 200,
  "numeros": [
    "0.14630",
    "0.01959",
    "0.11652",
    "0.31598",
    "0.20001",
    "0.61628",
    "0.49054",
    "0.88923",
    "0.33185",
    "0.35358",
    "0.31769",
    "0.47809",
    "0.29181",
    "0.98151",
    "0.34796",
    "0.83259",
    "0.82990",
    "0.25006",
    "0.33136",
    "0.70270",
    "0.69611",
    "0.90925",
    "0.01788",
    "0.83845",
    "0.64045",
    "0.70905",
    "0.15753",
    "0.98981",
    "0.41291",
    "0.39948",
    "0.50031",
    "0.90681",
    "0.76349",
    "0.73054",
    "0.79621",
    "0.33942",
    "0.44220",
    "0.45221",
    "0.79523",
    "0.03766",
    "0.19904",
    "0.31452",
    "0.24738",
    "0.75153",
    "0.78400",
    "0.06744",
    "0.90266",
    "0.23102",
    "0.94709",
    "0.46100",
    "0.51105",
    "0.22614",
    "0.43830",
    "0.24518",
    "0.82258",
    "0.48688",
    "0.00763",
    "0.16998",
    "0.58722",
    "0.76325",
    "0.40509",
    "0.98542",
    "0.55500",
    "0.80524",
    "0.38068",
    "0.44147",
    "0.47589",
    "0.36286",
    "0.68439",
    "0.28815",
    "0.09992",
    "0.18610",
    "0.06622",
    "0.27545",
    "0.17706",
    "0.02496",
    "0.27619",
    "0.15338",
    "0.45734",
    "0.62946",
    "0.06427",
    "0.67194",
    "0.69074",
    "0.74958",
    "0.18048",
    "0.58112",
    "0.62726",
    "0.13532",
    "0.37482",
    "0.63093",
    "0.01691",
    "0.53669",
    "0.39728",
    "0.57135",
    "0.60968",
    "0.70368",
    "0.99787",
    "0.15241",
    "0.15558",
    "0.38629",
    "0.92658",
    "0.12409",
    "0.40461",
    "0.33454",
    "0.93342",
    "0.23639",
    "0.10675",
    "0.29840",
    "0.76838",
    "0.23932",
    "0.01202",
    "0.02789",
    "0.18146",
    "0.88288",
    "0.87043",
    "0.27301",
    "0.92268",
    "0.91706",
    "0.43195",
    "0.78376",
    "0.74201",
    "0.09186",
    "0.44660",
    "0.31012",
    "0.38947",
    "0.15729",
    "0.66437",
    "0.60212",
    "0.61506",
    "0.86335",
    "0.83527",
    "0.40973",
    "0.16876",
    "0.96003",
    "0.70929",
    "0.48297",
    "0.80060",
    "0.19733",
    "0.03644",
    "0.57184",
    "0.26056",
    "0.32526",
    "0.56672",
    "0.42633",
    "0.29865",
    "0.09381",
    "0.05011",
    "0.79645",
    "0.66486",
    "0.25299",
    "0.23664",
    "0.43219",
    "0.10919",
    "0.55280",
    "0.87629",
    "0.08356",
    "0.38166",
    "0.74323",
    "0.71906",
    "0.50055",
    "0.23224",
    "0.57428",
    "0.51496",
    "0.43317",
    "0.41095",
    "0.79597",
    "0.01398",
    "0.63141",
    "0.66779",
    "0.15827",
    "0.96613",
    "0.84528",
    "0.75275",
    "0.41120",
    "0.12140",
    "0.82477",
    "0.41584",
    "0.30475",
    "0.22980",
    "0.31989",
    "0.40705",
    "0.58893",
    "0.04132",
    "0.08063",
    "0.47638",
    "0.01373",
    "0.30597",
    "0.85700",
    "0.37384",
    "0.32917",
    "0.77375",
    "0.39899",
    "0.84943",
    "0.28522",
    "0.19464",
    "0.45661",
    "0.65314",
    "0.63190",
    "0.31867",
    "0.77985"
  ]
}