{
  "metodo": "multiplicativo",
  "X0": 17636,
  "k": 178,
  "g": 12,
  "iteraciones": 200,
  "numeros": [
    "0.79414",
    "0.54799",
    "0.88010",
    "0.35263",
    "0.77851",
    "0.21978",
    "0.98950",
    "0.64957",
    "0.01270",
    "0.14164",
    "0.34872",
    "0.19634",
    "0.49719",
    "0.31355",
    "0.95824",
    "0.99341",
    "0.23150",
    "0.73553",
    "0.81758",
    "0.04005",
    "0.21587",
    "0.40733",
    "0.92698",
    "0.33700",
    "0.45031",
    "0.32918",
    "0.28620",
    "0.88400",
    "0.93480",
    "0.50110",
    "0.89573",
    "0.68083",
    "0.66911",
    "0.92308",
    "0.75507",
    "0.72772",
    "0.65348",
    "0.59487",
    "0.86447",
    "0.02442",
    "0.88791",
    "0.51673",
    "0.22369",
    "0.57143",
    "0.37216",
    "0.68864",
    "0.83321",
    "0.36825",
    "0.10647",
    "0.11038",
    "0.69255",
    "0.41514",
    "0.09084",
    "0.78242",
    "0.80195",
    "0.71209",
    "0.32527",
    "0.70427",
    "0.16117",
    "0.25885",
    "0.80977",
    "0.87619",
    "0.77070",
    "0.05568",
    "0.54408",
    "0.29792",
    "0.63004",
    "0.10256",
    "0.52845",
    "0.96996",
    "0.73944",
    "0.39951",
    "0.76288",
    "0.89182",
    "0.09866",
    "0.94652",
    "0.24713",
    "0.06349",
    "0.70818",
    "0.74335",
    "0.98168",
    "0.48547",
    "0.56752",
    "0.79023",
    "0.96606",
    "0.15726",
    "0.67692",
    "0.08694",
    "0.20024",
    "0.07912",
    "0.03614",
    "0.63394",
    "0.68474",
    "0.25104",
    "0.64567",
    "0.43077",
    "0.41905",
    "0.67302",
    "0.50501",
    "0.47766",
    "0.40342",
    "0.34481",
    "0.61441",
    "0.77460",
    "0.63785",
    "0.26667",
    "0.97387",
    "0.32137",
    "0.12210",
    "0.43858",
    "0.58315",
    "0.11819",
    "0.85665",
    "0.86056",
    "0.44249",
    "0.16508",
    "0.84103",
    "0.53236",
    "0.55189",
    "0.46203",
    "0.07521",
    "0.45421",
    "0.91136",
    "0.00879",
    "0.55971",
    "0.62613",
    "0.52063",
    "0.80586",
    "0.29402",
    "0.04786",
    "0.37998",
    "0.85275",
    "0.27839",
    "0.71990",
    "0.48938",
    "0.14945",
    "0.51282",
    "0.64176",
    "0.84884",
    "0.69646",
    "0.99731",
    "0.81368",
    "0.45812",
    "0.49328",
    "0.73162",
    "0.23541",
    "0.31746",
    "0.54017",
    "0.71600",
    "0.90745",
    "0.42686",
    "0.83712",
    "0.95043",
    "0.82930",
    "0.78632",
    "0.38388",
    "0.43468",
    "0.00098",
    "0.39560",
    "0.18071",
    "0.16899",
    "0.42295",
    "0.25495",
    "0.22759",
    "0.15336",
    "0.09475",
    "0.36435",
    "0.52454",
    "0.38779",
    "0.01661",
    "0.72381",
    "0.07131",
    "0.87228",
    "0.18852",
    "0.33309",
    "0.86838",
    "0.60659",
    "0.61050",
    "0.19243",
    "0.91526",
    "0.59096",
    "0.28230",
    "0.30183",
    "0.21197",
    "0.82540",
    "0.20415",
    "0.66129",
    "0.75897",
    "0.30965",
    "0.37607",
    "0.27057",
    "0.55580",
    "0.04396",
    "0.79805",
    "0.12991",
    "0.60269",
    "0.02833",
    "0.46984",
    "0.23932",
    "0.89963"
  ]
}