{
  "metodo": "multiplicativo",
  "X0": 35320,
  "k": 194,
  "g": 16,
  "iteraciones": 200,
  "numeros": [
    "0.13025",
    "0.79774",
    "0.06482",
    "0.92372",
    "0.21033",
    "0.47938",
    "0.37928",
    "0.52723",
    "0.88417",
    "0.62977",
    "0.53748",
    "0.84950",
    "0.65174",
    "0.74891",
    "0.03943",
    "0.39051",
    "0.01306",
    "0.33680",
    "0.38514",
    "0.65028",
    "0.46815",
    "0.89345",
    "0.07459",
    "0.12879",
    "0.51698",
    "0.91884",
    "0.60780",
    "0.32605",
    "0.65956",
    "0.91298",
    "0.48475",
    "0.74208",
    "0.39588",
    "0.37586",
    "0.20545",
    "0.87684",
    "0.22596",
    "0.80751",
    "0.26990",
    "0.23035",
    "0.64979",
    "0.70790",
    "0.17810",
    "0.30262",
    "0.16736",
    "0.57704",
    "0.43006",
    "0.59364",
    "0.27869",
    "0.91493",
    "0.52576",
    "0.60340",
    "0.48377",
    "0.22156",
    "0.96522",
    "0.83192",
    "0.28260",
    "0.99696",
    "0.24842",
    "0.77919",
    "0.17517",
    "0.74110",
    "0.87538",
    "0.94520",
    "0.66151",
    "0.95399",
    "0.34607",
    "0.82997",
    "0.24158",
    "0.13562",
    "0.16052",
    "0.93349",
    "0.41541",
    "0.78602",
    "0.81874",
    "0.75575",
    "0.68299",
    "0.40516",
    "0.82069",
    "0.79677",
    "0.54432",
    "0.49305",
    "0.66639",
    "0.55653",
    "0.49940",
    "0.54969",
    "0.85585",
    "0.53504",
    "0.04822",
    "0.07507",
    "0.88905",
    "0.23230",
    "0.69081",
    "0.56922",
    "0.26600",
    "0.14832",
    "0.92714",
    "0.53211",
    "0.48670",
    "0.78309",
    "0.25721",
    "0.46375",
    "0.05115",
    "0.63661",
    "0.18103",
    "0.86415",
    "0.45936",
    "0.20887",
    "0.19861",
    "0.23328",
    "0.21131",
    "0.99989",
    "0.80995",
    "0.07117",
    "0.80702",
    "0.50965",
    "0.51502",
    "0.87782",
    "0.74647",
    "0.23816",
    "0.81386",
    "0.15320",
    "0.52967",
    "0.68544",
    "0.20642",
    "0.39734",
    "0.65663",
    "0.35145",
    "0.19275",
    "0.11023",
    "0.62733",
    "0.73622",
    "0.27283",
    "0.79188",
    "0.94179",
    "0.33973",
    "0.94667",
    "0.94228",
    "0.09998",
    "0.66200",
    "0.71424",
    "0.06140",
    "0.60194",
    "0.20301",
    "0.07556",
    "0.64930",
    "0.94765",
    "0.46278",
    "0.53065",
    "0.20594",
    "0.63709",
    "0.94130",
    "0.57948",
    "0.23133",
    "0.17029",
    "0.13855",
    "0.72206",
    "0.22547",
    "0.04724",
    "0.55457",
    "0.45838",
    "0.68836",
    "0.76796",
    "0.68934",
    "0.28846",
    "0.12000",
    "0.83241",
    "0.04285",
    "0.71229",
    "0.02039",
    "0.74061",
    "0.11511",
    "0.22986",
    "0.88954",
    "0.99257",
    "0.40613",
    "0.34119",
    "0.22742",
    "0.08826",
    "0.41590",
    "0.54627",
    "0.53407",
    "0.52772",
    "0.64442",
    "0.34510",
    "0.30945",
    "0.81093",
    "0.59168",
    "0.23767",
    "0.05359",
    "0.43787",
    "0.75770",
    "0.72401",
    "0.26648",
    "0.90858",
    "0.64247",
    "0.30408",
    "0.44813",
    "0.72303",
    "0.74598"
  ]
}