{
  "metodo": "multiplicativo",
  "X0": 167026,
  "k": 58,
  "g": 15,
  "iteraciones": 200,
  "numeros": [
    "0.60042",
    "0.58895",
    "0.20734",
    "0.24079",
    "0.92758",
    "0.02155",
    "0.10480",
    "0.14997",
    "0.33283",
    "0.09479",
    "0.45540",
    "0.57479",
    "0.56624",
    "0.55867",
    "0.00909",
    "0.26521",
    "0.37776",
    "0.16315",
    "0.51595",
    "0.97128",
    "0.51741",
    "0.65828",
    "0.72591",
    "0.44295",
    "0.73519",
    "0.79403",
    "0.38899",
    "0.43025",
    "0.78109",
    "0.32038",
    "0.25520",
    "0.68319",
    "0.40510",
    "0.98740",
    "0.07453",
    "0.95175",
    "0.35725",
    "0.54500",
    "0.59700",
    "0.98593",
    "0.38752",
    "0.74325",
    "0.57259",
    "0.53572",
    "0.24592",
    "0.33210",
    "0.75130",
    "0.35115",
    "0.68245",
    "0.06159",
    "0.88314",
    "0.18220",
    "0.44710",
    "0.68172",
    "0.71810",
    "0.77889",
    "0.28986",
    "0.94247",
    "0.00616",
    "0.89120",
    "0.96078",
    "0.59383",
    "0.49739",
    "0.26911",
    "0.20978",
    "0.38581",
    "0.94174",
    "0.66268",
    "0.78695",
    "0.06842",
    "0.08918",
    "0.82186",
    "0.44221",
    "0.39167",
    "0.68978",
    "0.49666",
    "0.92563",
    "0.10553",
    "0.49348",
    "0.43709",
    "0.98715",
    "0.96005",
    "0.25031",
    "0.39314",
    "0.37678",
    "0.70516",
    "0.71029",
    "0.11481",
    "0.84457",
    "0.09088",
    "0.62337",
    "0.35212",
    "0.14045",
    "0.86728",
    "0.73959",
    "0.85507",
    "0.01447",
    "0.78426",
    "0.80892",
    "0.37361",
    "0.21662",
    "0.59188",
    "0.58138",
    "0.65780",
    "0.49690",
    "0.04010",
    "0.80697",
    "0.45759",
    "0.60530",
    "0.87899",
    "0.23566",
    "0.52303",
    "0.29182",
    "0.85849",
    "0.61751",
    "0.60408",
    "0.30647",
    "0.72860",
    "0.70248",
    "0.45076",
    "0.39924",
    "0.23933",
    "0.24055",
    "0.81307",
    "0.32014",
    "0.14069",
    "0.98178",
    "0.44099",
    "0.81918",
    "0.18268",
    "0.67611",
    "0.08454",
    "0.64632",
    "0.11530",
    "0.07355",
    "0.49373",
    "0.55159",
    "0.68856",
    "0.92416",
    "0.41853",
    "0.28498",
    "0.65242",
    "0.97787",
    "0.60897",
    "0.59651",
    "0.75692",
    "0.98471",
    "0.81503",
    "0.23615",
    "0.75204",
    "0.69466",
    "0.78671",
    "0.95395",
    "0.38777",
    "0.85775",
    "0.27400",
    "0.49983",
    "0.41414",
    "0.22394",
    "0.02692",
    "0.62386",
    "0.58113",
    "0.54329",
    "0.79550",
    "0.07599",
    "0.63875",
    "0.56575",
    "0.32966",
    "0.60628",
    "0.33699",
    "0.04132",
    "0.37947",
    "0.96469",
    "0.42586",
    "0.72005",
    "0.69491",
    "0.90121",
    "0.65535",
    "0.35188",
    "0.02594",
    "0.16584",
    "0.77548",
    "0.68685",
    "0.12262",
    "0.50862",
    "0.53621",
    "0.47493",
    "0.73495",
    "0.67953",
    "0.68758",
    "0.46614",
    "0.61287",
    "0.42854",
    "0.97958",
    "0.41047",
    "0.50642",
    "0.50569",
    "0.16218",
    "0.05792",
    "0.16559"
  ]
}