{
  "metodo": "multiplicativo",
  "X0": 95530,
  "k": 185,
  "g": 12,
  "iteraciones": 200,
  "numeros": [
    "0.28962",
    "0.98315",
    "0.62173",
    "0.04933",
    "0.23492",
    "0.77216",
    "0.37949",
    "0.40098",
    "0.30525",
    "0.18608",
    "0.26227",
    "0.37753",
    "0.50061",
    "0.22515",
    "0.27009",
    "0.97924",
    "0.82100",
    "0.88938",
    "0.40293",
    "0.20562",
    "0.26618",
    "0.17827",
    "0.66081",
    "0.05714",
    "0.83663",
    "0.09231",
    "0.04347",
    "0.53382",
    "0.53187",
    "0.63150",
    "0.55140",
    "0.63541",
    "0.35214",
    "0.79560",
    "0.18413",
    "0.36190",
    "0.29744",
    "0.58462",
    "0.94212",
    "0.71355",
    "0.36777",
    "0.99878",
    "0.82491",
    "0.69011",
    "0.56313",
    "0.03761",
    "0.83272",
    "0.29158",
    "0.88352",
    "0.70183",
    "0.96557",
    "0.51819",
    "0.32869",
    "0.99096",
    "0.22320",
    "0.36972",
    "0.89915",
    "0.90501",
    "0.60611",
    "0.84640",
    "0.59438",
    "0.44396",
    "0.11380",
    "0.94799",
    "0.41465",
    "0.60806",
    "0.74676",
    "0.67448",
    "0.35995",
    "0.39707",
    "0.50452",
    "0.02589",
    "0.43028",
    "0.81123",
    "0.38730",
    "0.00244",
    "0.62564",
    "0.85031",
    "0.39512",
    "0.60415",
    "0.94603",
    "0.51429",
    "0.52796",
    "0.83077",
    "0.39121",
    "0.80342",
    "0.78584",
    "0.68230",
    "0.96166",
    "0.71746",
    "0.16850",
    "0.15873",
    "0.65690",
    "0.25641",
    "0.67643",
    "0.26032",
    "0.47717",
    "0.42051",
    "0.30916",
    "0.98706",
    "0.42247",
    "0.20952",
    "0.06691",
    "0.33846",
    "0.49280",
    "0.62369",
    "0.94994",
    "0.31502",
    "0.68816",
    "0.66276",
    "0.95775",
    "0.91673",
    "0.00830",
    "0.32674",
    "0.09035",
    "0.14310",
    "0.45372",
    "0.61587",
    "0.34823",
    "0.99487",
    "0.02393",
    "0.52991",
    "0.73114",
    "0.47131",
    "0.71941",
    "0.06886",
    "0.23883",
    "0.57289",
    "0.53968",
    "0.23297",
    "0.87179",
    "0.29939",
    "0.48498",
    "0.02198",
    "0.62955",
    "0.65104",
    "0.55531",
    "0.43614",
    "0.51233",
    "0.62759",
    "0.75067",
    "0.47521",
    "0.52015",
    "0.22906",
    "0.07082",
    "0.13919",
    "0.65299",
    "0.45568",
    "0.51624",
    "0.42833",
    "0.91087",
    "0.30720",
    "0.08645",
    "0.34237",
    "0.29353",
    "0.78388",
    "0.78193",
    "0.88156",
    "0.80147",
    "0.88547",
    "0.60220",
    "0.04542",
    "0.43419",
    "0.61197",
    "0.54750",
    "0.83468",
    "0.19194",
    "0.96361",
    "0.61783",
    "0.24860",
    "0.07473",
    "0.94017",
    "0.81319",
    "0.28767",
    "0.08254",
    "0.54164",
    "0.13333",
    "0.95189",
    "0.21538",
    "0.76825",
    "0.57875",
    "0.24078",
    "0.47326",
    "0.61978",
    "0.14896",
    "0.15482",
    "0.85617",
    "0.09621",
    "0.84444",
    "0.69402",
    "0.36386",
    "0.19780",
    "0.66471",
    "0.85812",
    "0.99683",
    "0.92454",
    "0.61001",
    "0.64713",
    "0.75458",
    "0.27595"
  ]
}