{
  "metodo": "multiplicativo",
  "X0": 49577,
  "k": 193,
  "g": 15,
  "iteraciones": 200,
  "numeros": [
    "0.59050",
    "0.66070",
    "0.38566",
    "0.37284",
    "0.51872",
    "0.47758",
    "0.75530",
    "0.92804",
    "0.48601",
    "0.80230",
    "0.72649",
    "0.30351",
    "0.11734",
    "0.75982",
    "0.92425",
    "0.62432",
    "0.03775",
    "0.47514",
    "0.97357",
    "0.01541",
    "0.87225",
    "0.07327",
    "0.49944",
    "0.60186",
    "0.24577",
    "0.67925",
    "0.12687",
    "0.50859",
    "0.78338",
    "0.41801",
    "0.48088",
    "0.86065",
    "0.11002",
    "0.41459",
    "0.18644",
    "0.78301",
    "0.85076",
    "0.79400",
    "0.86859",
    "0.40068",
    "0.63054",
    "0.68120",
    "0.15226",
    "0.83868",
    "0.07437",
    "0.20121",
    "0.66253",
    "0.22196",
    "0.80731",
    "0.47905",
    "0.02432",
    "0.67559",
    "0.45427",
    "0.63970",
    "0.86273",
    "0.32450",
    "0.64031",
    "0.80816",
    "0.80267",
    "0.29374",
    "0.99042",
    "0.10941",
    "0.46916",
    "0.70830",
    "0.12955",
    "0.66851",
    "0.48723",
    "0.69317",
    "0.68279",
    "0.61040",
    "0.48186",
    "0.37333",
    "0.27506",
    "0.06009",
    "0.07804",
    "0.87384",
    "0.53142",
    "0.14261",
    "0.90081",
    "0.31962",
    "0.07682",
    "0.98297",
    "0.57512",
    "0.83575",
    "0.53630",
    "0.70611",
    "0.72600",
    "0.54717",
    "0.53484",
    "0.43706",
    "0.97845",
    "0.57891",
    "0.69744",
    "0.30082",
    "0.95746",
    "0.05594",
    "0.64910",
    "0.42241",
    "0.28800",
    "0.10331",
    "0.01480",
    "0.92682",
    "0.59514",
    "0.84600",
    "0.41960",
    "0.93902",
    "0.50383",
    "0.40898",
    "0.48845",
    "0.58403",
    "0.63909",
    "0.91729",
    "0.84637",
    "0.98688",
    "0.62590",
    "0.49590",
    "0.11832",
    "0.27250",
    "0.08927",
    "0.26981",
    "0.92938",
    "0.56597",
    "0.65423",
    "0.36406",
    "0.90448",
    "0.99225",
    "0.94574",
    "0.90362",
    "0.66863",
    "0.67632",
    "0.58879",
    "0.01346",
    "0.84686",
    "0.74322",
    "0.20841",
    "0.81866",
    "0.06412",
    "0.31791",
    "0.42961",
    "0.44414",
    "0.94549",
    "0.52544",
    "0.87738",
    "0.01492",
    "0.11588",
    "0.49077",
    "0.17667",
    "0.65606",
    "0.20035",
    "0.33891",
    "0.95257",
    "0.49248",
    "0.82391",
    "0.19486",
    "0.83001",
    "0.64922",
    "0.61150",
    "0.18363",
    "0.43400",
    "0.25126",
    "0.18815",
    "0.43022",
    "0.38957",
    "0.42363",
    "0.17887",
    "0.05960",
    "0.32170",
    "0.29130",
    "0.20866",
    "0.19681",
    "0.85540",
    "0.97931",
    "0.90252",
    "0.96686",
    "0.61565",
    "0.61260",
    "0.88543",
    "0.49467",
    "0.22745",
    "0.31620",
    "0.78240",
    "0.90533",
    "0.31584",
    "0.21512",
    "0.21842",
    "0.32377",
    "0.50578",
    "0.43437",
    "0.81854",
    "0.87506",
    "0.42228",
    "0.09891",
    "0.20768",
    "0.68413",
    "0.69036",
    "0.33378",
    "0.01090",
    "0.87603",
    "0.93500",
    "0.26395"
  ]
}