{
  "metodo": "multiplicativo",
  "X0": 14450,
  "k": 26,
  "g": 11,
  "iteraciones": 200,
  "numeros": [
    "0.85686",
    "0.42306",
    "0.06742",
    "0.35271",
    "0.09086",
    "0.34489",
    "0.42697",
    "0.89985",
    "0.57548",
    "0.51685",
    "0.03615",
    "0.69663",
    "0.30972",
    "0.93894",
    "0.89595",
    "0.74353",
    "0.29409",
    "0.61065",
    "0.00489",
    "0.04006",
    "0.52858",
    "0.53249",
    "0.36444",
    "0.58720",
    "0.01270",
    "0.70445",
    "0.97411",
    "0.38398",
    "0.74744",
    "0.12604",
    "0.83341",
    "0.43087",
    "0.73180",
    "0.79824",
    "0.94284",
    "0.72789",
    "0.96629",
    "0.72008",
    "0.30191",
    "0.27455",
    "0.45042",
    "0.89204",
    "0.91158",
    "0.07132",
    "0.18466",
    "0.31363",
    "0.77088",
    "0.11822",
    "0.16903",
    "0.98583",
    "0.88031",
    "0.41524",
    "0.40352",
    "0.90767",
    "0.23937",
    "0.96238",
    "0.88813",
    "0.07914",
    "0.84905",
    "0.75916",
    "0.62237",
    "0.50122",
    "0.70835",
    "0.80606",
    "0.60674",
    "0.17294",
    "0.81778",
    "0.10259",
    "0.84123",
    "0.09477",
    "0.17684",
    "0.64973",
    "0.32535",
    "0.26673",
    "0.78652",
    "0.44651",
    "0.05960",
    "0.68881",
    "0.64582",
    "0.49340",
    "0.04397",
    "0.36053",
    "0.75525",
    "0.79043",
    "0.27846",
    "0.28236",
    "0.11431",
    "0.33708",
    "0.76307",
    "0.45432",
    "0.72399",
    "0.13385",
    "0.49731",
    "0.87640",
    "0.58329",
    "0.18075",
    "0.48168",
    "0.54812",
    "0.69272",
    "0.47777",
    "0.71617",
    "0.46996",
    "0.05178",
    "0.02443",
    "0.20029",
    "0.64191",
    "0.66146",
    "0.82169",
    "0.93503",
    "0.06351",
    "0.52076",
    "0.86859",
    "0.91939",
    "0.73571",
    "0.63019",
    "0.16512",
    "0.15340",
    "0.65755",
    "0.98974",
    "0.71226",
    "0.63801",
    "0.82951",
    "0.59893",
    "0.50904",
    "0.37225",
    "0.25110",
    "0.45823",
    "0.55594",
    "0.35662",
    "0.92330",
    "0.56766",
    "0.85296",
    "0.59111",
    "0.84514",
    "0.92721",
    "0.39961",
    "0.07523",
    "0.01661",
    "0.53639",
    "0.19638",
    "0.80997",
    "0.43869",
    "0.39570",
    "0.24328",
    "0.79433",
    "0.11041",
    "0.50513",
    "0.54030",
    "0.02833",
    "0.03224",
    "0.86468",
    "0.08696",
    "0.51295",
    "0.20420",
    "0.47386",
    "0.88422",
    "0.24719",
    "0.62628",
    "0.33317",
    "0.93112",
    "0.23156",
    "0.29800",
    "0.44260",
    "0.22765",
    "0.46605",
    "0.21983",
    "0.80215",
    "0.77479",
    "0.95066",
    "0.39179",
    "0.41133",
    "0.57157",
    "0.68490",
    "0.81387",
    "0.27064",
    "0.61847",
    "0.66927",
    "0.48559",
    "0.38007",
    "0.91549",
    "0.90376",
    "0.40743",
    "0.73962",
    "0.46214",
    "0.38788",
    "0.57938",
    "0.34880",
    "0.25892",
    "0.12213",
    "0.00098",
    "0.20811",
    "0.30581",
    "0.10650",
    "0.67318",
    "0.31754",
    "0.60283",
    "0.34099",
    "0.59502",
    "0.67709",
    "0.14949"
  ]
}