{
  "metodo": "multiplicativo",
  "X0": 166358,
  "k": 203,
  "g": 10,
  "iteraciones": 200,
  "numeros": [
    "0.68622",
    "0.75660",
    "0.29521",
    "0.42815",
    "0.78006",
    "0.47507",
    "0.13881",
    "0.89736",
    "0.37341",
    "0.69404",
    "0.48289",
    "0.86608",
    "0.46725",
    "0.41251",
    "0.32649",
    "0.33431",
    "0.06061",
    "0.63148",
    "0.67058",
    "0.30303",
    "0.15445",
    "0.34995",
    "0.51417",
    "0.77224",
    "0.74878",
    "0.56891",
    "0.85826",
    "0.74096",
    "0.84262",
    "0.28739",
    "0.70186",
    "0.20919",
    "0.43597",
    "0.50635",
    "0.04497",
    "0.17791",
    "0.52981",
    "0.22483",
    "0.88954",
    "0.64712",
    "0.12317",
    "0.44379",
    "0.23265",
    "0.61584",
    "0.21701",
    "0.16227",
    "0.07625",
    "0.08407",
    "0.81134",
    "0.38123",
    "0.42033",
    "0.05279",
    "0.90518",
    "0.09971",
    "0.26393",
    "0.52199",
    "0.49853",
    "0.31867",
    "0.60802",
    "0.49071",
    "0.59238",
    "0.03715",
    "0.45161",
    "0.95992",
    "0.18573",
    "0.25611",
    "0.79570",
    "0.92864",
    "0.27957",
    "0.97556",
    "0.63930",
    "0.39687",
    "0.87390",
    "0.19355",
    "0.98338",
    "0.36559",
    "0.96774",
    "0.91300",
    "0.82698",
    "0.83480",
    "0.56109",
    "0.13099",
    "0.17009",
    "0.80352",
    "0.65494",
    "0.85044",
    "0.01369",
    "0.27175",
    "0.24829",
    "0.06843",
    "0.35777",
    "0.24047",
    "0.34213",
    "0.78788",
    "0.20137",
    "0.70968",
    "0.93646",
    "0.00587",
    "0.54545",
    "0.67840",
    "0.02933",
    "0.72532",
    "0.38905",
    "0.14663",
    "0.62366",
    "0.94428",
    "0.73314",
    "0.11535",
    "0.71750",
    "0.66276",
    "0.57674",
    "0.58456",
    "0.31085",
    "0.88172",
    "0.92082",
    "0.55327",
    "0.40469",
    "0.60020",
    "0.76442",
    "0.02151",
    "0.99902",
    "0.81916",
    "0.10753",
    "0.99120",
    "0.09189",
    "0.53763",
    "0.95210",
    "0.45943",
    "0.68622",
    "0.75660",
    "0.29521",
    "0.42815",
    "0.78006",
    "0.47507",
    "0.13881",
    "0.89736",
    "0.37341",
    "0.69404",
    "0.48289",
    "0.86608",
    "0.46725",
    "0.41251",
    "0.32649",
    "0.33431",
    "0.06061",
    "0.63148",
    "0.67058",
    "0.30303",
    "0.15445",
    "0.34995",
    "0.51417",
    "0.77224",
    "0.74878",
    "0.56891",
    "0.85826",
    "0.74096",
    "0.84262",
    "0.28739",
    "0.70186",
    "0.20919",
    "0.43597",
    "0.50635",
    "0.04497",
    "0.17791",
    "0.52981",
    "0.22483",
    "0.88954",
    "0.64712",
    "0.12317",
    "0.44379",
    "0.23265",
    "0.61584",
    "0.21701",
    "0.16227",
    "0.07625",
    "0.08407",
    "0.81134",
    "0.38123",
    "0.42033",
    "0.05279",
    "0.90518",
    "0.09971",
    "0.26393",
    "0.52199",
    "0.49853",
    "0.31867",
    "0.60802",
    "0.49071",
    "0.59238",
    "0.03715",
    "0.45161",
    "0.95992",
    "0.18573",
    "0.25611",
    "0.79570",
    "0.92864",
    "0.27957",
    "0.97556",
    "0.63930",
    "0.39687"
  ]
}