{
  "metodo": "multiplicativo",
  "X0": 187705,
  "k": 148,
  "g": 13,
  "iteraciones": 200,
  "numeros": [
    "0.80442",
    "0.33805",
    "0.89720",
    "0.64571",
    "0.65401",
    "0.52362",
    "0.51239",
    "0.15932",
    "0.40984",
    "0.24039",
    "0.78391",
    "0.95434",
    "0.57197",
    "0.98852",
    "0.21157",
    "0.53046",
    "0.64034",
    "0.26773",
    "0.29557",
    "0.38786",
    "0.11488",
    "0.57832",
    "0.53583",
    "0.02649",
    "0.49579",
    "0.42010",
    "0.43230",
    "0.94653",
    "0.28287",
    "0.29313",
    "0.48504",
    "0.64766",
    "0.97632",
    "0.69747",
    "0.19399",
    "0.63008",
    "0.07581",
    "0.13295",
    "0.05921",
    "0.39372",
    "0.08168",
    "0.09974",
    "0.58076",
    "0.43865",
    "0.49383",
    "0.09779",
    "0.25845",
    "0.26480",
    "0.81223",
    "0.62715",
    "0.59248",
    "0.37224",
    "0.53681",
    "0.18764",
    "0.08265",
    "0.26090",
    "0.16762",
    "0.27945",
    "0.22915",
    "0.43084",
    "0.20474",
    "0.40251",
    "0.53193",
    "0.38200",
    "0.14809",
    "0.05677",
    "0.49090",
    "0.61445",
    "0.49774",
    "0.74240",
    "0.60615",
    "0.62813",
    "0.75363",
    "0.95922",
    "0.37761",
    "0.92309",
    "0.41570",
    "0.20718",
    "0.30534",
    "0.99927",
    "0.98413",
    "0.98657",
    "0.88939",
    "0.35661",
    "0.95874",
    "0.79709",
    "0.62959",
    "0.49530",
    "0.83958",
    "0.13881",
    "0.02600",
    "0.91527",
    "0.12660",
    "0.51190",
    "0.57881",
    "0.11635",
    "0.31999",
    "0.41619",
    "0.78782",
    "0.59883",
    "0.91967",
    "0.35173",
    "0.15297",
    "0.86253",
    "0.42547",
    "0.81858",
    "0.17446",
    "0.40740",
    "0.33757",
    "0.31657",
    "0.35222",
    "0.73361",
    "0.15590",
    "0.34587",
    "0.18618",
    "0.34098",
    "0.38054",
    "0.40642",
    "0.17641",
    "0.72970",
    "0.51141",
    "0.99829",
    "0.82298",
    "0.39958",
    "0.04847",
    "0.62129",
    "0.62569",
    "0.85081",
    "0.49188",
    "0.77561",
    "0.08461",
    "0.58320",
    "0.34147",
    "0.96118",
    "0.69991",
    "0.09681",
    "0.09730",
    "0.67794",
    "0.97143",
    "0.89183",
    "0.25943",
    "0.42596",
    "0.39910",
    "0.46795",
    "0.32780",
    "0.70529",
    "0.48309",
    "0.32536",
    "0.80247",
    "0.01575",
    "0.72335",
    "0.96411",
    "0.18325",
    "0.85765",
    "0.61983",
    "0.88402",
    "0.97046",
    "0.73068",
    "0.67257",
    "0.58515",
    "0.66378",
    "0.13490",
    "0.38152",
    "0.56757",
    "0.76340",
    "0.57050",
    "0.24673",
    "0.33122",
    "0.76926",
    "0.53730",
    "0.76828",
    "0.37614",
    "0.18130",
    "0.53534",
    "0.44598",
    "0.20230",
    "0.49969",
    "0.06458",
    "0.78000",
    "0.30973",
    "0.22427",
    "0.62520",
    "0.27017",
    "0.19839",
    "0.85521",
    "0.71701",
    "0.41668",
    "0.36833",
    "0.89232",
    "0.84007",
    "0.71945",
    "0.31950",
    "0.83567",
    "0.49432",
    "0.67843",
    "0.55195",
    "0.18520",
    "0.17983",
    "0.79368",
    "0.56562"
  ]
}