{
  "metodo": "multiplicativo",
  "X0": 141333,
  "k": 1,
  "g": 13,
  "iteraciones": 200,
  "numeros": [
    "0.28336",
    "0.68331",
    "0.88207",
    "0.46551",
    "0.05091",
    "0.66182",
    "0.60273",
    "0.83470",
    "0.84984",
    "0.04651",
    "0.60469",
    "0.86009",
    "0.17983",
    "0.33757",
    "0.38786",
    "0.04163",
    "0.54120",
    "0.03479",
    "0.45233",
    "0.87962",
    "0.43377",
    "0.63838",
    "0.29801",
    "0.87376",
    "0.35759",
    "0.64815",
    "0.42498",
    "0.52411",
    "0.81272",
    "0.56416",
    "0.33317",
    "0.33073",
    "0.29899",
    "0.88646",
    "0.52265",
    "0.79368",
    "0.31657",
    "0.11488",
    "0.49335",
    "0.41277",
    "0.36540",
    "0.74973",
    "0.74533",
    "0.68819",
    "0.94555",
    "0.29068",
    "0.77854",
    "0.11977",
    "0.55683",
    "0.23794",
    "0.09291",
    "0.20767",
    "0.69943",
    "0.09144",
    "0.18862",
    "0.45184",
    "0.87328",
    "0.35124",
    "0.56562",
    "0.35222",
    "0.57832",
    "0.51728",
    "0.72384",
    "0.40886",
    "0.31461",
    "0.08949",
    "0.16323",
    "0.12172",
    "0.58222",
    "0.56806",
    "0.38396",
    "0.99097",
    "0.88109",
    "0.45281",
    "0.88597",
    "0.51630",
    "0.71115",
    "0.24380",
    "0.16909",
    "0.19790",
    "0.57246",
    "0.44109",
    "0.73361",
    "0.53583",
    "0.96508",
    "0.54462",
    "0.07923",
    "0.02991",
    "0.38884",
    "0.05433",
    "0.70626",
    "0.18032",
    "0.34391",
    "0.47039",
    "0.11439",
    "0.48700",
    "0.33024",
    "0.29264",
    "0.80393",
    "0.44988",
    "0.84788",
    "0.02112",
    "0.27457",
    "0.56904",
    "0.39665",
    "0.15590",
    "0.02649",
    "0.34440",
    "0.47674",
    "0.19692",
    "0.55976",
    "0.27603",
    "0.58808",
    "0.64424",
    "0.37419",
    "0.86400",
    "0.23062",
    "0.99780",
    "0.96997",
    "0.60811",
    "0.90453",
    "0.75754",
    "0.84691",
    "0.00842",
    "0.10951",
    "0.42351",
    "0.50507",
    "0.56513",
    "0.34587",
    "0.49579",
    "0.44451",
    "0.77805",
    "0.11342",
    "0.47430",
    "0.16518",
    "0.14711",
    "0.91234",
    "0.85911",
    "0.16713",
    "0.17251",
    "0.24234",
    "0.15004",
    "0.95043",
    "0.35417",
    "0.60371",
    "0.84739",
    "0.01477",
    "0.19204",
    "0.49628",
    "0.45086",
    "0.86058",
    "0.18618",
    "0.42010",
    "0.46063",
    "0.98755",
    "0.83665",
    "0.87523",
    "0.37663",
    "0.89574",
    "0.64327",
    "0.36149",
    "0.69894",
    "0.08509",
    "0.10609",
    "0.37907",
    "0.92748",
    "0.05579",
    "0.72531",
    "0.42791",
    "0.56220",
    "0.30778",
    "0.00061",
    "0.00794",
    "0.10316",
    "0.34098",
    "0.43230",
    "0.61934",
    "0.05042",
    "0.65548",
    "0.52021",
    "0.76193",
    "0.90404",
    "0.75119",
    "0.76438",
    "0.93578",
    "0.16372",
    "0.12807",
    "0.66475",
    "0.64083",
    "0.32975",
    "0.28629",
    "0.72140",
    "0.37712",
    "0.90209",
    "0.72580",
    "0.43426",
    "0.64473",
    "0.38054",
    "0.94653",
    "0.30338"
  ]
}