{
  "metodo": "multiplicativo",
  "X0": 13475,
  "k": 30,
  "g": 15,
  "iteraciones": 200,
  "numeros": [
    "0.74999",
    "0.74255",
    "0.91821",
    "0.95471",
    "0.89697",
    "0.75085",
    "0.95190",
    "0.20908",
    "0.22361",
    "0.78259",
    "0.72777",
    "0.29942",
    "0.35496",
    "0.96277",
    "0.87085",
    "0.35069",
    "0.91601",
    "0.41636",
    "0.00607",
    "0.48790",
    "0.53172",
    "0.26841",
    "0.75854",
    "0.83605",
    "0.82714",
    "0.64391",
    "0.75317",
    "0.52013",
    "0.42723",
    "0.66784",
    "0.61498",
    "0.66515",
    "0.95703",
    "0.46519",
    "0.96899",
    "0.39610",
    "0.04147",
    "0.16099",
    "0.44017",
    "0.83801",
    "0.30564",
    "0.88025",
    "0.65355",
    "0.11582",
    "0.37449",
    "0.74792",
    "0.23411",
    "0.35459",
    "0.87304",
    "0.88903",
    "0.80688",
    "0.67931",
    "0.42625",
    "0.42857",
    "0.99683",
    "0.21494",
    "0.65917",
    "0.49156",
    "0.42894",
    "0.08652",
    "0.19675",
    "0.20298",
    "0.72826",
    "0.41905",
    "0.66405",
    "0.68786",
    "0.51976",
    "0.33750",
    "0.68603",
    "0.07114",
    "0.42845",
    "0.96692",
    "0.88769",
    "0.47789",
    "0.07932",
    "0.43223",
    "0.89404",
    "0.03305",
    "0.09738",
    "0.85852",
    "0.33006",
    "0.86169",
    "0.10764",
    "0.37071",
    "0.82080",
    "0.08872",
    "0.73510",
    "0.09384",
    "0.99121",
    "0.83923",
    "0.60472",
    "0.15293",
    "0.46629",
    "0.23814",
    "0.34153",
    "0.67296",
    "0.87109",
    "0.41050",
    "0.57054",
    "0.77892",
    "0.83056",
    "0.48131",
    "0.91675",
    "0.59581",
    "0.96973",
    "0.57555",
    "0.00510",
    "0.24863",
    "0.91357",
    "0.81823",
    "0.46068",
    "0.86242",
    "0.28709",
    "0.33433",
    "0.90844",
    "0.56212",
    "0.71532",
    "0.24888",
    "0.97339",
    "0.47276",
    "0.82324",
    "0.68688",
    "0.28050",
    "0.71935",
    "0.23582",
    "0.77331",
    "0.45482",
    "0.42686",
    "0.57811",
    "0.63317",
    "0.12131",
    "0.72033",
    "0.47508",
    "0.39146",
    "0.90503",
    "0.72472",
    "0.55174",
    "0.17319",
    "0.43089",
    "0.56505",
    "0.43309",
    "0.10337",
    "0.32395",
    "0.36631",
    "0.74413",
    "0.30699",
    "0.20920",
    "0.25352",
    "0.10984",
    "0.90905",
    "0.71166",
    "0.35166",
    "0.15525",
    "0.03452",
    "0.45628",
    "0.78576",
    "0.50536",
    "0.80847",
    "0.06809",
    "0.68078",
    "0.78515",
    "0.35582",
    "0.17209",
    "0.16172",
    "0.61962",
    "0.80163",
    "0.39329",
    "0.35362",
    "0.63378",
    "0.27085",
    "0.35667",
    "0.38145",
    "0.45262",
    "0.88855",
    "0.68725",
    "0.37022",
    "0.70116",
    "0.77966",
    "0.00998",
    "0.44493",
    "0.00436",
    "0.06919",
    "0.94995",
    "0.73058",
    "0.98730",
    "0.88220",
    "0.13205",
    "0.35215",
    "0.27488",
    "0.34361",
    "0.18137",
    "0.43468",
    "0.49217",
    "0.57848",
    "0.72289",
    "0.10312",
    "0.26414",
    "0.71178",
    "0.38157",
    "0.48253"
  ]
}