{
  "metodo": "multiplicativo",
  "X0": 1044,
  "k": 46,
  "g": 16,
  "iteraciones": 200,
  "numeros": [
    "0.94197",
    "0.34943",
    "0.33600",
    "0.32746",
    "0.14020",
    "0.29377",
    "0.57331",
    "0.84211",
    "0.10407",
    "0.81624",
    "0.45124",
    "0.30988",
    "0.58357",
    "0.66682",
    "0.71980",
    "0.48078",
    "0.32868",
    "0.59553",
    "0.12897",
    "0.10480",
    "0.08942",
    "0.35236",
    "0.42878",
    "0.93196",
    "0.61579",
    "0.68733",
    "0.36921",
    "0.71223",
    "0.65779",
    "0.35041",
    "0.70027",
    "0.19562",
    "0.96541",
    "0.09162",
    "0.17194",
    "0.13214",
    "0.28864",
    "0.66096",
    "0.53425",
    "0.27179",
    "0.37751",
    "0.80842",
    "0.53718",
    "0.36457",
    "0.98201",
    "0.28400",
    "0.93074",
    "0.16046",
    "0.85212",
    "0.83772",
    "0.46491",
    "0.40949",
    "0.73787",
    "0.21955",
    "0.88972",
    "0.86165",
    "0.38923",
    "0.17951",
    "0.95515",
    "0.26691",
    "0.55622",
    "0.46760",
    "0.41120",
    "0.37531",
    "0.98885",
    "0.83381",
    "0.00787",
    "0.93684",
    "0.43708",
    "0.02814",
    "0.49519",
    "0.70149",
    "0.65095",
    "0.80061",
    "0.62312",
    "0.41926",
    "0.38044",
    "0.90120",
    "0.14166",
    "0.84016",
    "0.37556",
    "0.07990",
    "0.80085",
    "0.71418",
    "0.38630",
    "0.08673",
    "0.35065",
    "0.79133",
    "0.16266",
    "0.67170",
    "0.54108",
    "0.82161",
    "0.45466",
    "0.58479",
    "0.12213",
    "0.55500",
    "0.01227",
    "0.57600",
    "0.84382",
    "0.74153",
    "0.58552",
    "0.39533",
    "0.45612",
    "0.13117",
    "0.92439",
    "0.79280",
    "0.70906",
    "0.47395",
    "0.77888",
    "0.51838",
    "0.35261",
    "0.51984",
    "0.89900",
    "0.32209",
    "0.13678",
    "0.01886",
    "0.03473",
    "0.95393",
    "0.81160",
    "0.72102",
    "0.93611",
    "0.16388",
    "0.12702",
    "0.37629",
    "0.35309",
    "0.70198",
    "0.83308",
    "0.73469",
    "0.03571",
    "0.31818",
    "0.67976",
    "0.54621",
    "0.73396",
    "0.76252",
    "0.41706",
    "0.56086",
    "0.19782",
    "0.78499",
    "0.79500",
    "0.52863",
    "0.17731",
    "0.13556",
    "0.56355",
    "0.19953",
    "0.42243",
    "0.56428",
    "0.47272",
    "0.32355",
    "0.68318",
    "0.82112",
    "0.27253",
    "0.65071",
    "0.70954",
    "0.65608",
    "0.71296",
    "0.93098",
    "0.25153",
    "0.81917",
    "0.54401",
    "0.91438",
    "0.05914",
    "0.06036",
    "0.51569",
    "0.35090",
    "0.88240",
    "0.12970",
    "0.37800",
    "0.99055",
    "0.47126",
    "0.77717",
    "0.88093",
    "0.58332",
    "0.57575",
    "0.75276",
    "0.77449",
    "0.87922",
    "0.94588",
    "0.80647",
    "0.80867",
    "0.62824",
    "0.33161",
    "0.68830",
    "0.73347",
    "0.58039",
    "0.48298",
    "0.14826",
    "0.29889",
    "0.48566",
    "0.14997",
    "0.93635",
    "0.25495",
    "0.09406",
    "0.08258",
    "0.80256",
    "0.35163",
    "0.15558",
    "0.03082",
    "0.49689",
    "0.33893",
    "0.42023"
  ]
}