{
  "metodo": "multiplicativo",
  "X0": 14232,
  "k": 253,
  "g": 13,
  "iteraciones": 200,
  "numeros": [
    "0.99133",
    "0.16701",
    "0.82725",
    "0.28421",
    "0.60066",
    "0.58894",
    "0.81162",
    "0.58113",
    "0.96008",
    "0.76084",
    "0.54597",
    "0.62801",
    "0.06934",
    "0.68270",
    "0.03028",
    "0.42486",
    "0.92882",
    "0.35454",
    "0.26468",
    "0.97180",
    "0.53815",
    "0.77646",
    "0.24905",
    "0.26859",
    "0.89757",
    "0.94836",
    "0.98352",
    "0.31547",
    "0.00684",
    "0.87022",
    "0.46783",
    "0.11232",
    "0.86632",
    "0.54206",
    "0.70223",
    "0.65926",
    "0.47564",
    "0.96398",
    "0.68661",
    "0.95617",
    "0.83506",
    "0.13576",
    "0.42095",
    "0.00293",
    "0.94445",
    "0.05762",
    "0.90538",
    "0.79990",
    "0.80381",
    "0.72958",
    "0.13967",
    "0.34672",
    "0.41314",
    "0.15139",
    "0.12404",
    "0.64363",
    "0.77256",
    "0.32328",
    "0.85850",
    "0.69051",
    "0.88194",
    "0.24515",
    "0.34282",
    "0.48736",
    "0.74130",
    "0.91710",
    "0.57722",
    "0.03418",
    "0.35063",
    "0.33891",
    "0.56159",
    "0.33110",
    "0.71005",
    "0.51080",
    "0.29593",
    "0.37798",
    "0.81944",
    "0.43267",
    "0.78037",
    "0.17483",
    "0.67879",
    "0.10450",
    "0.01465",
    "0.72177",
    "0.28812",
    "0.52643",
    "0.99915",
    "0.01856",
    "0.64754",
    "0.69833",
    "0.73349",
    "0.06544",
    "0.75693",
    "0.62019",
    "0.21780",
    "0.86241",
    "0.61629",
    "0.29203",
    "0.45220",
    "0.40923",
    "0.22561",
    "0.71395",
    "0.43658",
    "0.70614",
    "0.58503",
    "0.88585",
    "0.17092",
    "0.75302",
    "0.69442",
    "0.80772",
    "0.65535",
    "0.54987",
    "0.55378",
    "0.47955",
    "0.88976",
    "0.09669",
    "0.16311",
    "0.90148",
    "0.87413",
    "0.39360",
    "0.52252",
    "0.07325",
    "0.60847",
    "0.44048",
    "0.63191",
    "0.99524",
    "0.09278",
    "0.23733",
    "0.49127",
    "0.66707",
    "0.32719",
    "0.78428",
    "0.10060",
    "0.08888",
    "0.31156",
    "0.08106",
    "0.46002",
    "0.26077",
    "0.04590",
    "0.12795",
    "0.56941",
    "0.18264",
    "0.53034",
    "0.92492",
    "0.42876",
    "0.85460",
    "0.76474",
    "0.47174",
    "0.03809",
    "0.27640",
    "0.74911",
    "0.76865",
    "0.39751",
    "0.44830",
    "0.48346",
    "0.81553",
    "0.50690",
    "0.37016",
    "0.96789",
    "0.61238",
    "0.36626",
    "0.04200",
    "0.20217",
    "0.15920",
    "0.97571",
    "0.46392",
    "0.18655",
    "0.45611",
    "0.33500",
    "0.63582",
    "0.92101",
    "0.50299",
    "0.44439",
    "0.55769",
    "0.40532",
    "0.29984",
    "0.30375",
    "0.22952",
    "0.63973",
    "0.84678",
    "0.91320",
    "0.65145",
    "0.62410",
    "0.14357",
    "0.27249",
    "0.82334",
    "0.35844",
    "0.19045",
    "0.38188",
    "0.74521",
    "0.84288",
    "0.98743",
    "0.24124",
    "0.41704",
    "0.07716",
    "0.53424",
    "0.85069",
    "0.83897",
    "0.06153",
    "0.83116"
  ]
}