{
  "metodo": "multiplicativo",
  "X0": 70171,
  "k": 265,
  "g": 13,
  "iteraciones": 200,
  "numeros": [
    "0.31632",
    "0.10389",
    "0.74899",
    "0.41546",
    "0.73630",
    "0.43792",
    "0.46576",
    "0.60884",
    "0.62495",
    "0.86571",
    "0.40129",
    "0.64595",
    "0.48236",
    "0.88719",
    "0.05555",
    "0.02674",
    "0.80857",
    "0.00232",
    "0.92870",
    "0.25137",
    "0.10341",
    "0.71139",
    "0.52045",
    "0.81980",
    "0.86717",
    "0.51410",
    "0.33097",
    "0.23184",
    "0.59956",
    "0.91063",
    "0.86033",
    "0.98779",
    "0.80076",
    "0.40081",
    "0.60835",
    "0.58735",
    "0.97070",
    "0.48480",
    "0.07508",
    "0.53070",
    "0.60933",
    "0.66256",
    "0.76071",
    "0.31779",
    "0.21670",
    "0.43401",
    "0.16494",
    "0.44866",
    "0.29288",
    "0.29923",
    "0.78806",
    "0.42327",
    "0.33781",
    "0.75827",
    "0.12978",
    "0.74167",
    "0.85154",
    "0.31095",
    "0.69039",
    "0.90380",
    "0.33390",
    "0.45745",
    "0.96972",
    "0.40960",
    "0.28507",
    "0.69772",
    "0.46771",
    "0.75925",
    "0.20498",
    "0.53168",
    "0.68453",
    "0.45257",
    "0.59370",
    "0.45941",
    "0.12001",
    "0.98974",
    "0.95117",
    "0.98095",
    "0.27433",
    "0.87059",
    "0.77732",
    "0.59614",
    "0.64742",
    "0.59517",
    "0.57221",
    "0.80515",
    "0.73923",
    "0.66353",
    "0.83592",
    "0.10780",
    "0.04969",
    "0.57563",
    "0.06825",
    "0.00427",
    "0.07899",
    "0.83152",
    "0.76950",
    "0.99463",
    "0.32707",
    "0.93114",
    "0.43938",
    "0.57856",
    "0.29386",
    "0.37444",
    "0.57807",
    "0.25626",
    "0.47943",
    "0.66158",
    "0.68551",
    "0.52777",
    "0.38371",
    "0.29239",
    "0.26163",
    "0.89305",
    "0.50678",
    "0.76706",
    "0.80662",
    "0.85203",
    "0.34855",
    "0.58540",
    "0.82029",
    "0.90477",
    "0.40911",
    "0.24747",
    "0.80271",
    "0.55121",
    "0.18838",
    "0.25333",
    "0.25382",
    "0.29142",
    "0.18642",
    "0.10292",
    "0.67379",
    "0.62544",
    "0.90331",
    "0.29630",
    "0.56245",
    "0.05311",
    "0.83885",
    "0.33341",
    "0.41985",
    "0.07459",
    "0.49310",
    "0.71432",
    "0.74606",
    "0.18984",
    "0.36613",
    "0.93896",
    "0.04090",
    "0.89891",
    "0.95800",
    "0.50726",
    "0.80466",
    "0.70162",
    "0.76853",
    "0.91942",
    "0.53705",
    "0.09803",
    "0.29777",
    "0.67525",
    "0.73825",
    "0.58833",
    "0.04578",
    "0.27481",
    "0.90819",
    "0.67232",
    "0.51264",
    "0.21817",
    "0.54682",
    "0.85008",
    "0.19814",
    "0.00525",
    "0.15419",
    "0.62154",
    "0.60249",
    "0.13613",
    "0.23037",
    "0.48675",
    "0.22549",
    "0.11073",
    "0.27530",
    "0.94579",
    "0.56733",
    "0.42913",
    "0.78904",
    "0.49847",
    "0.12782",
    "0.59126",
    "0.27140",
    "0.64498",
    "0.40715",
    "0.09706",
    "0.22256",
    "0.88524",
    "0.90526",
    "0.44671",
    "0.14247",
    "0.71920",
    "0.12196",
    "0.14003"
  ]
}