{
  "metodo": "multiplicativo",
  "X0": 5788,
  "k": 264,
  "g": 11,
  "iteraciones": 200,
  "numeros": [
    "0.00586",
    "0.40449",
    "0.89692",
    "0.85784",
    "0.16219",
    "0.18564",
    "0.80313",
    "0.38886",
    "0.81876",
    "0.46702",
    "0.20909",
    "0.42013",
    "0.97509",
    "0.24817",
    "0.11529",
    "0.95164",
    "0.63117",
    "0.52956",
    "0.52174",
    "0.98290",
    "0.78749",
    "0.31070",
    "0.42794",
    "0.51392",
    "0.44358",
    "0.59209",
    "0.83439",
    "0.54519",
    "0.59990",
    "0.37323",
    "0.74060",
    "0.07621",
    "0.25598",
    "0.65462",
    "0.14656",
    "0.10747",
    "0.41231",
    "0.43576",
    "0.05276",
    "0.63898",
    "0.06839",
    "0.71715",
    "0.45921",
    "0.67025",
    "0.22472",
    "0.49829",
    "0.36541",
    "0.20127",
    "0.88129",
    "0.77968",
    "0.77186",
    "0.23254",
    "0.03713",
    "0.56082",
    "0.67807",
    "0.76404",
    "0.69370",
    "0.84221",
    "0.08403",
    "0.79531",
    "0.85002",
    "0.62335",
    "0.99072",
    "0.32633",
    "0.50611",
    "0.90474",
    "0.39668",
    "0.35760",
    "0.66243",
    "0.68588",
    "0.30288",
    "0.88911",
    "0.31851",
    "0.96727",
    "0.70933",
    "0.92037",
    "0.47484",
    "0.74841",
    "0.61553",
    "0.45139",
    "0.13092",
    "0.02931",
    "0.02149",
    "0.48266",
    "0.28725",
    "0.81094",
    "0.92819",
    "0.01368",
    "0.94382",
    "0.09184",
    "0.33415",
    "0.04494",
    "0.09966",
    "0.87347",
    "0.24035",
    "0.57645",
    "0.75623",
    "0.15437",
    "0.64680",
    "0.60772",
    "0.91255",
    "0.93600",
    "0.55300",
    "0.13874",
    "0.56864",
    "0.21690",
    "0.95945",
    "0.17000",
    "0.72496",
    "0.99853",
    "0.86566",
    "0.70151",
    "0.38105",
    "0.27943",
    "0.27162",
    "0.73278",
    "0.53737",
    "0.06058",
    "0.17782",
    "0.26380",
    "0.19345",
    "0.34196",
    "0.58427",
    "0.29507",
    "0.34978",
    "0.12311",
    "0.49047",
    "0.82658",
    "0.00586",
    "0.40449",
    "0.89692",
    "0.85784",
    "0.16219",
    "0.18564",
    "0.80313",
    "0.38886",
    "0.81876",
    "0.46702",
    "0.20909",
    "0.42013",
    "0.97509",
    "0.24817",
    "0.11529",
    "0.95164",
    "0.63117",
    "0.52956",
    "0.52174",
    "0.98290",
    "0.78749",
    "0.31070",
    "0.42794",
    "0.51392",
    "0.44358",
    "0.59209",
    "0.83439",
    "0.54519",
    "0.59990",
    "0.37323",
    "0.74060",
    "0.07621",
    "0.25598",
    "0.65462",
    "0.14656",
    "0.10747",
    "0.41231",
    "0.43576",
    "0.05276",
    "0.63898",
    "0.06839",
    "0.71715",
    "0.45921",
    "0.67025",
    "0.22472",
    "0.49829",
    "0.36541",
    "0.20127",
    "0.88129",
    "0.77968",
    "0.77186",
    "0.23254",
    "0.03713",
    "0.56082",
    "0.67807",
    "0.76404",
    "0.69370",
    "0.84221",
    "0.08403",
    "0.79531",
    "0.85002",
    "0.62335",
    "0.99072",
    "0.32633",
    "0.50611",
    "0.90474",
    "0.39668",
    "0.35760",
    "0.66243",
    "0.68588",
    "0.30288",
    "0.88911"
  ]
}