{
  "metodo": "multiplicativo",
  "X0": 66139,
  "k": 123,
  "g": 15,
  "iteraciones": 200,
  "numeros": [
    "0.19968",
    "0.48009",
    "0.79125",
    "0.52574",
    "0.94336",
    "0.95227",
    "0.76537",
    "0.93152",
    "0.24168",
    "0.01035",
    "0.23167",
    "0.11069",
    "0.46971",
    "0.52940",
    "0.56517",
    "0.93835",
    "0.00241",
    "0.38438",
    "0.14084",
    "0.28941",
    "0.21482",
    "0.45030",
    "0.33372",
    "0.03891",
    "0.48192",
    "0.60216",
    "0.51878",
    "0.06186",
    "0.17869",
    "0.71496",
    "0.07102",
    "0.23325",
    "0.68017",
    "0.66369",
    "0.36546",
    "0.42808",
    "0.36131",
    "0.32334",
    "0.77709",
    "0.52135",
    "0.59716",
    "0.56896",
    "0.68090",
    "0.38804",
    "0.76269",
    "0.27549",
    "0.45189",
    "0.90320",
    "0.23289",
    "0.31797",
    "0.46507",
    "0.94177",
    "0.38279",
    "0.57140",
    "0.09543",
    "0.37877",
    "0.58739",
    "0.91076",
    "0.71801",
    "0.08921",
    "0.22166",
    "0.21104",
    "0.70775",
    "0.94812",
    "0.66063",
    "0.34727",
    "0.43968",
    "0.83044",
    "0.27927",
    "0.19443",
    "0.28880",
    "0.61119",
    "0.45262",
    "0.62755",
    "0.63012",
    "0.16538",
    "0.55565",
    "0.52159",
    "0.83862",
    "0.36802",
    "0.96338",
    "0.75158",
    "0.28928",
    "0.09409",
    "0.05075",
    "0.19248",
    "0.35716",
    "0.21860",
    "0.19285",
    "0.71935",
    "0.41722",
    "0.61657",
    "0.76464",
    "0.20713",
    "0.84448",
    "0.16294",
    "0.14109",
    "0.53087",
    "0.01389",
    "0.73278",
    "0.69726",
    "0.56554",
    "0.30052",
    "0.20103",
    "0.80810",
    "0.18613",
    "0.07932",
    "0.44273",
    "0.84863",
    "0.26768",
    "0.72533",
    "0.33287",
    "0.19382",
    "0.68517",
    "0.61351",
    "0.74645",
    "0.21873",
    "0.31358",
    "0.11887",
    "0.55846",
    "0.29832",
    "0.02792",
    "0.61644",
    "0.64391",
    "0.80761",
    "0.70324",
    "0.48119",
    "0.87780",
    "0.12156",
    "0.21445",
    "0.08811",
    "0.13511",
    "0.61522",
    "0.43663",
    "0.81225",
    "0.29087",
    "0.66356",
    "0.24473",
    "0.02853",
    "0.22007",
    "0.64159",
    "0.51378",
    "0.11203",
    "0.79772",
    "0.92431",
    "0.11875",
    "0.43773",
    "0.89880",
    "0.88672",
    "0.93469",
    "0.38060",
    "0.39830",
    "0.90381",
    "0.83654",
    "0.31565",
    "0.17124",
    "0.35057",
    "0.69933",
    "0.61791",
    "0.09262",
    "0.60204",
    "0.39805",
    "0.66234",
    "0.03745",
    "0.03317",
    "0.80773",
    "0.82397",
    "0.88073",
    "0.01901",
    "0.80334",
    "0.47777",
    "0.49742",
    "0.93457",
    "0.25987",
    "0.99878",
    "0.76257",
    "0.15476",
    "0.05234",
    "0.76196",
    "0.55113",
    "0.05466",
    "0.05576",
    "0.14231",
    "0.73815",
    "0.00925",
    "0.14512",
    "0.51488",
    "0.19858",
    "0.39354",
    "0.19541",
    "0.25462",
    "0.80749",
    "0.58251",
    "0.08164",
    "0.73656",
    "0.43980",
    "0.95117",
    "0.67882",
    "0.33567",
    "0.97058"
  ]
}