{
  "metodo": "multiplicativo",
  "X0": 136890,
  "k": 66,
  "g": 16,
  "iteraciones": 200,
  "numeros": [
    "0.31742",
    "0.18131",
    "0.63554",
    "0.73674",
    "0.67436",
    "0.42692",
    "0.54325",
    "0.54874",
    "0.47660",
    "0.02408",
    "0.83378",
    "0.39982",
    "0.09915",
    "0.84782",
    "0.88212",
    "0.16495",
    "0.91704",
    "0.77311",
    "0.06326",
    "0.71916",
    "0.30521",
    "0.67497",
    "0.75224",
    "0.93742",
    "0.63871",
    "0.42838",
    "0.32401",
    "0.69474",
    "0.29252",
    "0.90837",
    "0.15360",
    "0.86613",
    "0.64164",
    "0.98991",
    "0.61601",
    "0.32657",
    "0.06107",
    "0.54801",
    "0.08621",
    "0.95109",
    "0.92583",
    "0.45768",
    "0.93925",
    "0.61466",
    "0.61088",
    "0.59391",
    "0.55009",
    "0.19229",
    "0.49125",
    "0.83171",
    "0.29374",
    "0.55900",
    "0.94194",
    "0.04605",
    "0.54520",
    "0.58976",
    "0.33793",
    "0.11197",
    "0.67948",
    "0.15958",
    "0.05423",
    "0.90446",
    "0.07156",
    "0.14347",
    "0.46586",
    "0.29850",
    "0.09647",
    "0.41642",
    "0.94780",
    "0.16910",
    "0.12918",
    "0.85344",
    "0.87504",
    "0.39127",
    "0.54472",
    "0.32950",
    "0.62260",
    "0.84001",
    "0.71806",
    "0.71965",
    "0.56547",
    "0.39030",
    "0.02420",
    "0.89885",
    "0.07864",
    "0.91716",
    "0.83818",
    "0.74211",
    "0.53715",
    "0.29557",
    "0.53495",
    "0.12442",
    "0.31595",
    "0.40055",
    "0.48954",
    "0.92082",
    "0.79008",
    "0.10709",
    "0.07694",
    "0.00626",
    "0.33451",
    "0.29020",
    "0.67216",
    "0.25577",
    "0.32425",
    "0.82487",
    "0.65019",
    "0.54435",
    "0.13431",
    "0.58610",
    "0.38602",
    "0.74699",
    "0.13968",
    "0.44889",
    "0.25467",
    "0.73869",
    "0.71537",
    "0.28824",
    "0.63114",
    "0.39445",
    "0.23636",
    "0.97917",
    "0.89042",
    "0.58927",
    "0.07767",
    "0.39664",
    "0.40751",
    "0.19815",
    "0.61430",
    "0.41569",
    "0.55741",
    "0.09610",
    "0.22123",
    "0.91130",
    "0.71513",
    "0.15811",
    "0.27347",
    "0.75846",
    "0.25565",
    "0.25919",
    "0.14603",
    "0.83220",
    "0.55399",
    "0.27433",
    "0.21390",
    "0.00748",
    "0.98515",
    "0.07852",
    "0.85209",
    "0.15933",
    "0.92412",
    "0.54679",
    "0.43558",
    "0.16275",
    "0.74589",
    "0.55412",
    "0.33939",
    "0.89274",
    "0.82548",
    "0.97551",
    "0.93852",
    "0.22428",
    "0.53788",
    "0.68595",
    "0.60795",
    "0.03238",
    "0.25809",
    "0.56046",
    "0.72270",
    "0.19205",
    "0.36112",
    "0.47404",
    "0.65776",
    "0.57829",
    "0.22196",
    "0.30167",
    "0.78813",
    "0.06607",
    "0.21561",
    "0.91838",
    "0.48881",
    "0.53043",
    "0.71708",
    "0.19913",
    "0.13480",
    "0.84636",
    "0.10135",
    "0.01895",
    "0.10111",
    "0.88884",
    "0.74345",
    "0.25284",
    "0.76274",
    "0.53288",
    "0.01834",
    "0.77580",
    "0.49467",
    "0.65348",
    "0.30106",
    "0.46281"
  ]
}