{
  "metodo": "multiplicativo",
  "X0": 64739,
  "k": 91,
  "g": 11,
  "iteraciones": 200,
  "numeros": [
    "0.74597",
    "0.52907",
    "0.61700",
    "0.04055",
    "0.70689",
    "0.89643",
    "0.76551",
    "0.84563",
    "0.54275",
    "0.63850",
    "0.78896",
    "0.02491",
    "0.25354",
    "0.75574",
    "0.68735",
    "0.57987",
    "0.83977",
    "0.24768",
    "0.46067",
    "0.50953",
    "0.30044",
    "0.11480",
    "0.10894",
    "0.81436",
    "0.63654",
    "0.35711",
    "0.63263",
    "0.49389",
    "0.84758",
    "0.97460",
    "0.03078",
    "0.54861",
    "0.93356",
    "0.96678",
    "0.30435",
    "0.97851",
    "0.89448",
    "0.33366",
    "0.45286",
    "0.78310",
    "0.73034",
    "0.07572",
    "0.47631",
    "0.96287",
    "0.44113",
    "0.19297",
    "0.37469",
    "0.51734",
    "0.02687",
    "0.68539",
    "0.14802",
    "0.44700",
    "0.48803",
    "0.55252",
    "0.79678",
    "0.75183",
    "0.82413",
    "0.79482",
    "0.31998",
    "0.43136",
    "0.03468",
    "0.41182",
    "0.71861",
    "0.48608",
    "0.12066",
    "0.40401",
    "0.99218",
    "0.91597",
    "0.08158",
    "0.77137",
    "0.14021",
    "0.72057",
    "0.91793",
    "0.51343",
    "0.16365",
    "0.90034",
    "0.62872",
    "0.63068",
    "0.06204",
    "0.45481",
    "0.21446",
    "0.12262",
    "0.83586",
    "0.38447",
    "0.67562",
    "0.99023",
    "0.48412",
    "0.68930",
    "0.01124",
    "0.23205",
    "0.00733",
    "0.36883",
    "0.22228",
    "0.84954",
    "0.40596",
    "0.42355",
    "0.30826",
    "0.84172",
    "0.67953",
    "0.85344",
    "0.26917",
    "0.20860",
    "0.82804",
    "0.65804",
    "0.10503",
    "0.95115",
    "0.85149",
    "0.83781",
    "0.81632",
    "0.06790",
    "0.74988",
    "0.39228",
    "0.40205",
    "0.56033",
    "0.52320",
    "0.32193",
    "0.86321",
    "0.42745",
    "0.17147",
    "0.62677",
    "0.19883",
    "0.66976",
    "0.69516",
    "0.30630",
    "0.40987",
    "0.28676",
    "0.09331",
    "0.36102",
    "0.49585",
    "0.27894",
    "0.36688",
    "0.79091",
    "0.45677",
    "0.64631",
    "0.51539",
    "0.59551",
    "0.29262",
    "0.38837",
    "0.53884",
    "0.77528",
    "0.00342",
    "0.50562",
    "0.43723",
    "0.32975",
    "0.58964",
    "0.99805",
    "0.21055",
    "0.25940",
    "0.05032",
    "0.86517",
    "0.85931",
    "0.56424",
    "0.38642",
    "0.10699",
    "0.38251",
    "0.24377",
    "0.59746",
    "0.72447",
    "0.78114",
    "0.29849",
    "0.68344",
    "0.71666",
    "0.05423",
    "0.72838",
    "0.64436",
    "0.08354",
    "0.20274",
    "0.53298",
    "0.48021",
    "0.82609",
    "0.22618",
    "0.71275",
    "0.19101",
    "0.94333",
    "0.12457",
    "0.26722",
    "0.77723",
    "0.43527",
    "0.89839",
    "0.19687",
    "0.23791",
    "0.30239",
    "0.54665",
    "0.50171",
    "0.57401",
    "0.54470",
    "0.06986",
    "0.18124",
    "0.78505",
    "0.16170",
    "0.46849",
    "0.23596",
    "0.87103",
    "0.15388",
    "0.74206",
    "0.66585",
    "0.83195",
    "0.52125",
    "0.89057",
    "0.47044"
  ]
}