{
  "metodo": "multiplicativo",
  "X0": 62308,
  "k": 177,
  "g": 13,
  "iteraciones": 200,
  "numeros": [
    "0.06495",
    "0.28177",
    "0.35014",
    "0.48883",
    "0.54157",
    "0.47711",
    "0.88927",
    "0.49664",
    "0.64314",
    "0.79746",
    "0.05323",
    "0.62947",
    "0.36967",
    "0.24271",
    "0.84239",
    "0.88732",
    "0.72128",
    "0.81309",
    "0.25638",
    "0.27005",
    "0.69784",
    "0.50836",
    "0.29545",
    "0.77793",
    "0.29935",
    "0.32865",
    "0.95959",
    "0.41069",
    "0.52594",
    "0.27396",
    "0.24857",
    "0.16848",
    "0.37749",
    "0.34428",
    "0.16262",
    "0.05128",
    "0.85411",
    "0.53962",
    "0.70175",
    "0.05909",
    "0.95568",
    "0.85997",
    "0.86583",
    "0.19192",
    "0.68221",
    "0.30521",
    "0.65487",
    "0.44976",
    "0.03370",
    "0.87560",
    "0.06886",
    "0.83262",
    "0.01026",
    "0.57087",
    "0.10792",
    "0.34037",
    "0.61189",
    "0.39116",
    "0.77207",
    "0.97326",
    "0.83848",
    "0.33647",
    "0.06104",
    "0.73105",
    "0.69003",
    "0.40679",
    "0.97522",
    "0.61384",
    "0.16652",
    "0.60212",
    "0.51422",
    "0.62166",
    "0.26810",
    "0.92248",
    "0.67831",
    "0.75449",
    "0.99475",
    "0.36772",
    "0.46734",
    "0.01221",
    "0.34623",
    "0.93810",
    "0.88146",
    "0.39507",
    "0.32279",
    "0.63338",
    "0.92052",
    "0.90294",
    "0.92443",
    "0.45367",
    "0.58454",
    "0.53571",
    "0.15090",
    "0.39897",
    "0.87364",
    "0.29349",
    "0.00244",
    "0.46930",
    "0.78769",
    "0.17629",
    "0.47906",
    "0.66463",
    "0.32670",
    "0.18410",
    "0.58064",
    "0.98498",
    "0.49078",
    "0.31693",
    "0.30717",
    "0.43023",
    "0.27982",
    "0.57478",
    "0.65877",
    "0.00049",
    "0.69393",
    "0.95764",
    "0.63533",
    "0.69589",
    "0.73300",
    "0.46539",
    "0.23685",
    "0.51618",
    "0.39702",
    "0.09816",
    "0.46344",
    "0.46148",
    "0.68612",
    "0.85606",
    "0.31498",
    "0.53180",
    "0.60017",
    "0.73886",
    "0.79160",
    "0.72714",
    "0.13918",
    "0.74667",
    "0.89318",
    "0.04737",
    "0.30326",
    "0.87950",
    "0.61970",
    "0.49274",
    "0.09230",
    "0.13722",
    "0.97131",
    "0.06300",
    "0.50641",
    "0.52008",
    "0.94787",
    "0.75839",
    "0.54548",
    "0.02784",
    "0.54938",
    "0.57868",
    "0.20950",
    "0.66073",
    "0.77597",
    "0.52399",
    "0.49860",
    "0.41851",
    "0.62752",
    "0.59431",
    "0.41265",
    "0.30131",
    "0.10402",
    "0.78965",
    "0.95178",
    "0.30912",
    "0.20559",
    "0.10988",
    "0.11574",
    "0.44195",
    "0.93224",
    "0.55524",
    "0.90490",
    "0.69979",
    "0.28373",
    "0.12550",
    "0.31889",
    "0.08253",
    "0.26029",
    "0.82090",
    "0.35795",
    "0.59040",
    "0.86192",
    "0.64119",
    "0.02198",
    "0.22317",
    "0.08839",
    "0.58650",
    "0.31107",
    "0.98108",
    "0.94006",
    "0.65682",
    "0.22513",
    "0.86387",
    "0.41655",
    "0.85215",
    "0.76425",
    "0.87169"
  ]
}