{
  "metodo": "multiplicativo",
  "X0": 75954,
  "k": 225,
  "g": 17,
  "iteraciones": 200,
  "numeros": [
    "0.96688",
    "0.20607",
    "0.95626",
    "0.03676",
    "0.34896",
    "0.86062",
    "0.40279",
    "0.02919",
    "0.68807",
    "0.95657",
    "0.58761",
    "0.61928",
    "0.79671",
    "0.05641",
    "0.82320",
    "0.86953",
    "0.48738",
    "0.72268",
    "0.42208",
    "0.84243",
    "0.57259",
    "0.51784",
    "0.69674",
    "0.60048",
    "0.86483",
    "0.00441",
    "0.95968",
    "0.20619",
    "0.17659",
    "0.74489",
    "0.52340",
    "0.72207",
    "0.32039",
    "0.30178",
    "0.70040",
    "0.21059",
    "0.10872",
    "0.23757",
    "0.80318",
    "0.73427",
    "0.35408",
    "0.11476",
    "0.14424",
    "0.35561",
    "0.86898",
    "0.49587",
    "0.03609",
    "0.13710",
    "0.46590",
    "0.94338",
    "0.79122",
    "0.14125",
    "0.95736",
    "0.01979",
    "0.72213",
    "0.43056",
    "0.15584",
    "0.28762",
    "0.14131",
    "0.06752",
    "0.87386",
    "0.30934",
    "0.36129",
    "0.11464",
    "0.92391",
    "0.64748",
    "0.69454",
    "0.63442",
    "0.11849",
    "0.86452",
    "0.45357",
    "0.68935",
    "0.27010",
    "0.52297",
    "0.95089",
    "0.34194",
    "0.19124",
    "0.18532",
    "0.49898",
    "0.65468",
    "0.69442",
    "0.41408",
    "0.41036",
    "0.69008",
    "0.59212",
    "0.77175",
    "0.99752",
    "0.51064",
    "0.69686",
    "0.82082",
    "0.57296",
    "0.17885",
    "0.82113",
    "0.12380",
    "0.44918",
    "0.75722",
    "0.77743",
    "0.24318",
    "0.93868",
    "0.30825",
    "0.37825",
    "0.74148",
    "0.35396",
    "0.89443",
    "0.43611",
    "0.18117",
    "0.00752",
    "0.57827",
    "0.76351",
    "0.12477",
    "0.21187",
    "0.42226",
    "0.17293",
    "0.13478",
    "0.27950",
    "0.48891",
    "0.47689",
    "0.77370",
    "0.52291",
    "0.84072",
    "0.48787",
    "0.60402",
    "0.25459",
    "0.54018",
    "0.01839",
    "0.18825",
    "0.78707",
    "0.64980",
    "0.88094",
    "0.08888",
    "0.43282",
    "0.23207",
    "0.88802",
    "0.86843",
    "0.50435",
    "0.34951",
    "0.85213",
    "0.08937",
    "0.31417",
    "0.06459",
    "0.58577",
    "0.31423",
    "0.17476",
    "0.43984",
    "0.90145",
    "0.10548",
    "0.39864",
    "0.53774",
    "0.61165",
    "0.02565",
    "0.29830",
    "0.42079",
    "0.52889",
    "0.63723",
    "0.18623",
    "0.15151",
    "0.46566",
    "0.50270",
    "0.37496",
    "0.79238",
    "0.23445",
    "0.18459",
    "0.17696",
    "0.40590",
    "0.64779",
    "0.24538",
    "0.90475",
    "0.05458",
    "0.51815",
    "0.24758",
    "0.87081",
    "0.80092",
    "0.65804",
    "0.75368",
    "0.38765",
    "0.70742",
    "0.87997",
    "0.32619",
    "0.76778",
    "0.83657",
    "0.99642",
    "0.52761",
    "0.32369",
    "0.25087",
    "0.81991",
    "0.92043",
    "0.36788",
    "0.01283",
    "0.16292",
    "0.06715",
    "0.21285",
    "0.18495",
    "0.83797",
    "0.53029",
    "0.17110",
    "0.82973",
    "0.65755",
    "0.87234",
    "0.55513",
    "0.00966"
  ]
}