{
  "metodo": "multiplicativo",
  "X0": 45950,
  "k": 115,
  "g": 19,
  "iteraciones": 200,
  "numeros": [
    "0.06947",
    "0.25924",
    "0.79979",
    "0.80169",
    "0.56599",
    "0.54117",
    "0.57707",
    "0.78821",
    "0.08888",
    "0.21273",
    "0.77916",
    "0.71905",
    "0.12251",
    "0.32083",
    "0.76542",
    "0.01611",
    "0.90126",
    "0.66232",
    "0.64525",
    "0.85126",
    "0.40950",
    "0.78409",
    "0.27800",
    "0.14636",
    "0.38160",
    "0.98300",
    "0.27305",
    "0.57330",
    "0.30195",
    "0.30594",
    "0.98979",
    "0.55395",
    "0.40492",
    "0.54977",
    "0.53758",
    "0.26019",
    "0.67488",
    "0.26138",
    "0.77580",
    "0.61389",
    "0.84620",
    "0.73764",
    "0.31382",
    "0.28692",
    "0.40327",
    "0.02542",
    "0.51103",
    "0.70117",
    "0.58046",
    "0.92160",
    "0.47679",
    "0.02850",
    "0.36213",
    "0.97305",
    "0.07048",
    "0.19079",
    "0.48268",
    "0.47665",
    "0.90147",
    "0.85992",
    "0.42646",
    "0.47928",
    "0.32914",
    "0.45776",
    "0.42787",
    "0.77780",
    "0.46287",
    "0.15619",
    "0.47126",
    "0.91910",
    "0.16203",
    "0.87707",
    "0.29103",
    "0.20004",
    "0.03599",
    "0.29229",
    "0.37153",
    "0.66751",
    "0.44413",
    "0.82373",
    "0.94716",
    "0.11837",
    "0.49583",
    "0.64325",
    "0.00227",
    "0.09951",
    "0.05046",
    "0.67273",
    "0.27125",
    "0.90780",
    "0.71739",
    "0.58404",
    "0.23848",
    "0.59012",
    "0.85600",
    "0.79907",
    "0.13832",
    "0.94333",
    "0.57567",
    "0.48968",
    "0.95515",
    "0.51431",
    "0.73576",
    "0.57776",
    "0.42335",
    "0.59994",
    "0.94566",
    "0.73517",
    "0.02729",
    "0.24710",
    "0.56474",
    "0.38379",
    "0.00135",
    "0.25265",
    "0.70237",
    "0.69549",
    "0.32991",
    "0.16348",
    "0.21794",
    "0.59216",
    "0.74733",
    "0.27646",
    "0.72081",
    "0.74566",
    "0.73799",
    "0.63846",
    "0.57036",
    "0.57788",
    "0.53627",
    "0.04635",
    "0.87596",
    "0.26068",
    "0.12654",
    "0.04702",
    "0.49699",
    "0.71594",
    "0.24318",
    "0.93735",
    "0.04283",
    "0.61554",
    "0.37056",
    "0.76419",
    "0.87285",
    "0.38134",
    "0.74305",
    "0.32443",
    "0.09642",
    "0.18524",
    "0.34504",
    "0.16494",
    "0.57292",
    "0.94909",
    "0.91090",
    "0.58261",
    "0.91173",
    "0.34478",
    "0.92500",
    "0.62430",
    "0.47221",
    "0.79419",
    "0.62172",
    "0.08688",
    "0.36375",
    "0.46917",
    "0.98543",
    "0.51724",
    "0.44572",
    "0.29162",
    "0.75050",
    "0.21225",
    "0.32750",
    "0.93341",
    "0.40132",
    "0.21878",
    "0.36845",
    "0.81640",
    "0.17225",
    "0.33371",
    "0.67796",
    "0.11248",
    "0.04768",
    "0.10391",
    "0.11540",
    "0.74353",
    "0.76198",
    "0.82626",
    "0.29014",
    "0.38141",
    "0.79951",
    "0.54764",
    "0.56157",
    "0.44800",
    "0.39467",
    "0.06491",
    "0.03904",
    "0.11517",
    "0.53181",
    "0.92496",
    "0.58195",
    "0.30481"
  ]
}