{
  "X0": 93461,
  "k": 123,
  "g": 15,
  "iteraciones": 200,
  "numeros": [
    0.82915,
    0.01162,
    0.49931,
    0.80584,
    0.95269,
    0.1879,
    0.82988,
    0.73601,
    0.89654,
    0.65324,
    0.04324,
    0.76775,
    0.28568,
    0.53263,
    0.76445,
    0.02603,
    0.74517,
    0.9511,
    0.61845,
    0.63591,
    0.89996,
    0.0336,
    0.23026,
    0.72234,
    0.37504,
    0.9052,
    0.22489,
    0.41032,
    0.79546,
    0.69084,
    0.22733,
    0.82488,
    0.78618,
    0.51554,
    0.8626,
    0.09097,
    0.97222,
    0.50431,
    0.75566,
    0.33365,
    0.97857,
    0.78215,
    0.53154,
    0.6779,
    0.43021,
    0.47404,
    0.81524,
    0.24869,
    0.9522,
    0.705,
    0.23172,
    0.17105,
    0.16946,
    0.60002,
    0.40604,
    0.56999,
    0.70708,
    0.28409,
    0.96319,
    0.57048,
    0.18997,
    0.88225,
    0.52812,
    0.29752,
    0.2432,
    0.51945,
    0.72588,
    0.87615,
    0.49174,
    0.32071,
    0.18143,
    0.43131,
    0.56059,
    0.41105,
    0.51982,
    0.08804,
    0.07473,
    0.91546,
    0.366,
    0.97137,
    0.65923,
    0.95892,
    0.34501,
    0.20621,
    0.93902,
    0.66643,
    0.08182,
    0.91766,
    0.5391,
    0.16299,
    0.20145,
    0.23062,
    0.0845,
    0.57365,
    0.32889,
    0.27018,
    0.20023,
    0.02334,
    0.08914,
    0.16129,
    0.51127,
    0.63713,
    0.10721,
    0.02896,
    0.64262,
    0.53996,
    0.00808,
    0.99822,
    0.21927,
    0.85686,
    0.41679,
    0.194,
    0.86626,
    0.71282,
    0.95831,
    0.74138,
    0.20853,
    0.23282,
    0.2576,
    0.76531,
    0.87115,
    0.54191,
    0.93975,
    0.39078,
    0.47904,
    0.76506,
    0.62968,
    0.74285,
    0.65727,
    0.02725,
    0.95245,
    0.94647,
    0.03079,
    0.45353,
    0.533,
    0.12662,
    0.22464,
    0.16885,
    0.99639,
    0.40836,
    0.86382,
    0.29825,
    0.96758,
    0.91668,
    0.57329,
    0.96673,
    0.07156,
    0.77654,
    0.97808,
    0.29923,
    0.9334,
    0.11294,
    0.70317,
    0.42081,
    0.17801,
    0.05093,
    0.37357,
    0.45646,
    0.43046,
    0.7155,
    0.6143,
    0.53117,
    0.31571,
    0.2316,
    0.05032,
    0.76995,
    0.45878,
    0.72429,
    0.30668,
    0.29776,
    0.48466,
    0.31852,
    0.00833,
    0.23966,
    0.01834,
    0.13931,
    0.78032,
    0.72063,
    0.68486,
    0.31168,
    0.24759,
    0.86565,
    0.10916,
    0.96063,
    0.03518,
    0.79973,
    0.91631,
    0.21109,
    0.76812,
    0.64787,
    0.73125,
    0.18814,
    0.07132,
    0.53508,
    0.17899,
    0.01675,
    0.56987,
    0.58635,
    0.88457,
    0.82195
  ]
}